Files already downloaded and verified
Files already downloaded and verified
MyModel(
  (conv1): Conv2d(3, 32, kernel_size=(3, 3), stride=(1, 1), padding=(1, 1))
  (bn1): BatchNorm2d(32, eps=1e-05, momentum=0.1, affine=True, track_running_stats=True)
  (conv2): Conv2d(32, 64, kernel_size=(3, 3), stride=(1, 1), padding=(1, 1))
  (bn2): BatchNorm2d(64, eps=1e-05, momentum=0.1, affine=True, track_running_stats=True)
  (conv3): Conv2d(64, 128, kernel_size=(3, 3), stride=(1, 1), padding=(1, 1))
  (bn3): BatchNorm2d(128, eps=1e-05, momentum=0.1, affine=True, track_running_stats=True)
  (relu): ReLU()
  (pool): MaxPool2d(kernel_size=2, stride=2, padding=0, dilation=1, ceil_mode=False)
  (fc1): Linear(in_features=2048, out_features=256, bias=True)
  (dropout): Dropout(p=0.5, inplace=False)
  (fc2): Linear(in_features=256, out_features=10, bias=True)
)
Epoch: [0][0/391]	Time 0.091 (0.091)	Loss 2.3366 (2.3366)	Prec @1 0.1016 (0.1016)	
Epoch: [0][10/391]	Time 0.062 (0.066)	Loss 2.2037 (2.2543)	Prec @1 0.1406 (0.1499)	
Epoch: [0][20/391]	Time 0.049 (0.061)	Loss 2.0304 (2.1640)	Prec @1 0.2656 (0.1879)	
Epoch: [0][30/391]	Time 0.055 (0.059)	Loss 1.8182 (2.0956)	Prec @1 0.2734 (0.2122)	
Epoch: [0][40/391]	Time 0.051 (0.058)	Loss 1.7873 (2.0402)	Prec @1 0.3125 (0.2338)	
Epoch: [0][50/391]	Time 0.051 (0.057)	Loss 1.8860 (2.0040)	Prec @1 0.3125 (0.2469)	
Epoch: [0][60/391]	Time 0.075 (0.058)	Loss 1.7056 (1.9667)	Prec @1 0.3828 (0.2605)	
Epoch: [0][70/391]	Time 0.061 (0.059)	Loss 1.6539 (1.9400)	Prec @1 0.3438 (0.2712)	
Epoch: [0][80/391]	Time 0.072 (0.059)	Loss 1.7618 (1.9158)	Prec @1 0.3203 (0.2795)	
Epoch: [0][90/391]	Time 0.059 (0.059)	Loss 1.6391 (1.8906)	Prec @1 0.3203 (0.2872)	
Epoch: [0][100/391]	Time 0.070 (0.058)	Loss 1.7045 (1.8719)	Prec @1 0.3203 (0.2947)	
Epoch: [0][110/391]	Time 0.060 (0.058)	Loss 1.6433 (1.8596)	Prec @1 0.3516 (0.2991)	
Epoch: [0][120/391]	Time 0.057 (0.058)	Loss 1.5699 (1.8458)	Prec @1 0.4062 (0.3057)	
Epoch: [0][130/391]	Time 0.047 (0.058)	Loss 1.5878 (1.8317)	Prec @1 0.3828 (0.3123)	
Epoch: [0][140/391]	Time 0.049 (0.058)	Loss 1.6697 (1.8174)	Prec @1 0.3984 (0.3177)	
Epoch: [0][150/391]	Time 0.057 (0.057)	Loss 1.6136 (1.8000)	Prec @1 0.4141 (0.3250)	
Epoch: [0][160/391]	Time 0.051 (0.057)	Loss 1.5543 (1.7880)	Prec @1 0.4219 (0.3302)	
Epoch: [0][170/391]	Time 0.050 (0.058)	Loss 1.6367 (1.7755)	Prec @1 0.3906 (0.3366)	
Epoch: [0][180/391]	Time 0.065 (0.058)	Loss 1.6457 (1.7662)	Prec @1 0.3750 (0.3402)	
Epoch: [0][190/391]	Time 0.069 (0.058)	Loss 1.5629 (1.7560)	Prec @1 0.4453 (0.3433)	
Epoch: [0][200/391]	Time 0.109 (0.059)	Loss 1.5575 (1.7444)	Prec @1 0.3906 (0.3469)	
Epoch: [0][210/391]	Time 0.098 (0.061)	Loss 1.5892 (1.7355)	Prec @1 0.4531 (0.3514)	
Epoch: [0][220/391]	Time 0.088 (0.063)	Loss 1.6112 (1.7288)	Prec @1 0.3750 (0.3545)	
Epoch: [0][230/391]	Time 0.084 (0.064)	Loss 1.5628 (1.7212)	Prec @1 0.4062 (0.3573)	
Epoch: [0][240/391]	Time 0.083 (0.065)	Loss 1.5519 (1.7129)	Prec @1 0.4453 (0.3603)	
Epoch: [0][250/391]	Time 0.084 (0.066)	Loss 1.4634 (1.7037)	Prec @1 0.3984 (0.3637)	
Epoch: [0][260/391]	Time 0.079 (0.066)	Loss 1.5010 (1.7007)	Prec @1 0.4531 (0.3647)	
Epoch: [0][270/391]	Time 0.099 (0.067)	Loss 1.4156 (1.6945)	Prec @1 0.4922 (0.3679)	
Epoch: [0][280/391]	Time 0.088 (0.068)	Loss 1.3749 (1.6882)	Prec @1 0.3906 (0.3701)	
Epoch: [0][290/391]	Time 0.112 (0.069)	Loss 1.4187 (1.6801)	Prec @1 0.4531 (0.3737)	
Epoch: [0][300/391]	Time 0.078 (0.070)	Loss 1.6020 (1.6753)	Prec @1 0.3828 (0.3762)	
Epoch: [0][310/391]	Time 0.083 (0.071)	Loss 1.3276 (1.6685)	Prec @1 0.4688 (0.3784)	
Epoch: [0][320/391]	Time 0.146 (0.072)	Loss 1.4583 (1.6640)	Prec @1 0.4375 (0.3806)	
Epoch: [0][330/391]	Time 0.087 (0.072)	Loss 1.2512 (1.6582)	Prec @1 0.5547 (0.3835)	
Epoch: [0][340/391]	Time 0.094 (0.073)	Loss 1.4274 (1.6546)	Prec @1 0.4609 (0.3852)	
Epoch: [0][350/391]	Time 0.085 (0.073)	Loss 1.4005 (1.6499)	Prec @1 0.4531 (0.3866)	
Epoch: [0][360/391]	Time 0.078 (0.073)	Loss 1.3688 (1.6435)	Prec @1 0.4609 (0.3890)	
Epoch: [0][370/391]	Time 0.101 (0.074)	Loss 1.5757 (1.6398)	Prec @1 0.3984 (0.3899)	
Epoch: [0][380/391]	Time 0.096 (0.074)	Loss 1.4637 (1.6345)	Prec @1 0.4609 (0.3921)	
Epoch: [0][390/391]	Time 0.070 (0.075)	Loss 1.5774 (1.6302)	Prec @1 0.4750 (0.3943)	
Epoch: [0][0/100]	Time 0.045 (0.045)	
Epoch: [0][10/100]	Time 0.026 (0.034)	
Epoch: [0][20/100]	Time 0.030 (0.032)	
Epoch: [0][30/100]	Time 0.030 (0.031)	
Epoch: [0][40/100]	Time 0.033 (0.031)	
Epoch: [0][50/100]	Time 0.030 (0.031)	
Epoch: [0][60/100]	Time 0.029 (0.031)	
Epoch: [0][70/100]	Time 0.033 (0.031)	
Epoch: [0][80/100]	Time 0.030 (0.031)	
Epoch: [0][90/100]	Time 0.031 (0.031)	
Accuracy of Class 0: 0.5800
Accuracy of Class 1: 0.6670
Accuracy of Class 2: 0.2780
Accuracy of Class 3: 0.2100
Accuracy of Class 4: 0.4450
Accuracy of Class 5: 0.7710
Accuracy of Class 6: 0.6770
Accuracy of Class 7: 0.5080
Accuracy of Class 8: 0.7390
Accuracy of Class 9: 0.3170
* Prec @1: 0.5192
Epoch: [1][0/391]	Time 0.099 (0.099)	Loss 1.3446 (1.3446)	Prec @1 0.4453 (0.4453)	
Epoch: [1][10/391]	Time 0.083 (0.097)	Loss 1.4165 (1.3869)	Prec @1 0.4766 (0.4837)	
Epoch: [1][20/391]	Time 0.111 (0.108)	Loss 1.2475 (1.3986)	Prec @1 0.5625 (0.4847)	
Epoch: [1][30/391]	Time 0.110 (0.105)	Loss 1.4200 (1.3931)	Prec @1 0.4297 (0.4839)	
Epoch: [1][40/391]	Time 0.092 (0.102)	Loss 1.3209 (1.3854)	Prec @1 0.4844 (0.4893)	
Epoch: [1][50/391]	Time 0.098 (0.101)	Loss 1.3381 (1.3841)	Prec @1 0.4844 (0.4881)	
Epoch: [1][60/391]	Time 0.090 (0.103)	Loss 1.4264 (1.3773)	Prec @1 0.4688 (0.4942)	
Epoch: [1][70/391]	Time 0.104 (0.103)	Loss 1.3528 (1.3754)	Prec @1 0.5312 (0.4926)	
Epoch: [1][80/391]	Time 0.077 (0.102)	Loss 1.2815 (1.3832)	Prec @1 0.5000 (0.4918)	
Epoch: [1][90/391]	Time 0.088 (0.101)	Loss 1.3886 (1.3778)	Prec @1 0.4844 (0.4954)	
Epoch: [1][100/391]	Time 0.112 (0.101)	Loss 1.3261 (1.3710)	Prec @1 0.5859 (0.4997)	
Epoch: [1][110/391]	Time 0.086 (0.100)	Loss 1.2762 (1.3674)	Prec @1 0.5859 (0.5013)	
Epoch: [1][120/391]	Time 0.092 (0.101)	Loss 1.4703 (1.3641)	Prec @1 0.4766 (0.5013)	
Epoch: [1][130/391]	Time 0.097 (0.101)	Loss 1.3864 (1.3593)	Prec @1 0.4453 (0.5033)	
Epoch: [1][140/391]	Time 0.118 (0.101)	Loss 1.3818 (1.3579)	Prec @1 0.4922 (0.5031)	
Epoch: [1][150/391]	Time 0.113 (0.101)	Loss 1.3418 (1.3541)	Prec @1 0.6016 (0.5055)	
Epoch: [1][160/391]	Time 0.102 (0.101)	Loss 1.3149 (1.3492)	Prec @1 0.5391 (0.5066)	
Epoch: [1][170/391]	Time 0.098 (0.101)	Loss 1.1916 (1.3454)	Prec @1 0.5078 (0.5067)	
Epoch: [1][180/391]	Time 0.110 (0.102)	Loss 1.3854 (1.3441)	Prec @1 0.5312 (0.5086)	
Epoch: [1][190/391]	Time 0.109 (0.103)	Loss 1.3916 (1.3445)	Prec @1 0.4531 (0.5087)	
Epoch: [1][200/391]	Time 0.107 (0.103)	Loss 1.3490 (1.3427)	Prec @1 0.5156 (0.5094)	
Epoch: [1][210/391]	Time 0.099 (0.103)	Loss 1.4218 (1.3415)	Prec @1 0.4922 (0.5100)	
Epoch: [1][220/391]	Time 0.093 (0.103)	Loss 1.4510 (1.3383)	Prec @1 0.5156 (0.5118)	
Epoch: [1][230/391]	Time 0.078 (0.104)	Loss 1.4202 (1.3366)	Prec @1 0.4609 (0.5126)	
Epoch: [1][240/391]	Time 0.098 (0.104)	Loss 1.2960 (1.3353)	Prec @1 0.5078 (0.5131)	
Epoch: [1][250/391]	Time 0.104 (0.103)	Loss 1.2226 (1.3310)	Prec @1 0.5469 (0.5148)	
Epoch: [1][260/391]	Time 0.101 (0.103)	Loss 1.2262 (1.3282)	Prec @1 0.5312 (0.5149)	
Epoch: [1][270/391]	Time 0.099 (0.103)	Loss 1.2577 (1.3263)	Prec @1 0.5312 (0.5161)	
Epoch: [1][280/391]	Time 0.095 (0.103)	Loss 1.3385 (1.3253)	Prec @1 0.4922 (0.5163)	
Epoch: [1][290/391]	Time 0.098 (0.102)	Loss 1.3357 (1.3234)	Prec @1 0.5156 (0.5172)	
Epoch: [1][300/391]	Time 0.115 (0.102)	Loss 1.1742 (1.3209)	Prec @1 0.5391 (0.5182)	
Epoch: [1][310/391]	Time 0.080 (0.102)	Loss 1.3470 (1.3171)	Prec @1 0.5391 (0.5192)	
Epoch: [1][320/391]	Time 0.108 (0.102)	Loss 1.3313 (1.3161)	Prec @1 0.5078 (0.5204)	
Epoch: [1][330/391]	Time 0.088 (0.102)	Loss 1.2787 (1.3145)	Prec @1 0.4922 (0.5207)	
Epoch: [1][340/391]	Time 0.107 (0.102)	Loss 1.2204 (1.3113)	Prec @1 0.5234 (0.5217)	
Epoch: [1][350/391]	Time 0.092 (0.102)	Loss 1.3806 (1.3091)	Prec @1 0.5000 (0.5228)	
Epoch: [1][360/391]	Time 0.087 (0.101)	Loss 1.2015 (1.3066)	Prec @1 0.5938 (0.5240)	
Epoch: [1][370/391]	Time 0.098 (0.101)	Loss 1.1791 (1.3055)	Prec @1 0.5547 (0.5243)	
Epoch: [1][380/391]	Time 0.108 (0.102)	Loss 1.2521 (1.3049)	Prec @1 0.4844 (0.5243)	
Epoch: [1][390/391]	Time 0.090 (0.102)	Loss 1.0304 (1.3033)	Prec @1 0.6250 (0.5250)	
Epoch: [1][0/100]	Time 0.043 (0.043)	
Epoch: [1][10/100]	Time 0.033 (0.035)	
Epoch: [1][20/100]	Time 0.034 (0.032)	
Epoch: [1][30/100]	Time 0.042 (0.035)	
Epoch: [1][40/100]	Time 0.029 (0.035)	
Epoch: [1][50/100]	Time 0.030 (0.034)	
Epoch: [1][60/100]	Time 0.023 (0.033)	
Epoch: [1][70/100]	Time 0.031 (0.033)	
Epoch: [1][80/100]	Time 0.035 (0.033)	
Epoch: [1][90/100]	Time 0.047 (0.034)	
Accuracy of Class 0: 0.7580
Accuracy of Class 1: 0.7760
Accuracy of Class 2: 0.3620
Accuracy of Class 3: 0.2390
Accuracy of Class 4: 0.5330
Accuracy of Class 5: 0.6820
Accuracy of Class 6: 0.6010
Accuracy of Class 7: 0.8450
Accuracy of Class 8: 0.5450
Accuracy of Class 9: 0.7380
* Prec @1: 0.6079
Epoch: [2][0/391]	Time 0.101 (0.101)	Loss 1.1392 (1.1392)	Prec @1 0.6406 (0.6406)	
Epoch: [2][10/391]	Time 0.116 (0.106)	Loss 1.5150 (1.2165)	Prec @1 0.5312 (0.5646)	
Epoch: [2][20/391]	Time 0.103 (0.111)	Loss 1.1394 (1.2096)	Prec @1 0.5703 (0.5699)	
Epoch: [2][30/391]	Time 0.123 (0.111)	Loss 1.2772 (1.2258)	Prec @1 0.5156 (0.5610)	
Epoch: [2][40/391]	Time 0.086 (0.109)	Loss 1.1200 (1.2079)	Prec @1 0.5938 (0.5682)	
Epoch: [2][50/391]	Time 0.098 (0.110)	Loss 1.1370 (1.2048)	Prec @1 0.6016 (0.5695)	
Epoch: [2][60/391]	Time 0.094 (0.108)	Loss 1.0590 (1.1950)	Prec @1 0.5469 (0.5701)	
Epoch: [2][70/391]	Time 0.103 (0.107)	Loss 1.2396 (1.1928)	Prec @1 0.5781 (0.5705)	
Epoch: [2][80/391]	Time 0.108 (0.106)	Loss 1.1230 (1.1965)	Prec @1 0.5938 (0.5694)	
Epoch: [2][90/391]	Time 0.079 (0.105)	Loss 0.9407 (1.1890)	Prec @1 0.6797 (0.5724)	
Epoch: [2][100/391]	Time 0.084 (0.104)	Loss 1.1747 (1.1895)	Prec @1 0.5938 (0.5719)	
Epoch: [2][110/391]	Time 0.086 (0.102)	Loss 1.2563 (1.1942)	Prec @1 0.5547 (0.5697)	
Epoch: [2][120/391]	Time 0.083 (0.101)	Loss 1.2777 (1.1937)	Prec @1 0.5391 (0.5697)	
Epoch: [2][130/391]	Time 0.082 (0.100)	Loss 1.1678 (1.1945)	Prec @1 0.6094 (0.5698)	
Epoch: [2][140/391]	Time 0.055 (0.098)	Loss 1.1326 (1.1907)	Prec @1 0.6172 (0.5726)	
Epoch: [2][150/391]	Time 0.050 (0.095)	Loss 1.2765 (1.1926)	Prec @1 0.5469 (0.5719)	
Epoch: [2][160/391]	Time 0.049 (0.092)	Loss 1.2209 (1.1918)	Prec @1 0.5938 (0.5728)	
Epoch: [2][170/391]	Time 0.050 (0.090)	Loss 1.2861 (1.1876)	Prec @1 0.5391 (0.5741)	
Epoch: [2][180/391]	Time 0.049 (0.088)	Loss 1.2685 (1.1867)	Prec @1 0.5312 (0.5743)	
Epoch: [2][190/391]	Time 0.059 (0.086)	Loss 1.0939 (1.1834)	Prec @1 0.5781 (0.5752)	
Epoch: [2][200/391]	Time 0.050 (0.084)	Loss 1.0719 (1.1849)	Prec @1 0.6172 (0.5752)	
Epoch: [2][210/391]	Time 0.056 (0.082)	Loss 1.3077 (1.1859)	Prec @1 0.5859 (0.5748)	
Epoch: [2][220/391]	Time 0.045 (0.081)	Loss 1.2439 (1.1871)	Prec @1 0.5859 (0.5746)	
Epoch: [2][230/391]	Time 0.050 (0.080)	Loss 1.1031 (1.1852)	Prec @1 0.6016 (0.5751)	
Epoch: [2][240/391]	Time 0.051 (0.078)	Loss 1.0810 (1.1848)	Prec @1 0.6562 (0.5758)	
Epoch: [2][250/391]	Time 0.052 (0.077)	Loss 1.2764 (1.1835)	Prec @1 0.5391 (0.5762)	
Epoch: [2][260/391]	Time 0.054 (0.076)	Loss 1.1574 (1.1824)	Prec @1 0.5859 (0.5764)	
Epoch: [2][270/391]	Time 0.050 (0.075)	Loss 0.8959 (1.1792)	Prec @1 0.6484 (0.5775)	
Epoch: [2][280/391]	Time 0.044 (0.074)	Loss 1.0257 (1.1757)	Prec @1 0.6016 (0.5783)	
Epoch: [2][290/391]	Time 0.050 (0.074)	Loss 1.2002 (1.1750)	Prec @1 0.6172 (0.5785)	
Epoch: [2][300/391]	Time 0.049 (0.073)	Loss 1.2197 (1.1734)	Prec @1 0.5000 (0.5791)	
Epoch: [2][310/391]	Time 0.059 (0.072)	Loss 1.1402 (1.1718)	Prec @1 0.5781 (0.5795)	
Epoch: [2][320/391]	Time 0.053 (0.072)	Loss 1.0682 (1.1714)	Prec @1 0.5703 (0.5791)	
Epoch: [2][330/391]	Time 0.076 (0.072)	Loss 1.0297 (1.1691)	Prec @1 0.6562 (0.5797)	
Epoch: [2][340/391]	Time 0.068 (0.071)	Loss 1.1668 (1.1679)	Prec @1 0.5859 (0.5802)	
Epoch: [2][350/391]	Time 0.062 (0.071)	Loss 1.1393 (1.1689)	Prec @1 0.6172 (0.5800)	
Epoch: [2][360/391]	Time 0.063 (0.071)	Loss 0.9680 (1.1674)	Prec @1 0.6719 (0.5806)	
Epoch: [2][370/391]	Time 0.059 (0.071)	Loss 1.2657 (1.1666)	Prec @1 0.5391 (0.5807)	
Epoch: [2][380/391]	Time 0.074 (0.070)	Loss 1.2062 (1.1657)	Prec @1 0.5938 (0.5813)	
Epoch: [2][390/391]	Time 0.050 (0.070)	Loss 1.1932 (1.1644)	Prec @1 0.5500 (0.5818)	
Epoch: [2][0/100]	Time 0.024 (0.024)	
Epoch: [2][10/100]	Time 0.020 (0.020)	
Epoch: [2][20/100]	Time 0.020 (0.019)	
Epoch: [2][30/100]	Time 0.016 (0.019)	
Epoch: [2][40/100]	Time 0.035 (0.020)	
Epoch: [2][50/100]	Time 0.033 (0.021)	
Epoch: [2][60/100]	Time 0.024 (0.022)	
Epoch: [2][70/100]	Time 0.024 (0.022)	
Epoch: [2][80/100]	Time 0.028 (0.023)	
Epoch: [2][90/100]	Time 0.023 (0.023)	
Accuracy of Class 0: 0.8450
Accuracy of Class 1: 0.8980
Accuracy of Class 2: 0.4710
Accuracy of Class 3: 0.4110
Accuracy of Class 4: 0.4570
Accuracy of Class 5: 0.7220
Accuracy of Class 6: 0.7220
Accuracy of Class 7: 0.5670
Accuracy of Class 8: 0.7660
Accuracy of Class 9: 0.5530
* Prec @1: 0.6412
Epoch: [3][0/391]	Time 0.075 (0.075)	Loss 1.0462 (1.0462)	Prec @1 0.6406 (0.6406)	
Epoch: [3][10/391]	Time 0.069 (0.073)	Loss 1.1269 (1.0752)	Prec @1 0.5781 (0.6193)	
Epoch: [3][20/391]	Time 0.067 (0.073)	Loss 1.0670 (1.0953)	Prec @1 0.5859 (0.6109)	
Epoch: [3][30/391]	Time 0.050 (0.071)	Loss 1.1240 (1.1207)	Prec @1 0.6406 (0.6053)	
Epoch: [3][40/391]	Time 0.050 (0.066)	Loss 1.0786 (1.1200)	Prec @1 0.6250 (0.6023)	
Epoch: [3][50/391]	Time 0.053 (0.064)	Loss 1.2023 (1.1284)	Prec @1 0.6250 (0.6014)	
Epoch: [3][60/391]	Time 0.050 (0.062)	Loss 1.0884 (1.1194)	Prec @1 0.6250 (0.6028)	
Epoch: [3][70/391]	Time 0.060 (0.061)	Loss 0.9301 (1.1101)	Prec @1 0.6797 (0.6040)	
Epoch: [3][80/391]	Time 0.059 (0.061)	Loss 1.1312 (1.1093)	Prec @1 0.6250 (0.6046)	
Epoch: [3][90/391]	Time 0.082 (0.065)	Loss 1.0309 (1.1048)	Prec @1 0.6172 (0.6063)	
Epoch: [3][100/391]	Time 0.082 (0.067)	Loss 1.0228 (1.1003)	Prec @1 0.6641 (0.6064)	
Epoch: [3][110/391]	Time 0.084 (0.068)	Loss 1.1075 (1.0989)	Prec @1 0.5547 (0.6074)	
Epoch: [3][120/391]	Time 0.086 (0.069)	Loss 0.9839 (1.1012)	Prec @1 0.6406 (0.6081)	
Epoch: [3][130/391]	Time 0.082 (0.071)	Loss 0.9717 (1.0972)	Prec @1 0.6016 (0.6094)	
Epoch: [3][140/391]	Time 0.078 (0.072)	Loss 1.0538 (1.0972)	Prec @1 0.5625 (0.6079)	
Epoch: [3][150/391]	Time 0.081 (0.073)	Loss 1.1690 (1.0954)	Prec @1 0.5547 (0.6087)	
Epoch: [3][160/391]	Time 0.073 (0.075)	Loss 1.0145 (1.0944)	Prec @1 0.6094 (0.6091)	
Epoch: [3][170/391]	Time 0.082 (0.075)	Loss 1.0533 (1.0987)	Prec @1 0.5391 (0.6068)	
Epoch: [3][180/391]	Time 0.090 (0.076)	Loss 1.0497 (1.0959)	Prec @1 0.6016 (0.6070)	
Epoch: [3][190/391]	Time 0.074 (0.077)	Loss 1.0725 (1.0977)	Prec @1 0.6250 (0.6062)	
Epoch: [3][200/391]	Time 0.095 (0.077)	Loss 1.0370 (1.0951)	Prec @1 0.6094 (0.6074)	
Epoch: [3][210/391]	Time 0.109 (0.078)	Loss 0.8799 (1.0947)	Prec @1 0.6641 (0.6073)	
Epoch: [3][220/391]	Time 0.079 (0.079)	Loss 0.9783 (1.0921)	Prec @1 0.6953 (0.6092)	
Epoch: [3][230/391]	Time 0.104 (0.079)	Loss 1.1067 (1.0919)	Prec @1 0.5781 (0.6087)	
Epoch: [3][240/391]	Time 0.096 (0.080)	Loss 0.9124 (1.0882)	Prec @1 0.6797 (0.6102)	
Epoch: [3][250/391]	Time 0.104 (0.081)	Loss 0.9091 (1.0859)	Prec @1 0.7031 (0.6109)	
Epoch: [3][260/391]	Time 0.084 (0.081)	Loss 1.0767 (1.0841)	Prec @1 0.5859 (0.6116)	
Epoch: [3][270/391]	Time 0.099 (0.081)	Loss 0.9423 (1.0829)	Prec @1 0.7031 (0.6121)	
Epoch: [3][280/391]	Time 0.085 (0.081)	Loss 0.9398 (1.0819)	Prec @1 0.6484 (0.6121)	
Epoch: [3][290/391]	Time 0.084 (0.081)	Loss 0.9843 (1.0805)	Prec @1 0.6016 (0.6128)	
Epoch: [3][300/391]	Time 0.083 (0.082)	Loss 1.0894 (1.0796)	Prec @1 0.6172 (0.6129)	
Epoch: [3][310/391]	Time 0.097 (0.082)	Loss 0.9935 (1.0772)	Prec @1 0.6562 (0.6141)	
Epoch: [3][320/391]	Time 0.093 (0.083)	Loss 1.2358 (1.0755)	Prec @1 0.5938 (0.6151)	
Epoch: [3][330/391]	Time 0.092 (0.083)	Loss 1.1198 (1.0749)	Prec @1 0.5625 (0.6152)	
Epoch: [3][340/391]	Time 0.075 (0.083)	Loss 0.9831 (1.0749)	Prec @1 0.6172 (0.6158)	
Epoch: [3][350/391]	Time 0.080 (0.083)	Loss 1.2343 (1.0734)	Prec @1 0.5938 (0.6163)	
Epoch: [3][360/391]	Time 0.105 (0.083)	Loss 1.1467 (1.0726)	Prec @1 0.5859 (0.6167)	
Epoch: [3][370/391]	Time 0.091 (0.084)	Loss 0.9383 (1.0703)	Prec @1 0.6172 (0.6177)	
Epoch: [3][380/391]	Time 0.082 (0.084)	Loss 1.1427 (1.0696)	Prec @1 0.6172 (0.6185)	
Epoch: [3][390/391]	Time 0.061 (0.084)	Loss 0.9722 (1.0682)	Prec @1 0.6625 (0.6193)	
Epoch: [3][0/100]	Time 0.046 (0.046)	
Epoch: [3][10/100]	Time 0.028 (0.034)	
Epoch: [3][20/100]	Time 0.029 (0.032)	
Epoch: [3][30/100]	Time 0.039 (0.032)	
Epoch: [3][40/100]	Time 0.028 (0.031)	
Epoch: [3][50/100]	Time 0.036 (0.032)	
Epoch: [3][60/100]	Time 0.029 (0.031)	
Epoch: [3][70/100]	Time 0.030 (0.031)	
Epoch: [3][80/100]	Time 0.028 (0.031)	
Epoch: [3][90/100]	Time 0.029 (0.031)	
Accuracy of Class 0: 0.7770
Accuracy of Class 1: 0.9020
Accuracy of Class 2: 0.4560
Accuracy of Class 3: 0.3720
Accuracy of Class 4: 0.6720
Accuracy of Class 5: 0.6710
Accuracy of Class 6: 0.8300
Accuracy of Class 7: 0.7810
Accuracy of Class 8: 0.7490
Accuracy of Class 9: 0.7760
* Prec @1: 0.6986
Epoch: [4][0/391]	Time 0.082 (0.082)	Loss 0.8294 (0.8294)	Prec @1 0.7109 (0.7109)	
Epoch: [4][10/391]	Time 0.120 (0.091)	Loss 0.9228 (1.0344)	Prec @1 0.6953 (0.6342)	
Epoch: [4][20/391]	Time 0.078 (0.086)	Loss 1.0341 (0.9955)	Prec @1 0.5938 (0.6429)	
Epoch: [4][30/391]	Time 0.080 (0.085)	Loss 1.0963 (0.9962)	Prec @1 0.6328 (0.6454)	
Epoch: [4][40/391]	Time 0.073 (0.084)	Loss 0.9398 (0.9888)	Prec @1 0.6953 (0.6412)	
Epoch: [4][50/391]	Time 0.081 (0.088)	Loss 1.0121 (0.9928)	Prec @1 0.6328 (0.6396)	
Epoch: [4][60/391]	Time 0.102 (0.089)	Loss 0.9721 (0.9933)	Prec @1 0.6406 (0.6388)	
Epoch: [4][70/391]	Time 0.103 (0.090)	Loss 0.9619 (0.9985)	Prec @1 0.6484 (0.6382)	
Epoch: [4][80/391]	Time 0.099 (0.091)	Loss 0.9706 (1.0032)	Prec @1 0.6562 (0.6379)	
Epoch: [4][90/391]	Time 0.082 (0.092)	Loss 0.9587 (1.0014)	Prec @1 0.6250 (0.6382)	
Epoch: [4][100/391]	Time 0.094 (0.093)	Loss 0.9830 (1.0029)	Prec @1 0.6016 (0.6376)	
Epoch: [4][110/391]	Time 0.088 (0.093)	Loss 1.1202 (1.0056)	Prec @1 0.5859 (0.6360)	
Epoch: [4][120/391]	Time 0.080 (0.092)	Loss 1.0685 (1.0095)	Prec @1 0.6406 (0.6358)	
Epoch: [4][130/391]	Time 0.087 (0.093)	Loss 0.9220 (1.0085)	Prec @1 0.6719 (0.6359)	
Epoch: [4][140/391]	Time 0.085 (0.092)	Loss 0.8481 (1.0086)	Prec @1 0.7031 (0.6365)	
Epoch: [4][150/391]	Time 0.103 (0.092)	Loss 1.0259 (1.0076)	Prec @1 0.6562 (0.6371)	
Epoch: [4][160/391]	Time 0.104 (0.092)	Loss 0.9326 (1.0096)	Prec @1 0.7031 (0.6371)	
Epoch: [4][170/391]	Time 0.088 (0.092)	Loss 0.9898 (1.0083)	Prec @1 0.6484 (0.6384)	
Epoch: [4][180/391]	Time 0.090 (0.092)	Loss 1.0040 (1.0076)	Prec @1 0.6719 (0.6391)	
Epoch: [4][190/391]	Time 0.087 (0.092)	Loss 1.0469 (1.0089)	Prec @1 0.5703 (0.6379)	
Epoch: [4][200/391]	Time 0.096 (0.092)	Loss 0.9282 (1.0071)	Prec @1 0.6797 (0.6390)	
Epoch: [4][210/391]	Time 0.091 (0.092)	Loss 0.9095 (1.0038)	Prec @1 0.7031 (0.6401)	
Epoch: [4][220/391]	Time 0.089 (0.091)	Loss 0.9154 (1.0060)	Prec @1 0.6250 (0.6395)	
Epoch: [4][230/391]	Time 0.083 (0.091)	Loss 0.9434 (1.0059)	Prec @1 0.6562 (0.6405)	
Epoch: [4][240/391]	Time 0.081 (0.091)	Loss 1.0639 (1.0061)	Prec @1 0.5859 (0.6404)	
Epoch: [4][250/391]	Time 0.085 (0.091)	Loss 0.8923 (1.0072)	Prec @1 0.7031 (0.6402)	
Epoch: [4][260/391]	Time 0.129 (0.091)	Loss 1.0337 (1.0049)	Prec @1 0.6328 (0.6412)	
Epoch: [4][270/391]	Time 0.100 (0.092)	Loss 0.9625 (1.0030)	Prec @1 0.7031 (0.6424)	
Epoch: [4][280/391]	Time 0.085 (0.091)	Loss 0.9477 (1.0007)	Prec @1 0.6719 (0.6428)	
Epoch: [4][290/391]	Time 0.112 (0.091)	Loss 1.1360 (1.0002)	Prec @1 0.6328 (0.6433)	
Epoch: [4][300/391]	Time 0.111 (0.091)	Loss 0.9516 (0.9995)	Prec @1 0.6406 (0.6437)	
Epoch: [4][310/391]	Time 0.091 (0.091)	Loss 0.9224 (1.0002)	Prec @1 0.6719 (0.6435)	
Epoch: [4][320/391]	Time 0.082 (0.091)	Loss 1.0972 (0.9995)	Prec @1 0.5859 (0.6434)	
Epoch: [4][330/391]	Time 0.080 (0.091)	Loss 0.9313 (0.9966)	Prec @1 0.6875 (0.6444)	
Epoch: [4][340/391]	Time 0.096 (0.091)	Loss 1.0169 (0.9967)	Prec @1 0.6172 (0.6447)	
Epoch: [4][350/391]	Time 0.141 (0.091)	Loss 0.8933 (0.9962)	Prec @1 0.7109 (0.6447)	
Epoch: [4][360/391]	Time 0.088 (0.091)	Loss 1.1210 (0.9958)	Prec @1 0.6172 (0.6453)	
Epoch: [4][370/391]	Time 0.078 (0.091)	Loss 0.8538 (0.9938)	Prec @1 0.6797 (0.6458)	
Epoch: [4][380/391]	Time 0.084 (0.091)	Loss 0.9267 (0.9926)	Prec @1 0.6875 (0.6466)	
Epoch: [4][390/391]	Time 0.098 (0.091)	Loss 1.0567 (0.9926)	Prec @1 0.6250 (0.6466)	
Epoch: [4][0/100]	Time 0.031 (0.031)	
Epoch: [4][10/100]	Time 0.034 (0.031)	
Epoch: [4][20/100]	Time 0.031 (0.031)	
Epoch: [4][30/100]	Time 0.040 (0.032)	
Epoch: [4][40/100]	Time 0.040 (0.034)	
Epoch: [4][50/100]	Time 0.036 (0.035)	
Epoch: [4][60/100]	Time 0.034 (0.035)	
Epoch: [4][70/100]	Time 0.035 (0.035)	
Epoch: [4][80/100]	Time 0.034 (0.035)	
Epoch: [4][90/100]	Time 0.033 (0.036)	
Accuracy of Class 0: 0.7460
Accuracy of Class 1: 0.6680
Accuracy of Class 2: 0.5290
Accuracy of Class 3: 0.3940
Accuracy of Class 4: 0.6510
Accuracy of Class 5: 0.6930
Accuracy of Class 6: 0.8810
Accuracy of Class 7: 0.5760
Accuracy of Class 8: 0.8730
Accuracy of Class 9: 0.8950
* Prec @1: 0.6906
Epoch: [5][0/391]	Time 0.097 (0.097)	Loss 0.9020 (0.9020)	Prec @1 0.6562 (0.6562)	
Epoch: [5][10/391]	Time 0.087 (0.093)	Loss 0.9136 (0.9326)	Prec @1 0.7109 (0.6612)	
Epoch: [5][20/391]	Time 0.087 (0.091)	Loss 1.1786 (0.9551)	Prec @1 0.6016 (0.6536)	
Epoch: [5][30/391]	Time 0.082 (0.090)	Loss 0.8183 (0.9694)	Prec @1 0.7344 (0.6459)	
Epoch: [5][40/391]	Time 0.099 (0.090)	Loss 0.8928 (0.9653)	Prec @1 0.6328 (0.6521)	
Epoch: [5][50/391]	Time 0.081 (0.091)	Loss 1.0152 (0.9694)	Prec @1 0.6484 (0.6500)	
Epoch: [5][60/391]	Time 0.102 (0.091)	Loss 1.1185 (0.9639)	Prec @1 0.6719 (0.6550)	
Epoch: [5][70/391]	Time 0.078 (0.091)	Loss 1.2475 (0.9685)	Prec @1 0.5781 (0.6539)	
Epoch: [5][80/391]	Time 0.099 (0.091)	Loss 0.8660 (0.9674)	Prec @1 0.7031 (0.6547)	
Epoch: [5][90/391]	Time 0.093 (0.092)	Loss 0.8907 (0.9648)	Prec @1 0.6875 (0.6564)	
Epoch: [5][100/391]	Time 0.086 (0.092)	Loss 0.8204 (0.9609)	Prec @1 0.6875 (0.6582)	
Epoch: [5][110/391]	Time 0.115 (0.095)	Loss 1.0362 (0.9668)	Prec @1 0.6094 (0.6561)	
Epoch: [5][120/391]	Time 0.188 (0.095)	Loss 1.1193 (0.9683)	Prec @1 0.6172 (0.6561)	
Epoch: [5][130/391]	Time 0.083 (0.095)	Loss 0.9366 (0.9671)	Prec @1 0.6016 (0.6558)	
Epoch: [5][140/391]	Time 0.106 (0.094)	Loss 0.9682 (0.9687)	Prec @1 0.6172 (0.6549)	
Epoch: [5][150/391]	Time 0.111 (0.095)	Loss 1.0321 (0.9677)	Prec @1 0.6016 (0.6556)	
Epoch: [5][160/391]	Time 0.094 (0.095)	Loss 0.9863 (0.9680)	Prec @1 0.6328 (0.6557)	
Epoch: [5][170/391]	Time 0.089 (0.095)	Loss 1.0931 (0.9681)	Prec @1 0.5859 (0.6556)	
Epoch: [5][180/391]	Time 0.084 (0.095)	Loss 0.8883 (0.9656)	Prec @1 0.6719 (0.6562)	
Epoch: [5][190/391]	Time 0.097 (0.095)	Loss 0.8205 (0.9659)	Prec @1 0.7266 (0.6566)	
Epoch: [5][200/391]	Time 0.136 (0.096)	Loss 1.0830 (0.9664)	Prec @1 0.6328 (0.6562)	
Epoch: [5][210/391]	Time 0.079 (0.096)	Loss 0.9036 (0.9648)	Prec @1 0.6328 (0.6575)	
Epoch: [5][220/391]	Time 0.107 (0.096)	Loss 0.8730 (0.9596)	Prec @1 0.6406 (0.6591)	
Epoch: [5][230/391]	Time 0.121 (0.096)	Loss 0.9571 (0.9590)	Prec @1 0.6641 (0.6592)	
Epoch: [5][240/391]	Time 0.092 (0.096)	Loss 0.8997 (0.9579)	Prec @1 0.7188 (0.6600)	
Epoch: [5][250/391]	Time 0.104 (0.096)	Loss 0.9919 (0.9571)	Prec @1 0.6484 (0.6602)	
Epoch: [5][260/391]	Time 0.080 (0.096)	Loss 0.9384 (0.9552)	Prec @1 0.6641 (0.6612)	
Epoch: [5][270/391]	Time 0.087 (0.096)	Loss 1.0435 (0.9548)	Prec @1 0.6719 (0.6614)	
Epoch: [5][280/391]	Time 0.081 (0.096)	Loss 0.8903 (0.9541)	Prec @1 0.6953 (0.6616)	
Epoch: [5][290/391]	Time 0.087 (0.096)	Loss 0.9296 (0.9523)	Prec @1 0.6719 (0.6623)	
Epoch: [5][300/391]	Time 0.108 (0.096)	Loss 1.1547 (0.9529)	Prec @1 0.5938 (0.6628)	
Epoch: [5][310/391]	Time 0.084 (0.096)	Loss 0.9208 (0.9510)	Prec @1 0.6875 (0.6636)	
Epoch: [5][320/391]	Time 0.084 (0.096)	Loss 1.0036 (0.9508)	Prec @1 0.6328 (0.6637)	
Epoch: [5][330/391]	Time 0.086 (0.095)	Loss 0.9461 (0.9503)	Prec @1 0.6641 (0.6640)	
Epoch: [5][340/391]	Time 0.107 (0.096)	Loss 0.9781 (0.9481)	Prec @1 0.6797 (0.6647)	
Epoch: [5][350/391]	Time 0.094 (0.096)	Loss 1.1507 (0.9484)	Prec @1 0.6172 (0.6647)	
Epoch: [5][360/391]	Time 0.106 (0.096)	Loss 0.8815 (0.9473)	Prec @1 0.6719 (0.6648)	
Epoch: [5][370/391]	Time 0.078 (0.096)	Loss 0.8948 (0.9468)	Prec @1 0.6719 (0.6650)	
Epoch: [5][380/391]	Time 0.120 (0.096)	Loss 1.0025 (0.9471)	Prec @1 0.6797 (0.6653)	
Epoch: [5][390/391]	Time 0.058 (0.096)	Loss 0.9531 (0.9477)	Prec @1 0.6750 (0.6652)	
Epoch: [5][0/100]	Time 0.035 (0.035)	
Epoch: [5][10/100]	Time 0.038 (0.034)	
Epoch: [5][20/100]	Time 0.042 (0.035)	
Epoch: [5][30/100]	Time 0.041 (0.036)	
Epoch: [5][40/100]	Time 0.038 (0.038)	
Epoch: [5][50/100]	Time 0.035 (0.039)	
Epoch: [5][60/100]	Time 0.036 (0.038)	
Epoch: [5][70/100]	Time 0.038 (0.038)	
Epoch: [5][80/100]	Time 0.038 (0.038)	
Epoch: [5][90/100]	Time 0.040 (0.038)	
Accuracy of Class 0: 0.8510
Accuracy of Class 1: 0.9410
Accuracy of Class 2: 0.5510
Accuracy of Class 3: 0.4570
Accuracy of Class 4: 0.7230
Accuracy of Class 5: 0.6240
Accuracy of Class 6: 0.7440
Accuracy of Class 7: 0.8180
Accuracy of Class 8: 0.7550
Accuracy of Class 9: 0.7540
* Prec @1: 0.7218
Epoch: [6][0/391]	Time 0.121 (0.121)	Loss 0.8079 (0.8079)	Prec @1 0.7266 (0.7266)	
Epoch: [6][10/391]	Time 0.096 (0.102)	Loss 0.8645 (0.9254)	Prec @1 0.6875 (0.6662)	
Epoch: [6][20/391]	Time 0.105 (0.101)	Loss 0.8856 (0.9033)	Prec @1 0.7109 (0.6726)	
Epoch: [6][30/391]	Time 0.081 (0.099)	Loss 0.8624 (0.8917)	Prec @1 0.7266 (0.6817)	
Epoch: [6][40/391]	Time 0.165 (0.104)	Loss 0.8012 (0.8947)	Prec @1 0.7422 (0.6825)	
Epoch: [6][50/391]	Time 0.087 (0.110)	Loss 0.9074 (0.8978)	Prec @1 0.6250 (0.6798)	
Epoch: [6][60/391]	Time 0.120 (0.111)	Loss 0.7453 (0.8958)	Prec @1 0.7578 (0.6816)	
Epoch: [6][70/391]	Time 0.105 (0.110)	Loss 1.0220 (0.8990)	Prec @1 0.6484 (0.6802)	
Epoch: [6][80/391]	Time 0.102 (0.109)	Loss 1.1345 (0.9001)	Prec @1 0.6250 (0.6828)	
Epoch: [6][90/391]	Time 0.176 (0.113)	Loss 0.7764 (0.8987)	Prec @1 0.7109 (0.6833)	
Epoch: [6][100/391]	Time 0.099 (0.116)	Loss 0.8779 (0.9010)	Prec @1 0.6094 (0.6828)	
Epoch: [6][110/391]	Time 0.102 (0.116)	Loss 0.8829 (0.9024)	Prec @1 0.6719 (0.6819)	
Epoch: [6][120/391]	Time 0.099 (0.115)	Loss 1.0470 (0.9078)	Prec @1 0.6172 (0.6807)	
Epoch: [6][130/391]	Time 0.109 (0.115)	Loss 0.9829 (0.9014)	Prec @1 0.6406 (0.6830)	
Epoch: [6][140/391]	Time 0.105 (0.115)	Loss 1.0575 (0.9023)	Prec @1 0.6094 (0.6823)	
Epoch: [6][150/391]	Time 0.105 (0.114)	Loss 0.8832 (0.9013)	Prec @1 0.6797 (0.6821)	
Epoch: [6][160/391]	Time 0.104 (0.113)	Loss 0.8533 (0.9005)	Prec @1 0.7266 (0.6833)	
Epoch: [6][170/391]	Time 0.102 (0.113)	Loss 0.9822 (0.9053)	Prec @1 0.6875 (0.6822)	
Epoch: [6][180/391]	Time 0.145 (0.113)	Loss 0.9159 (0.9059)	Prec @1 0.6875 (0.6823)	
Epoch: [6][190/391]	Time 0.119 (0.114)	Loss 0.8398 (0.9038)	Prec @1 0.6641 (0.6830)	
Epoch: [6][200/391]	Time 0.113 (0.114)	Loss 1.0601 (0.9021)	Prec @1 0.6562 (0.6835)	
Epoch: [6][210/391]	Time 0.097 (0.114)	Loss 0.8824 (0.9029)	Prec @1 0.6797 (0.6834)	
Epoch: [6][220/391]	Time 0.106 (0.114)	Loss 0.9587 (0.9035)	Prec @1 0.6953 (0.6834)	
Epoch: [6][230/391]	Time 0.111 (0.113)	Loss 0.9018 (0.9036)	Prec @1 0.6875 (0.6838)	
Epoch: [6][240/391]	Time 0.176 (0.114)	Loss 0.8718 (0.9038)	Prec @1 0.6875 (0.6844)	
Epoch: [6][250/391]	Time 0.101 (0.114)	Loss 0.7816 (0.9013)	Prec @1 0.7422 (0.6850)	
Epoch: [6][260/391]	Time 0.093 (0.114)	Loss 0.7824 (0.8989)	Prec @1 0.7266 (0.6859)	
Epoch: [6][270/391]	Time 0.106 (0.113)	Loss 0.8105 (0.8986)	Prec @1 0.7109 (0.6865)	
Epoch: [6][280/391]	Time 0.091 (0.112)	Loss 0.8884 (0.8974)	Prec @1 0.6406 (0.6866)	
Epoch: [6][290/391]	Time 0.094 (0.112)	Loss 0.9190 (0.8969)	Prec @1 0.6719 (0.6864)	
Epoch: [6][300/391]	Time 0.087 (0.111)	Loss 0.8002 (0.8966)	Prec @1 0.7031 (0.6863)	
Epoch: [6][310/391]	Time 0.128 (0.112)	Loss 0.8088 (0.8966)	Prec @1 0.6953 (0.6862)	
Epoch: [6][320/391]	Time 0.108 (0.112)	Loss 0.9569 (0.8959)	Prec @1 0.6562 (0.6866)	
Epoch: [6][330/391]	Time 0.110 (0.111)	Loss 0.8808 (0.8964)	Prec @1 0.7031 (0.6865)	
Epoch: [6][340/391]	Time 0.088 (0.111)	Loss 0.9937 (0.8973)	Prec @1 0.6562 (0.6860)	
Epoch: [6][350/391]	Time 0.084 (0.111)	Loss 0.7989 (0.8976)	Prec @1 0.7031 (0.6863)	
Epoch: [6][360/391]	Time 0.102 (0.110)	Loss 0.8585 (0.8967)	Prec @1 0.7422 (0.6869)	
Epoch: [6][370/391]	Time 0.111 (0.110)	Loss 0.7843 (0.8954)	Prec @1 0.7344 (0.6874)	
Epoch: [6][380/391]	Time 0.111 (0.110)	Loss 0.9007 (0.8949)	Prec @1 0.6875 (0.6872)	
Epoch: [6][390/391]	Time 0.090 (0.110)	Loss 0.8120 (0.8948)	Prec @1 0.7875 (0.6871)	
Epoch: [6][0/100]	Time 0.031 (0.031)	
Epoch: [6][10/100]	Time 0.029 (0.030)	
Epoch: [6][20/100]	Time 0.029 (0.029)	
Epoch: [6][30/100]	Time 0.036 (0.030)	
Epoch: [6][40/100]	Time 0.037 (0.031)	
Epoch: [6][50/100]	Time 0.046 (0.033)	
Epoch: [6][60/100]	Time 0.045 (0.036)	
Epoch: [6][70/100]	Time 0.063 (0.039)	
Epoch: [6][80/100]	Time 0.049 (0.041)	
Epoch: [6][90/100]	Time 0.068 (0.042)	
Accuracy of Class 0: 0.8580
Accuracy of Class 1: 0.9610
Accuracy of Class 2: 0.6850
Accuracy of Class 3: 0.4690
Accuracy of Class 4: 0.5150
Accuracy of Class 5: 0.5440
Accuracy of Class 6: 0.8010
Accuracy of Class 7: 0.6300
Accuracy of Class 8: 0.8450
Accuracy of Class 9: 0.5110
* Prec @1: 0.6819
Epoch: [7][0/391]	Time 0.377 (0.377)	Loss 0.9476 (0.9476)	Prec @1 0.6641 (0.6641)	
Epoch: [7][10/391]	Time 0.112 (0.134)	Loss 0.8986 (0.9161)	Prec @1 0.6562 (0.6804)	
Epoch: [7][20/391]	Time 0.109 (0.122)	Loss 0.8362 (0.8987)	Prec @1 0.7188 (0.6908)	
Epoch: [7][30/391]	Time 0.112 (0.120)	Loss 0.7484 (0.8914)	Prec @1 0.7500 (0.6918)	
Epoch: [7][40/391]	Time 0.117 (0.117)	Loss 0.8069 (0.8873)	Prec @1 0.7109 (0.6932)	
Epoch: [7][50/391]	Time 0.135 (0.119)	Loss 0.8960 (0.8902)	Prec @1 0.6328 (0.6900)	
Epoch: [7][60/391]	Time 0.120 (0.118)	Loss 0.8568 (0.8960)	Prec @1 0.7031 (0.6863)	
Epoch: [7][70/391]	Time 0.117 (0.117)	Loss 0.9643 (0.8935)	Prec @1 0.6641 (0.6850)	
Epoch: [7][80/391]	Time 0.099 (0.116)	Loss 0.7998 (0.8891)	Prec @1 0.7109 (0.6869)	
Epoch: [7][90/391]	Time 0.102 (0.115)	Loss 0.9100 (0.8857)	Prec @1 0.6719 (0.6885)	
Epoch: [7][100/391]	Time 0.090 (0.113)	Loss 0.8066 (0.8851)	Prec @1 0.7188 (0.6884)	
Epoch: [7][110/391]	Time 0.084 (0.112)	Loss 0.8954 (0.8804)	Prec @1 0.7188 (0.6908)	
Epoch: [7][120/391]	Time 0.094 (0.111)	Loss 0.8295 (0.8780)	Prec @1 0.6875 (0.6922)	
Epoch: [7][130/391]	Time 0.099 (0.111)	Loss 1.0030 (0.8791)	Prec @1 0.6484 (0.6908)	
Epoch: [7][140/391]	Time 0.106 (0.111)	Loss 1.1259 (0.8774)	Prec @1 0.6094 (0.6910)	
Epoch: [7][150/391]	Time 0.122 (0.110)	Loss 0.6521 (0.8752)	Prec @1 0.7969 (0.6926)	
Epoch: [7][160/391]	Time 0.111 (0.110)	Loss 0.9062 (0.8731)	Prec @1 0.6953 (0.6943)	
Epoch: [7][170/391]	Time 0.109 (0.109)	Loss 0.8649 (0.8720)	Prec @1 0.6484 (0.6948)	
Epoch: [7][180/391]	Time 0.101 (0.109)	Loss 0.9615 (0.8716)	Prec @1 0.6406 (0.6948)	
Epoch: [7][190/391]	Time 0.160 (0.110)	Loss 0.8204 (0.8718)	Prec @1 0.7188 (0.6950)	
Epoch: [7][200/391]	Time 0.133 (0.113)	Loss 0.8545 (0.8725)	Prec @1 0.6875 (0.6947)	
Epoch: [7][210/391]	Time 0.089 (0.113)	Loss 0.9133 (0.8722)	Prec @1 0.7109 (0.6948)	
Epoch: [7][220/391]	Time 0.119 (0.112)	Loss 0.8435 (0.8709)	Prec @1 0.6953 (0.6949)	
Epoch: [7][230/391]	Time 0.151 (0.113)	Loss 0.7800 (0.8693)	Prec @1 0.7344 (0.6955)	
Epoch: [7][240/391]	Time 0.109 (0.112)	Loss 0.8416 (0.8693)	Prec @1 0.7109 (0.6951)	
Epoch: [7][250/391]	Time 0.118 (0.112)	Loss 0.7775 (0.8682)	Prec @1 0.7188 (0.6955)	
Epoch: [7][260/391]	Time 0.115 (0.112)	Loss 0.7989 (0.8662)	Prec @1 0.7188 (0.6958)	
Epoch: [7][270/391]	Time 0.102 (0.112)	Loss 0.8767 (0.8656)	Prec @1 0.7578 (0.6961)	
Epoch: [7][280/391]	Time 0.104 (0.112)	Loss 0.8076 (0.8639)	Prec @1 0.6953 (0.6966)	
Epoch: [7][290/391]	Time 0.093 (0.112)	Loss 0.8728 (0.8622)	Prec @1 0.7266 (0.6973)	
Epoch: [7][300/391]	Time 0.109 (0.112)	Loss 0.7145 (0.8621)	Prec @1 0.7109 (0.6972)	
Epoch: [7][310/391]	Time 0.093 (0.112)	Loss 0.8804 (0.8623)	Prec @1 0.6406 (0.6972)	
Epoch: [7][320/391]	Time 0.090 (0.111)	Loss 0.8233 (0.8613)	Prec @1 0.7422 (0.6978)	
Epoch: [7][330/391]	Time 0.099 (0.111)	Loss 0.8514 (0.8627)	Prec @1 0.6953 (0.6974)	
Epoch: [7][340/391]	Time 0.104 (0.111)	Loss 0.7203 (0.8620)	Prec @1 0.7422 (0.6977)	
Epoch: [7][350/391]	Time 0.092 (0.111)	Loss 0.7366 (0.8622)	Prec @1 0.7656 (0.6982)	
Epoch: [7][360/391]	Time 0.122 (0.111)	Loss 0.9248 (0.8619)	Prec @1 0.6797 (0.6983)	
Epoch: [7][370/391]	Time 0.093 (0.111)	Loss 0.8360 (0.8621)	Prec @1 0.7109 (0.6983)	
Epoch: [7][380/391]	Time 0.129 (0.111)	Loss 0.9781 (0.8613)	Prec @1 0.6328 (0.6986)	
Epoch: [7][390/391]	Time 0.076 (0.110)	Loss 0.8214 (0.8594)	Prec @1 0.7500 (0.6993)	
Epoch: [7][0/100]	Time 0.048 (0.048)	
Epoch: [7][10/100]	Time 0.051 (0.048)	
Epoch: [7][20/100]	Time 0.042 (0.046)	
Epoch: [7][30/100]	Time 0.049 (0.045)	
Epoch: [7][40/100]	Time 0.050 (0.044)	
Epoch: [7][50/100]	Time 0.039 (0.044)	
Epoch: [7][60/100]	Time 0.044 (0.043)	
Epoch: [7][70/100]	Time 0.044 (0.043)	
Epoch: [7][80/100]	Time 0.044 (0.043)	
Epoch: [7][90/100]	Time 0.043 (0.043)	
Accuracy of Class 0: 0.6910
Accuracy of Class 1: 0.8540
Accuracy of Class 2: 0.7460
Accuracy of Class 3: 0.4330
Accuracy of Class 4: 0.7000
Accuracy of Class 5: 0.6860
Accuracy of Class 6: 0.6260
Accuracy of Class 7: 0.7780
Accuracy of Class 8: 0.8650
Accuracy of Class 9: 0.8330
* Prec @1: 0.7212
Epoch: [8][0/391]	Time 0.091 (0.091)	Loss 0.7037 (0.7037)	Prec @1 0.7344 (0.7344)	
Epoch: [8][10/391]	Time 0.085 (0.093)	Loss 0.7372 (0.8103)	Prec @1 0.7188 (0.7159)	
Epoch: [8][20/391]	Time 0.135 (0.103)	Loss 1.0456 (0.8509)	Prec @1 0.6562 (0.7039)	
Epoch: [8][30/391]	Time 0.101 (0.106)	Loss 0.7796 (0.8421)	Prec @1 0.6953 (0.7026)	
Epoch: [8][40/391]	Time 0.123 (0.108)	Loss 0.8798 (0.8364)	Prec @1 0.7422 (0.7064)	
Epoch: [8][50/391]	Time 0.091 (0.108)	Loss 0.7783 (0.8267)	Prec @1 0.7422 (0.7125)	
Epoch: [8][60/391]	Time 0.108 (0.107)	Loss 0.8297 (0.8220)	Prec @1 0.7500 (0.7143)	
Epoch: [8][70/391]	Time 0.102 (0.105)	Loss 0.6847 (0.8127)	Prec @1 0.7500 (0.7184)	
Epoch: [8][80/391]	Time 0.107 (0.105)	Loss 0.6852 (0.8195)	Prec @1 0.7812 (0.7149)	
Epoch: [8][90/391]	Time 0.116 (0.106)	Loss 0.8143 (0.8202)	Prec @1 0.7109 (0.7143)	
Epoch: [8][100/391]	Time 0.147 (0.106)	Loss 0.7652 (0.8234)	Prec @1 0.7109 (0.7135)	
Epoch: [8][110/391]	Time 0.147 (0.112)	Loss 0.6608 (0.8259)	Prec @1 0.8047 (0.7133)	
Epoch: [8][120/391]	Time 0.105 (0.111)	Loss 0.9274 (0.8295)	Prec @1 0.6250 (0.7115)	
Epoch: [8][130/391]	Time 0.142 (0.112)	Loss 0.8582 (0.8284)	Prec @1 0.6641 (0.7107)	
Epoch: [8][140/391]	Time 0.095 (0.113)	Loss 0.5847 (0.8258)	Prec @1 0.7891 (0.7122)	
Epoch: [8][150/391]	Time 0.102 (0.112)	Loss 0.7452 (0.8216)	Prec @1 0.7422 (0.7135)	
Epoch: [8][160/391]	Time 0.103 (0.112)	Loss 0.7721 (0.8225)	Prec @1 0.7422 (0.7123)	
Epoch: [8][170/391]	Time 0.116 (0.111)	Loss 0.9447 (0.8220)	Prec @1 0.6562 (0.7126)	
Epoch: [8][180/391]	Time 0.133 (0.112)	Loss 0.8274 (0.8234)	Prec @1 0.7578 (0.7127)	
Epoch: [8][190/391]	Time 0.091 (0.111)	Loss 0.8569 (0.8244)	Prec @1 0.7500 (0.7126)	
Epoch: [8][200/391]	Time 0.121 (0.111)	Loss 0.8997 (0.8236)	Prec @1 0.7031 (0.7128)	
Epoch: [8][210/391]	Time 0.130 (0.113)	Loss 0.7998 (0.8230)	Prec @1 0.6875 (0.7128)	
Epoch: [8][220/391]	Time 0.157 (0.115)	Loss 0.7880 (0.8239)	Prec @1 0.7422 (0.7128)	
Epoch: [8][230/391]	Time 0.116 (0.116)	Loss 0.9172 (0.8255)	Prec @1 0.6797 (0.7125)	
Epoch: [8][240/391]	Time 0.110 (0.116)	Loss 0.9767 (0.8270)	Prec @1 0.6406 (0.7119)	
Epoch: [8][250/391]	Time 0.122 (0.117)	Loss 0.7244 (0.8281)	Prec @1 0.7734 (0.7118)	
Epoch: [8][260/391]	Time 0.111 (0.117)	Loss 0.9071 (0.8291)	Prec @1 0.6484 (0.7109)	
Epoch: [8][270/391]	Time 0.124 (0.118)	Loss 0.7249 (0.8255)	Prec @1 0.7266 (0.7119)	
Epoch: [8][280/391]	Time 0.111 (0.118)	Loss 0.8141 (0.8268)	Prec @1 0.6953 (0.7116)	
Epoch: [8][290/391]	Time 0.124 (0.118)	Loss 0.8992 (0.8259)	Prec @1 0.6641 (0.7120)	
Epoch: [8][300/391]	Time 0.109 (0.117)	Loss 0.9723 (0.8236)	Prec @1 0.6641 (0.7131)	
Epoch: [8][310/391]	Time 0.134 (0.117)	Loss 0.7218 (0.8230)	Prec @1 0.7344 (0.7131)	
Epoch: [8][320/391]	Time 0.108 (0.118)	Loss 0.7546 (0.8211)	Prec @1 0.7578 (0.7136)	
Epoch: [8][330/391]	Time 0.137 (0.119)	Loss 0.7141 (0.8216)	Prec @1 0.7734 (0.7137)	
Epoch: [8][340/391]	Time 0.130 (0.119)	Loss 0.8297 (0.8220)	Prec @1 0.7109 (0.7136)	
Epoch: [8][350/391]	Time 0.120 (0.119)	Loss 0.8445 (0.8232)	Prec @1 0.6641 (0.7133)	
Epoch: [8][360/391]	Time 0.132 (0.119)	Loss 0.9943 (0.8228)	Prec @1 0.6016 (0.7130)	
Epoch: [8][370/391]	Time 0.099 (0.119)	Loss 0.8637 (0.8240)	Prec @1 0.7109 (0.7127)	
Epoch: [8][380/391]	Time 0.117 (0.119)	Loss 0.8017 (0.8233)	Prec @1 0.7031 (0.7128)	
Epoch: [8][390/391]	Time 0.087 (0.119)	Loss 0.6153 (0.8235)	Prec @1 0.7750 (0.7125)	
Epoch: [8][0/100]	Time 0.042 (0.042)	
Epoch: [8][10/100]	Time 0.048 (0.047)	
Epoch: [8][20/100]	Time 0.046 (0.046)	
Epoch: [8][30/100]	Time 0.048 (0.046)	
Epoch: [8][40/100]	Time 0.036 (0.043)	
Epoch: [8][50/100]	Time 0.035 (0.042)	
Epoch: [8][60/100]	Time 0.044 (0.041)	
Epoch: [8][70/100]	Time 0.043 (0.041)	
Epoch: [8][80/100]	Time 0.042 (0.042)	
Epoch: [8][90/100]	Time 0.042 (0.042)	
Accuracy of Class 0: 0.8090
Accuracy of Class 1: 0.8600
Accuracy of Class 2: 0.6360
Accuracy of Class 3: 0.7010
Accuracy of Class 4: 0.6570
Accuracy of Class 5: 0.5200
Accuracy of Class 6: 0.8460
Accuracy of Class 7: 0.7860
Accuracy of Class 8: 0.9200
Accuracy of Class 9: 0.7030
* Prec @1: 0.7438
Epoch: [9][0/391]	Time 0.142 (0.142)	Loss 0.8305 (0.8305)	Prec @1 0.6797 (0.6797)	
Epoch: [9][10/391]	Time 0.127 (0.120)	Loss 0.8358 (0.8082)	Prec @1 0.7422 (0.7060)	
Epoch: [9][20/391]	Time 0.098 (0.117)	Loss 0.6974 (0.8118)	Prec @1 0.7578 (0.7135)	
Epoch: [9][30/391]	Time 0.118 (0.115)	Loss 0.9617 (0.8081)	Prec @1 0.6719 (0.7122)	
Epoch: [9][40/391]	Time 0.102 (0.113)	Loss 0.7445 (0.8018)	Prec @1 0.7812 (0.7146)	
Epoch: [9][50/391]	Time 0.098 (0.110)	Loss 0.6725 (0.7961)	Prec @1 0.7656 (0.7174)	
Epoch: [9][60/391]	Time 0.105 (0.109)	Loss 1.0196 (0.8031)	Prec @1 0.6641 (0.7157)	
Epoch: [9][70/391]	Time 0.123 (0.109)	Loss 0.9044 (0.8057)	Prec @1 0.7188 (0.7150)	
Epoch: [9][80/391]	Time 0.111 (0.108)	Loss 0.7774 (0.8065)	Prec @1 0.7109 (0.7137)	
Epoch: [9][90/391]	Time 0.102 (0.107)	Loss 0.7656 (0.8060)	Prec @1 0.7578 (0.7131)	
Epoch: [9][100/391]	Time 0.097 (0.107)	Loss 0.8063 (0.8011)	Prec @1 0.7344 (0.7151)	
Epoch: [9][110/391]	Time 0.158 (0.109)	Loss 0.9478 (0.8029)	Prec @1 0.6719 (0.7141)	
Epoch: [9][120/391]	Time 0.102 (0.110)	Loss 0.6861 (0.7984)	Prec @1 0.7969 (0.7154)	
Epoch: [9][130/391]	Time 0.102 (0.110)	Loss 0.7950 (0.7964)	Prec @1 0.7031 (0.7167)	
Epoch: [9][140/391]	Time 0.100 (0.110)	Loss 0.6792 (0.7947)	Prec @1 0.7656 (0.7186)	
Epoch: [9][150/391]	Time 0.098 (0.109)	Loss 0.6949 (0.7953)	Prec @1 0.7344 (0.7188)	
Epoch: [9][160/391]	Time 0.175 (0.110)	Loss 0.8852 (0.7962)	Prec @1 0.6953 (0.7187)	
Epoch: [9][170/391]	Time 0.131 (0.111)	Loss 0.8436 (0.7974)	Prec @1 0.6875 (0.7184)	
Epoch: [9][180/391]	Time 0.153 (0.114)	Loss 0.6577 (0.7990)	Prec @1 0.7422 (0.7188)	
Epoch: [9][190/391]	Time 0.140 (0.115)	Loss 0.8267 (0.8011)	Prec @1 0.7188 (0.7188)	
Epoch: [9][200/391]	Time 0.099 (0.115)	Loss 0.8923 (0.8012)	Prec @1 0.7344 (0.7191)	
Epoch: [9][210/391]	Time 0.104 (0.114)	Loss 0.8230 (0.8021)	Prec @1 0.6797 (0.7188)	
Epoch: [9][220/391]	Time 0.121 (0.113)	Loss 0.8094 (0.8011)	Prec @1 0.7344 (0.7190)	
Epoch: [9][230/391]	Time 0.142 (0.114)	Loss 0.8094 (0.8007)	Prec @1 0.7109 (0.7191)	
Epoch: [9][240/391]	Time 0.098 (0.114)	Loss 0.9166 (0.8016)	Prec @1 0.6797 (0.7192)	
Epoch: [9][250/391]	Time 0.128 (0.114)	Loss 0.9104 (0.8014)	Prec @1 0.6875 (0.7192)	
Epoch: [9][260/391]	Time 0.121 (0.113)	Loss 0.8135 (0.8015)	Prec @1 0.7188 (0.7188)	
Epoch: [9][270/391]	Time 0.111 (0.113)	Loss 0.7154 (0.8009)	Prec @1 0.7812 (0.7190)	
Epoch: [9][280/391]	Time 0.090 (0.113)	Loss 0.8284 (0.7985)	Prec @1 0.7188 (0.7199)	
Epoch: [9][290/391]	Time 0.107 (0.113)	Loss 0.7248 (0.7966)	Prec @1 0.7578 (0.7207)	
Epoch: [9][300/391]	Time 0.115 (0.113)	Loss 0.6548 (0.7971)	Prec @1 0.7891 (0.7205)	
Epoch: [9][310/391]	Time 0.130 (0.113)	Loss 0.8814 (0.7956)	Prec @1 0.6875 (0.7206)	
Epoch: [9][320/391]	Time 0.113 (0.113)	Loss 0.8418 (0.7972)	Prec @1 0.6719 (0.7198)	
Epoch: [9][330/391]	Time 0.121 (0.113)	Loss 0.7208 (0.7981)	Prec @1 0.7422 (0.7197)	
Epoch: [9][340/391]	Time 0.099 (0.113)	Loss 0.7678 (0.7971)	Prec @1 0.7422 (0.7202)	
Epoch: [9][350/391]	Time 0.194 (0.113)	Loss 0.8276 (0.7976)	Prec @1 0.6797 (0.7198)	
Epoch: [9][360/391]	Time 0.160 (0.115)	Loss 0.6862 (0.7968)	Prec @1 0.7500 (0.7197)	
Epoch: [9][370/391]	Time 0.095 (0.115)	Loss 0.9442 (0.7959)	Prec @1 0.6562 (0.7205)	
Epoch: [9][380/391]	Time 0.087 (0.115)	Loss 0.8339 (0.7952)	Prec @1 0.7266 (0.7209)	
Epoch: [9][390/391]	Time 0.077 (0.114)	Loss 0.8456 (0.7949)	Prec @1 0.6875 (0.7211)	
Epoch: [9][0/100]	Time 0.047 (0.047)	
Epoch: [9][10/100]	Time 0.044 (0.043)	
Epoch: [9][20/100]	Time 0.042 (0.043)	
Epoch: [9][30/100]	Time 0.056 (0.046)	
Epoch: [9][40/100]	Time 0.040 (0.047)	
Epoch: [9][50/100]	Time 0.044 (0.046)	
Epoch: [9][60/100]	Time 0.045 (0.046)	
Epoch: [9][70/100]	Time 0.051 (0.046)	
Epoch: [9][80/100]	Time 0.057 (0.047)	
Epoch: [9][90/100]	Time 0.045 (0.048)	
Accuracy of Class 0: 0.8040
Accuracy of Class 1: 0.9230
Accuracy of Class 2: 0.6680
Accuracy of Class 3: 0.6390
Accuracy of Class 4: 0.7280
Accuracy of Class 5: 0.6490
Accuracy of Class 6: 0.8020
Accuracy of Class 7: 0.8230
Accuracy of Class 8: 0.8690
Accuracy of Class 9: 0.8280
* Prec @1: 0.7733
Epoch: [10][0/391]	Time 0.110 (0.110)	Loss 0.8250 (0.8250)	Prec @1 0.7109 (0.7109)	
Epoch: [10][10/391]	Time 0.104 (0.121)	Loss 0.7017 (0.7315)	Prec @1 0.7578 (0.7393)	
Epoch: [10][20/391]	Time 0.109 (0.120)	Loss 0.7455 (0.7534)	Prec @1 0.7344 (0.7351)	
Epoch: [10][30/391]	Time 0.108 (0.118)	Loss 0.8546 (0.7608)	Prec @1 0.7188 (0.7311)	
Epoch: [10][40/391]	Time 0.109 (0.117)	Loss 0.7765 (0.7576)	Prec @1 0.6953 (0.7319)	
Epoch: [10][50/391]	Time 0.093 (0.112)	Loss 0.7844 (0.7667)	Prec @1 0.7266 (0.7293)	
Epoch: [10][60/391]	Time 0.119 (0.112)	Loss 0.9516 (0.7763)	Prec @1 0.6641 (0.7273)	
Epoch: [10][70/391]	Time 0.098 (0.112)	Loss 0.6406 (0.7814)	Prec @1 0.7656 (0.7255)	
Epoch: [10][80/391]	Time 0.089 (0.111)	Loss 0.6826 (0.7749)	Prec @1 0.7500 (0.7264)	
Epoch: [10][90/391]	Time 0.084 (0.110)	Loss 0.6787 (0.7755)	Prec @1 0.7500 (0.7260)	
Epoch: [10][100/391]	Time 0.085 (0.108)	Loss 0.8618 (0.7765)	Prec @1 0.7422 (0.7259)	
Epoch: [10][110/391]	Time 0.089 (0.109)	Loss 0.7674 (0.7750)	Prec @1 0.7266 (0.7271)	
Epoch: [10][120/391]	Time 0.125 (0.110)	Loss 0.7806 (0.7788)	Prec @1 0.6562 (0.7259)	
Epoch: [10][130/391]	Time 0.147 (0.110)	Loss 0.7432 (0.7771)	Prec @1 0.7422 (0.7265)	
Epoch: [10][140/391]	Time 0.112 (0.110)	Loss 0.7833 (0.7752)	Prec @1 0.7422 (0.7286)	
Epoch: [10][150/391]	Time 0.119 (0.110)	Loss 0.7779 (0.7739)	Prec @1 0.7344 (0.7286)	
Epoch: [10][160/391]	Time 0.075 (0.109)	Loss 0.7099 (0.7732)	Prec @1 0.7891 (0.7289)	
Epoch: [10][170/391]	Time 0.116 (0.109)	Loss 0.8574 (0.7723)	Prec @1 0.7188 (0.7300)	
Epoch: [10][180/391]	Time 0.118 (0.109)	Loss 0.7885 (0.7708)	Prec @1 0.7188 (0.7304)	
Epoch: [10][190/391]	Time 0.138 (0.112)	Loss 0.6906 (0.7709)	Prec @1 0.7578 (0.7305)	
Epoch: [10][200/391]	Time 0.118 (0.112)	Loss 0.7085 (0.7709)	Prec @1 0.7578 (0.7307)	
Epoch: [10][210/391]	Time 0.219 (0.113)	Loss 0.5449 (0.7700)	Prec @1 0.7969 (0.7312)	
Epoch: [10][220/391]	Time 0.131 (0.114)	Loss 0.6825 (0.7692)	Prec @1 0.7578 (0.7314)	
Epoch: [10][230/391]	Time 0.114 (0.115)	Loss 0.5940 (0.7683)	Prec @1 0.7969 (0.7318)	
Epoch: [10][240/391]	Time 0.188 (0.116)	Loss 0.8941 (0.7685)	Prec @1 0.6797 (0.7321)	
Epoch: [10][250/391]	Time 0.093 (0.116)	Loss 0.6477 (0.7677)	Prec @1 0.7969 (0.7327)	
Epoch: [10][260/391]	Time 0.095 (0.115)	Loss 0.7133 (0.7651)	Prec @1 0.7344 (0.7333)	
Epoch: [10][270/391]	Time 0.176 (0.116)	Loss 0.9147 (0.7666)	Prec @1 0.6797 (0.7329)	
Epoch: [10][280/391]	Time 0.123 (0.117)	Loss 0.7390 (0.7662)	Prec @1 0.7344 (0.7333)	
Epoch: [10][290/391]	Time 0.120 (0.117)	Loss 0.6116 (0.7649)	Prec @1 0.7656 (0.7333)	
Epoch: [10][300/391]	Time 0.112 (0.117)	Loss 0.5605 (0.7653)	Prec @1 0.8047 (0.7329)	
Epoch: [10][310/391]	Time 0.094 (0.116)	Loss 0.5883 (0.7644)	Prec @1 0.7734 (0.7333)	
Epoch: [10][320/391]	Time 0.120 (0.115)	Loss 0.7107 (0.7640)	Prec @1 0.7500 (0.7332)	
Epoch: [10][330/391]	Time 0.079 (0.114)	Loss 0.8977 (0.7637)	Prec @1 0.7031 (0.7334)	
Epoch: [10][340/391]	Time 0.070 (0.113)	Loss 0.8299 (0.7644)	Prec @1 0.7344 (0.7338)	
Epoch: [10][350/391]	Time 0.080 (0.112)	Loss 0.8142 (0.7649)	Prec @1 0.7500 (0.7340)	
Epoch: [10][360/391]	Time 0.080 (0.111)	Loss 0.7844 (0.7648)	Prec @1 0.7031 (0.7339)	
Epoch: [10][370/391]	Time 0.076 (0.110)	Loss 0.7002 (0.7639)	Prec @1 0.7500 (0.7346)	
Epoch: [10][380/391]	Time 0.073 (0.110)	Loss 0.7341 (0.7639)	Prec @1 0.7422 (0.7348)	
Epoch: [10][390/391]	Time 0.050 (0.109)	Loss 0.5863 (0.7639)	Prec @1 0.7750 (0.7346)	
Epoch: [10][0/100]	Time 0.023 (0.023)	
Epoch: [10][10/100]	Time 0.023 (0.021)	
Epoch: [10][20/100]	Time 0.021 (0.022)	
Epoch: [10][30/100]	Time 0.026 (0.024)	
Epoch: [10][40/100]	Time 0.030 (0.025)	
Epoch: [10][50/100]	Time 0.030 (0.026)	
Epoch: [10][60/100]	Time 0.035 (0.027)	
Epoch: [10][70/100]	Time 0.040 (0.028)	
Epoch: [10][80/100]	Time 0.036 (0.029)	
Epoch: [10][90/100]	Time 0.035 (0.030)	
Accuracy of Class 0: 0.8030
Accuracy of Class 1: 0.8570
Accuracy of Class 2: 0.5820
Accuracy of Class 3: 0.5500
Accuracy of Class 4: 0.7060
Accuracy of Class 5: 0.8020
Accuracy of Class 6: 0.8480
Accuracy of Class 7: 0.7570
Accuracy of Class 8: 0.7790
Accuracy of Class 9: 0.8700
* Prec @1: 0.7554
Epoch: [11][0/391]	Time 0.087 (0.087)	Loss 0.6471 (0.6471)	Prec @1 0.7656 (0.7656)	
Epoch: [11][10/391]	Time 0.100 (0.098)	Loss 0.7945 (0.7438)	Prec @1 0.7109 (0.7372)	
Epoch: [11][20/391]	Time 0.100 (0.098)	Loss 0.7311 (0.7408)	Prec @1 0.7266 (0.7411)	
Epoch: [11][30/391]	Time 0.111 (0.097)	Loss 0.7778 (0.7371)	Prec @1 0.7422 (0.7437)	
Epoch: [11][40/391]	Time 0.076 (0.093)	Loss 0.8438 (0.7400)	Prec @1 0.7500 (0.7439)	
Epoch: [11][50/391]	Time 0.082 (0.091)	Loss 0.7444 (0.7353)	Prec @1 0.7266 (0.7440)	
Epoch: [11][60/391]	Time 0.080 (0.089)	Loss 0.8466 (0.7354)	Prec @1 0.7500 (0.7456)	
Epoch: [11][70/391]	Time 0.084 (0.087)	Loss 0.7780 (0.7383)	Prec @1 0.7188 (0.7426)	
Epoch: [11][80/391]	Time 0.070 (0.088)	Loss 0.6903 (0.7423)	Prec @1 0.7656 (0.7426)	
Epoch: [11][90/391]	Time 0.062 (0.085)	Loss 0.6656 (0.7417)	Prec @1 0.7500 (0.7430)	
Epoch: [11][100/391]	Time 0.051 (0.083)	Loss 0.6825 (0.7410)	Prec @1 0.7812 (0.7444)	
Epoch: [11][110/391]	Time 0.056 (0.080)	Loss 0.6563 (0.7417)	Prec @1 0.7812 (0.7440)	
Epoch: [11][120/391]	Time 0.048 (0.077)	Loss 1.0660 (0.7447)	Prec @1 0.6172 (0.7433)	
Epoch: [11][130/391]	Time 0.050 (0.075)	Loss 0.8437 (0.7431)	Prec @1 0.6875 (0.7426)	
Epoch: [11][140/391]	Time 0.050 (0.074)	Loss 0.8675 (0.7432)	Prec @1 0.6875 (0.7430)	
Epoch: [11][150/391]	Time 0.048 (0.072)	Loss 0.6866 (0.7436)	Prec @1 0.7578 (0.7424)	
Epoch: [11][160/391]	Time 0.056 (0.071)	Loss 0.7105 (0.7429)	Prec @1 0.7344 (0.7422)	
Epoch: [11][170/391]	Time 0.054 (0.070)	Loss 0.6410 (0.7426)	Prec @1 0.8125 (0.7422)	
Epoch: [11][180/391]	Time 0.042 (0.069)	Loss 0.7711 (0.7458)	Prec @1 0.7344 (0.7412)	
Epoch: [11][190/391]	Time 0.054 (0.068)	Loss 0.6854 (0.7462)	Prec @1 0.7422 (0.7412)	
Epoch: [11][200/391]	Time 0.100 (0.067)	Loss 0.6899 (0.7466)	Prec @1 0.7500 (0.7408)	
Epoch: [11][210/391]	Time 0.045 (0.066)	Loss 0.8999 (0.7483)	Prec @1 0.7188 (0.7401)	
Epoch: [11][220/391]	Time 0.052 (0.066)	Loss 0.8279 (0.7482)	Prec @1 0.7344 (0.7396)	
Epoch: [11][230/391]	Time 0.052 (0.065)	Loss 0.6561 (0.7485)	Prec @1 0.7578 (0.7398)	
Epoch: [11][240/391]	Time 0.045 (0.064)	Loss 0.7541 (0.7479)	Prec @1 0.7188 (0.7397)	
Epoch: [11][250/391]	Time 0.059 (0.064)	Loss 0.7638 (0.7490)	Prec @1 0.7266 (0.7395)	
Epoch: [11][260/391]	Time 0.051 (0.063)	Loss 0.8715 (0.7493)	Prec @1 0.7266 (0.7396)	
Epoch: [11][270/391]	Time 0.052 (0.063)	Loss 0.7259 (0.7486)	Prec @1 0.7344 (0.7394)	
Epoch: [11][280/391]	Time 0.055 (0.063)	Loss 0.8083 (0.7486)	Prec @1 0.6953 (0.7397)	
Epoch: [11][290/391]	Time 0.074 (0.063)	Loss 0.8443 (0.7485)	Prec @1 0.7031 (0.7399)	
Epoch: [11][300/391]	Time 0.055 (0.063)	Loss 0.7740 (0.7491)	Prec @1 0.7734 (0.7399)	
Epoch: [11][310/391]	Time 0.055 (0.063)	Loss 0.7555 (0.7484)	Prec @1 0.7344 (0.7399)	
Epoch: [11][320/391]	Time 0.060 (0.063)	Loss 0.6669 (0.7473)	Prec @1 0.7969 (0.7402)	
Epoch: [11][330/391]	Time 0.063 (0.063)	Loss 0.6508 (0.7473)	Prec @1 0.8203 (0.7403)	
Epoch: [11][340/391]	Time 0.061 (0.063)	Loss 0.6511 (0.7463)	Prec @1 0.7812 (0.7407)	
Epoch: [11][350/391]	Time 0.069 (0.063)	Loss 0.7551 (0.7458)	Prec @1 0.7109 (0.7405)	
Epoch: [11][360/391]	Time 0.080 (0.063)	Loss 0.6849 (0.7448)	Prec @1 0.7422 (0.7406)	
Epoch: [11][370/391]	Time 0.060 (0.063)	Loss 0.6450 (0.7440)	Prec @1 0.7500 (0.7409)	
Epoch: [11][380/391]	Time 0.066 (0.063)	Loss 0.8249 (0.7438)	Prec @1 0.7109 (0.7408)	
Epoch: [11][390/391]	Time 0.040 (0.063)	Loss 0.5574 (0.7440)	Prec @1 0.7875 (0.7407)	
Epoch: [11][0/100]	Time 0.030 (0.030)	
Epoch: [11][10/100]	Time 0.031 (0.028)	
Epoch: [11][20/100]	Time 0.033 (0.029)	
Epoch: [11][30/100]	Time 0.035 (0.031)	
Epoch: [11][40/100]	Time 0.037 (0.032)	
Epoch: [11][50/100]	Time 0.034 (0.033)	
Epoch: [11][60/100]	Time 0.045 (0.034)	
Epoch: [11][70/100]	Time 0.036 (0.034)	
Epoch: [11][80/100]	Time 0.036 (0.034)	
Epoch: [11][90/100]	Time 0.040 (0.035)	
Accuracy of Class 0: 0.8510
Accuracy of Class 1: 0.9260
Accuracy of Class 2: 0.6720
Accuracy of Class 3: 0.5920
Accuracy of Class 4: 0.8370
Accuracy of Class 5: 0.6120
Accuracy of Class 6: 0.8680
Accuracy of Class 7: 0.8230
Accuracy of Class 8: 0.8370
Accuracy of Class 9: 0.8120
* Prec @1: 0.7830
Epoch: [12][0/391]	Time 0.125 (0.125)	Loss 0.7795 (0.7795)	Prec @1 0.7031 (0.7031)	
Epoch: [12][10/391]	Time 0.087 (0.121)	Loss 0.7106 (0.7054)	Prec @1 0.7891 (0.7585)	
Epoch: [12][20/391]	Time 0.079 (0.104)	Loss 0.5878 (0.7026)	Prec @1 0.7812 (0.7526)	
Epoch: [12][30/391]	Time 0.094 (0.098)	Loss 0.6302 (0.7100)	Prec @1 0.7812 (0.7460)	
Epoch: [12][40/391]	Time 0.090 (0.099)	Loss 0.7488 (0.7145)	Prec @1 0.7344 (0.7466)	
Epoch: [12][50/391]	Time 0.084 (0.097)	Loss 0.6235 (0.7059)	Prec @1 0.7500 (0.7474)	
Epoch: [12][60/391]	Time 0.096 (0.096)	Loss 0.7577 (0.7104)	Prec @1 0.7344 (0.7467)	
Epoch: [12][70/391]	Time 0.085 (0.095)	Loss 0.7106 (0.7114)	Prec @1 0.7734 (0.7478)	
Epoch: [12][80/391]	Time 0.146 (0.100)	Loss 0.8269 (0.7195)	Prec @1 0.7109 (0.7459)	
Epoch: [12][90/391]	Time 0.117 (0.099)	Loss 0.6896 (0.7191)	Prec @1 0.7500 (0.7463)	
Epoch: [12][100/391]	Time 0.115 (0.100)	Loss 0.7454 (0.7214)	Prec @1 0.7500 (0.7472)	
Epoch: [12][110/391]	Time 0.090 (0.100)	Loss 0.7638 (0.7192)	Prec @1 0.7734 (0.7477)	
Epoch: [12][120/391]	Time 0.100 (0.100)	Loss 0.7090 (0.7195)	Prec @1 0.7422 (0.7485)	
Epoch: [12][130/391]	Time 0.096 (0.101)	Loss 0.7111 (0.7183)	Prec @1 0.7656 (0.7504)	
Epoch: [12][140/391]	Time 0.095 (0.100)	Loss 0.7135 (0.7201)	Prec @1 0.6953 (0.7492)	
Epoch: [12][150/391]	Time 0.098 (0.101)	Loss 0.5626 (0.7197)	Prec @1 0.8203 (0.7498)	
Epoch: [12][160/391]	Time 0.090 (0.101)	Loss 0.7975 (0.7217)	Prec @1 0.7188 (0.7490)	
Epoch: [12][170/391]	Time 0.093 (0.101)	Loss 0.9749 (0.7242)	Prec @1 0.6953 (0.7493)	
Epoch: [12][180/391]	Time 0.085 (0.100)	Loss 0.6361 (0.7234)	Prec @1 0.8047 (0.7496)	
Epoch: [12][190/391]	Time 0.103 (0.100)	Loss 0.7741 (0.7261)	Prec @1 0.6953 (0.7482)	
Epoch: [12][200/391]	Time 0.099 (0.100)	Loss 0.6034 (0.7251)	Prec @1 0.7812 (0.7488)	
Epoch: [12][210/391]	Time 0.150 (0.100)	Loss 0.7189 (0.7269)	Prec @1 0.7734 (0.7487)	
Epoch: [12][220/391]	Time 0.080 (0.100)	Loss 0.6456 (0.7274)	Prec @1 0.7578 (0.7482)	
Epoch: [12][230/391]	Time 0.080 (0.099)	Loss 0.6830 (0.7271)	Prec @1 0.7500 (0.7485)	
Epoch: [12][240/391]	Time 0.080 (0.098)	Loss 0.8407 (0.7266)	Prec @1 0.6406 (0.7488)	
Epoch: [12][250/391]	Time 0.077 (0.098)	Loss 0.5049 (0.7249)	Prec @1 0.8281 (0.7498)	
Epoch: [12][260/391]	Time 0.054 (0.097)	Loss 0.8235 (0.7250)	Prec @1 0.6484 (0.7493)	
Epoch: [12][270/391]	Time 0.054 (0.095)	Loss 0.7874 (0.7256)	Prec @1 0.7188 (0.7492)	
Epoch: [12][280/391]	Time 0.050 (0.094)	Loss 0.6834 (0.7243)	Prec @1 0.7422 (0.7494)	
Epoch: [12][290/391]	Time 0.050 (0.092)	Loss 0.6807 (0.7253)	Prec @1 0.7656 (0.7491)	
Epoch: [12][300/391]	Time 0.046 (0.091)	Loss 0.7268 (0.7262)	Prec @1 0.7578 (0.7491)	
Epoch: [12][310/391]	Time 0.050 (0.090)	Loss 0.8766 (0.7264)	Prec @1 0.6953 (0.7491)	
Epoch: [12][320/391]	Time 0.060 (0.088)	Loss 0.6056 (0.7246)	Prec @1 0.8047 (0.7495)	
Epoch: [12][330/391]	Time 0.050 (0.087)	Loss 0.5719 (0.7246)	Prec @1 0.7891 (0.7498)	
Epoch: [12][340/391]	Time 0.046 (0.086)	Loss 0.7104 (0.7241)	Prec @1 0.7734 (0.7500)	
Epoch: [12][350/391]	Time 0.058 (0.085)	Loss 0.6672 (0.7225)	Prec @1 0.7891 (0.7506)	
Epoch: [12][360/391]	Time 0.047 (0.084)	Loss 0.6695 (0.7224)	Prec @1 0.7891 (0.7508)	
Epoch: [12][370/391]	Time 0.050 (0.083)	Loss 0.7320 (0.7210)	Prec @1 0.7578 (0.7512)	
Epoch: [12][380/391]	Time 0.053 (0.082)	Loss 0.6959 (0.7220)	Prec @1 0.7656 (0.7512)	
Epoch: [12][390/391]	Time 0.035 (0.081)	Loss 0.6519 (0.7222)	Prec @1 0.7500 (0.7512)	
Epoch: [12][0/100]	Time 0.025 (0.025)	
Epoch: [12][10/100]	Time 0.018 (0.019)	
Epoch: [12][20/100]	Time 0.034 (0.021)	
Epoch: [12][30/100]	Time 0.021 (0.022)	
Epoch: [12][40/100]	Time 0.028 (0.022)	
Epoch: [12][50/100]	Time 0.024 (0.023)	
Epoch: [12][60/100]	Time 0.026 (0.022)	
Epoch: [12][70/100]	Time 0.026 (0.022)	
Epoch: [12][80/100]	Time 0.022 (0.022)	
Epoch: [12][90/100]	Time 0.029 (0.023)	
Accuracy of Class 0: 0.8540
Accuracy of Class 1: 0.7840
Accuracy of Class 2: 0.6530
Accuracy of Class 3: 0.6840
Accuracy of Class 4: 0.8710
Accuracy of Class 5: 0.6400
Accuracy of Class 6: 0.6860
Accuracy of Class 7: 0.8670
Accuracy of Class 8: 0.8540
Accuracy of Class 9: 0.8160
* Prec @1: 0.7709
Epoch: [13][0/391]	Time 0.062 (0.062)	Loss 0.6650 (0.6650)	Prec @1 0.7891 (0.7891)	
Epoch: [13][10/391]	Time 0.065 (0.064)	Loss 0.9389 (0.7086)	Prec @1 0.7031 (0.7550)	
Epoch: [13][20/391]	Time 0.082 (0.070)	Loss 0.5071 (0.6864)	Prec @1 0.8359 (0.7641)	
Epoch: [13][30/391]	Time 0.063 (0.069)	Loss 0.6502 (0.6839)	Prec @1 0.7812 (0.7591)	
Epoch: [13][40/391]	Time 0.064 (0.067)	Loss 0.6725 (0.6978)	Prec @1 0.7734 (0.7542)	
Epoch: [13][50/391]	Time 0.061 (0.066)	Loss 0.5759 (0.6907)	Prec @1 0.8047 (0.7574)	
Epoch: [13][60/391]	Time 0.053 (0.064)	Loss 0.7860 (0.6903)	Prec @1 0.7812 (0.7582)	
Epoch: [13][70/391]	Time 0.053 (0.063)	Loss 0.6182 (0.6928)	Prec @1 0.8047 (0.7588)	
Epoch: [13][80/391]	Time 0.063 (0.063)	Loss 0.7583 (0.6978)	Prec @1 0.7031 (0.7573)	
Epoch: [13][90/391]	Time 0.070 (0.063)	Loss 0.7289 (0.6943)	Prec @1 0.7656 (0.7602)	
Epoch: [13][100/391]	Time 0.072 (0.064)	Loss 0.8210 (0.6956)	Prec @1 0.6875 (0.7594)	
Epoch: [13][110/391]	Time 0.068 (0.065)	Loss 0.6443 (0.6976)	Prec @1 0.7891 (0.7591)	
Epoch: [13][120/391]	Time 0.060 (0.065)	Loss 0.6275 (0.6989)	Prec @1 0.7578 (0.7583)	
Epoch: [13][130/391]	Time 0.069 (0.065)	Loss 0.8639 (0.7023)	Prec @1 0.6172 (0.7569)	
Epoch: [13][140/391]	Time 0.061 (0.064)	Loss 0.7074 (0.7032)	Prec @1 0.7812 (0.7559)	
Epoch: [13][150/391]	Time 0.060 (0.064)	Loss 0.4923 (0.7033)	Prec @1 0.8438 (0.7551)	
Epoch: [13][160/391]	Time 0.063 (0.064)	Loss 0.7581 (0.7013)	Prec @1 0.7578 (0.7562)	
Epoch: [13][170/391]	Time 0.047 (0.063)	Loss 0.7976 (0.7038)	Prec @1 0.6953 (0.7555)	
Epoch: [13][180/391]	Time 0.050 (0.062)	Loss 0.6954 (0.7027)	Prec @1 0.7578 (0.7562)	
Epoch: [13][190/391]	Time 0.055 (0.062)	Loss 0.6150 (0.7005)	Prec @1 0.8203 (0.7573)	
Epoch: [13][200/391]	Time 0.055 (0.062)	Loss 0.7598 (0.7020)	Prec @1 0.7109 (0.7567)	
Epoch: [13][210/391]	Time 0.047 (0.061)	Loss 0.6899 (0.7020)	Prec @1 0.7422 (0.7569)	
Epoch: [13][220/391]	Time 0.059 (0.061)	Loss 0.7305 (0.7027)	Prec @1 0.7422 (0.7572)	
Epoch: [13][230/391]	Time 0.067 (0.062)	Loss 0.8680 (0.7027)	Prec @1 0.7031 (0.7572)	
Epoch: [13][240/391]	Time 0.065 (0.062)	Loss 0.6493 (0.7025)	Prec @1 0.8125 (0.7569)	
Epoch: [13][250/391]	Time 0.051 (0.062)	Loss 0.7137 (0.7010)	Prec @1 0.7188 (0.7567)	
Epoch: [13][260/391]	Time 0.060 (0.062)	Loss 0.6560 (0.6982)	Prec @1 0.7891 (0.7576)	
Epoch: [13][270/391]	Time 0.075 (0.062)	Loss 0.6917 (0.7002)	Prec @1 0.7812 (0.7568)	
Epoch: [13][280/391]	Time 0.045 (0.062)	Loss 0.6171 (0.6999)	Prec @1 0.7969 (0.7573)	
Epoch: [13][290/391]	Time 0.052 (0.062)	Loss 0.7929 (0.7002)	Prec @1 0.6797 (0.7569)	
Epoch: [13][300/391]	Time 0.067 (0.062)	Loss 0.6991 (0.7009)	Prec @1 0.7578 (0.7568)	
Epoch: [13][310/391]	Time 0.136 (0.063)	Loss 0.6297 (0.6996)	Prec @1 0.7422 (0.7571)	
Epoch: [13][320/391]	Time 0.084 (0.064)	Loss 0.5818 (0.7000)	Prec @1 0.8203 (0.7569)	
Epoch: [13][330/391]	Time 0.088 (0.065)	Loss 0.7313 (0.6996)	Prec @1 0.7344 (0.7572)	
Epoch: [13][340/391]	Time 0.073 (0.065)	Loss 0.8898 (0.7008)	Prec @1 0.6953 (0.7571)	
Epoch: [13][350/391]	Time 0.085 (0.065)	Loss 0.8373 (0.7020)	Prec @1 0.6797 (0.7567)	
Epoch: [13][360/391]	Time 0.087 (0.066)	Loss 0.6290 (0.7015)	Prec @1 0.7891 (0.7573)	
Epoch: [13][370/391]	Time 0.079 (0.067)	Loss 0.6412 (0.7013)	Prec @1 0.7188 (0.7572)	
Epoch: [13][380/391]	Time 0.077 (0.067)	Loss 0.6181 (0.7005)	Prec @1 0.7891 (0.7576)	
Epoch: [13][390/391]	Time 0.056 (0.068)	Loss 0.7617 (0.6992)	Prec @1 0.7375 (0.7580)	
Epoch: [13][0/100]	Time 0.033 (0.033)	
Epoch: [13][10/100]	Time 0.040 (0.039)	
Epoch: [13][20/100]	Time 0.030 (0.037)	
Epoch: [13][30/100]	Time 0.031 (0.035)	
Epoch: [13][40/100]	Time 0.037 (0.035)	
Epoch: [13][50/100]	Time 0.032 (0.034)	
Epoch: [13][60/100]	Time 0.029 (0.033)	
Epoch: [13][70/100]	Time 0.028 (0.033)	
Epoch: [13][80/100]	Time 0.030 (0.032)	
Epoch: [13][90/100]	Time 0.035 (0.033)	
Accuracy of Class 0: 0.8180
Accuracy of Class 1: 0.8270
Accuracy of Class 2: 0.7090
Accuracy of Class 3: 0.6200
Accuracy of Class 4: 0.8280
Accuracy of Class 5: 0.7170
Accuracy of Class 6: 0.8300
Accuracy of Class 7: 0.7230
Accuracy of Class 8: 0.8720
Accuracy of Class 9: 0.9040
* Prec @1: 0.7848
Epoch: [14][0/391]	Time 0.093 (0.093)	Loss 0.5397 (0.5397)	Prec @1 0.8125 (0.8125)	
Epoch: [14][10/391]	Time 0.095 (0.088)	Loss 0.8188 (0.6564)	Prec @1 0.7500 (0.7749)	
Epoch: [14][20/391]	Time 0.089 (0.092)	Loss 0.7679 (0.6664)	Prec @1 0.7422 (0.7686)	
Epoch: [14][30/391]	Time 0.108 (0.092)	Loss 0.9707 (0.6719)	Prec @1 0.6641 (0.7681)	
Epoch: [14][40/391]	Time 0.096 (0.093)	Loss 0.5493 (0.6758)	Prec @1 0.8125 (0.7662)	
Epoch: [14][50/391]	Time 0.086 (0.091)	Loss 0.7783 (0.6744)	Prec @1 0.7266 (0.7661)	
Epoch: [14][60/391]	Time 0.109 (0.091)	Loss 0.7617 (0.6763)	Prec @1 0.7266 (0.7658)	
Epoch: [14][70/391]	Time 0.093 (0.091)	Loss 0.8302 (0.6783)	Prec @1 0.7266 (0.7660)	
Epoch: [14][80/391]	Time 0.080 (0.092)	Loss 0.6879 (0.6764)	Prec @1 0.7500 (0.7670)	
Epoch: [14][90/391]	Time 0.106 (0.091)	Loss 0.7458 (0.6783)	Prec @1 0.7422 (0.7667)	
Epoch: [14][100/391]	Time 0.093 (0.092)	Loss 0.6520 (0.6803)	Prec @1 0.7812 (0.7650)	
Epoch: [14][110/391]	Time 0.088 (0.092)	Loss 0.7251 (0.6831)	Prec @1 0.7734 (0.7649)	
Epoch: [14][120/391]	Time 0.103 (0.092)	Loss 0.6078 (0.6862)	Prec @1 0.8047 (0.7636)	
Epoch: [14][130/391]	Time 0.098 (0.093)	Loss 0.8075 (0.6849)	Prec @1 0.7422 (0.7645)	
Epoch: [14][140/391]	Time 0.084 (0.093)	Loss 0.7415 (0.6860)	Prec @1 0.7578 (0.7647)	
Epoch: [14][150/391]	Time 0.079 (0.093)	Loss 0.9169 (0.6849)	Prec @1 0.6641 (0.7648)	
Epoch: [14][160/391]	Time 0.098 (0.092)	Loss 0.6864 (0.6831)	Prec @1 0.7500 (0.7655)	
Epoch: [14][170/391]	Time 0.090 (0.093)	Loss 0.7010 (0.6871)	Prec @1 0.7734 (0.7643)	
Epoch: [14][180/391]	Time 0.099 (0.093)	Loss 0.5368 (0.6867)	Prec @1 0.8281 (0.7647)	
Epoch: [14][190/391]	Time 0.087 (0.093)	Loss 0.6975 (0.6865)	Prec @1 0.7578 (0.7637)	
Epoch: [14][200/391]	Time 0.103 (0.093)	Loss 0.7364 (0.6884)	Prec @1 0.7422 (0.7625)	
Epoch: [14][210/391]	Time 0.102 (0.093)	Loss 0.6755 (0.6897)	Prec @1 0.7344 (0.7621)	
Epoch: [14][220/391]	Time 0.108 (0.094)	Loss 0.6252 (0.6897)	Prec @1 0.7891 (0.7620)	
Epoch: [14][230/391]	Time 0.100 (0.094)	Loss 0.6873 (0.6899)	Prec @1 0.7500 (0.7621)	
Epoch: [14][240/391]	Time 0.086 (0.094)	Loss 0.7550 (0.6889)	Prec @1 0.7031 (0.7627)	
Epoch: [14][250/391]	Time 0.080 (0.093)	Loss 0.5514 (0.6879)	Prec @1 0.8359 (0.7633)	
Epoch: [14][260/391]	Time 0.086 (0.093)	Loss 0.8717 (0.6884)	Prec @1 0.6719 (0.7633)	
Epoch: [14][270/391]	Time 0.088 (0.093)	Loss 0.8273 (0.6885)	Prec @1 0.7031 (0.7632)	
Epoch: [14][280/391]	Time 0.104 (0.093)	Loss 0.7455 (0.6889)	Prec @1 0.7344 (0.7627)	
Epoch: [14][290/391]	Time 0.108 (0.093)	Loss 0.7100 (0.6902)	Prec @1 0.7188 (0.7622)	
Epoch: [14][300/391]	Time 0.091 (0.093)	Loss 0.6873 (0.6896)	Prec @1 0.7812 (0.7624)	
Epoch: [14][310/391]	Time 0.138 (0.094)	Loss 0.6549 (0.6888)	Prec @1 0.7812 (0.7627)	
Epoch: [14][320/391]	Time 0.079 (0.094)	Loss 0.7814 (0.6884)	Prec @1 0.7500 (0.7627)	
Epoch: [14][330/391]	Time 0.091 (0.094)	Loss 0.6319 (0.6878)	Prec @1 0.7812 (0.7626)	
Epoch: [14][340/391]	Time 0.092 (0.094)	Loss 0.7304 (0.6862)	Prec @1 0.7578 (0.7631)	
Epoch: [14][350/391]	Time 0.075 (0.094)	Loss 0.7512 (0.6872)	Prec @1 0.7266 (0.7632)	
Epoch: [14][360/391]	Time 0.082 (0.094)	Loss 0.4700 (0.6878)	Prec @1 0.8203 (0.7632)	
Epoch: [14][370/391]	Time 0.098 (0.093)	Loss 0.7805 (0.6885)	Prec @1 0.7266 (0.7627)	
Epoch: [14][380/391]	Time 0.080 (0.093)	Loss 0.6815 (0.6874)	Prec @1 0.7578 (0.7632)	
Epoch: [14][390/391]	Time 0.072 (0.093)	Loss 0.7489 (0.6881)	Prec @1 0.7625 (0.7629)	
Epoch: [14][0/100]	Time 0.028 (0.028)	
Epoch: [14][10/100]	Time 0.027 (0.033)	
Epoch: [14][20/100]	Time 0.027 (0.032)	
Epoch: [14][30/100]	Time 0.033 (0.033)	
Epoch: [14][40/100]	Time 0.033 (0.033)	
Epoch: [14][50/100]	Time 0.029 (0.033)	
Epoch: [14][60/100]	Time 0.031 (0.032)	
Epoch: [14][70/100]	Time 0.032 (0.032)	
Epoch: [14][80/100]	Time 0.033 (0.032)	
Epoch: [14][90/100]	Time 0.027 (0.032)	
Accuracy of Class 0: 0.7860
Accuracy of Class 1: 0.9590
Accuracy of Class 2: 0.7160
Accuracy of Class 3: 0.5630
Accuracy of Class 4: 0.6820
Accuracy of Class 5: 0.8170
Accuracy of Class 6: 0.8750
Accuracy of Class 7: 0.6650
Accuracy of Class 8: 0.8940
Accuracy of Class 9: 0.7470
* Prec @1: 0.7704
Epoch: [15][0/391]	Time 0.085 (0.085)	Loss 0.6319 (0.6319)	Prec @1 0.8125 (0.8125)	
Epoch: [15][10/391]	Time 0.087 (0.088)	Loss 0.6535 (0.7126)	Prec @1 0.7344 (0.7685)	
Epoch: [15][20/391]	Time 0.077 (0.088)	Loss 0.8372 (0.7140)	Prec @1 0.7344 (0.7641)	
Epoch: [15][30/391]	Time 0.087 (0.085)	Loss 0.6049 (0.6905)	Prec @1 0.8047 (0.7722)	
Epoch: [15][40/391]	Time 0.076 (0.086)	Loss 0.6450 (0.6711)	Prec @1 0.7734 (0.7765)	
Epoch: [15][50/391]	Time 0.081 (0.086)	Loss 0.5037 (0.6620)	Prec @1 0.8281 (0.7788)	
Epoch: [15][60/391]	Time 0.087 (0.085)	Loss 0.7147 (0.6591)	Prec @1 0.7422 (0.7778)	
Epoch: [15][70/391]	Time 0.081 (0.085)	Loss 0.6169 (0.6518)	Prec @1 0.7734 (0.7787)	
Epoch: [15][80/391]	Time 0.090 (0.085)	Loss 0.5697 (0.6470)	Prec @1 0.8047 (0.7805)	
Epoch: [15][90/391]	Time 0.101 (0.086)	Loss 0.7078 (0.6459)	Prec @1 0.7734 (0.7812)	
Epoch: [15][100/391]	Time 0.078 (0.086)	Loss 0.5705 (0.6448)	Prec @1 0.8047 (0.7812)	
Epoch: [15][110/391]	Time 0.084 (0.086)	Loss 0.5764 (0.6429)	Prec @1 0.8047 (0.7813)	
Epoch: [15][120/391]	Time 0.095 (0.087)	Loss 0.5389 (0.6378)	Prec @1 0.8125 (0.7835)	
Epoch: [15][130/391]	Time 0.092 (0.088)	Loss 0.7100 (0.6356)	Prec @1 0.7188 (0.7833)	
Epoch: [15][140/391]	Time 0.081 (0.087)	Loss 0.5376 (0.6324)	Prec @1 0.7969 (0.7846)	
Epoch: [15][150/391]	Time 0.093 (0.089)	Loss 0.4489 (0.6316)	Prec @1 0.8672 (0.7845)	
Epoch: [15][160/391]	Time 0.086 (0.089)	Loss 0.7922 (0.6302)	Prec @1 0.7109 (0.7848)	
Epoch: [15][170/391]	Time 0.112 (0.089)	Loss 0.5781 (0.6270)	Prec @1 0.7969 (0.7853)	
Epoch: [15][180/391]	Time 0.109 (0.090)	Loss 0.5933 (0.6270)	Prec @1 0.8125 (0.7851)	
Epoch: [15][190/391]	Time 0.088 (0.090)	Loss 0.6361 (0.6237)	Prec @1 0.7656 (0.7855)	
Epoch: [15][200/391]	Time 0.094 (0.091)	Loss 0.5839 (0.6205)	Prec @1 0.8047 (0.7867)	
Epoch: [15][210/391]	Time 0.141 (0.092)	Loss 0.6134 (0.6180)	Prec @1 0.7812 (0.7872)	
Epoch: [15][220/391]	Time 0.092 (0.092)	Loss 0.5776 (0.6169)	Prec @1 0.8047 (0.7874)	
Epoch: [15][230/391]	Time 0.090 (0.092)	Loss 0.5408 (0.6163)	Prec @1 0.8516 (0.7878)	
Epoch: [15][240/391]	Time 0.087 (0.092)	Loss 0.5231 (0.6150)	Prec @1 0.8047 (0.7884)	
Epoch: [15][250/391]	Time 0.085 (0.092)	Loss 0.5669 (0.6154)	Prec @1 0.7656 (0.7881)	
Epoch: [15][260/391]	Time 0.093 (0.093)	Loss 0.4850 (0.6133)	Prec @1 0.8203 (0.7890)	
Epoch: [15][270/391]	Time 0.112 (0.093)	Loss 0.7873 (0.6138)	Prec @1 0.7266 (0.7890)	
Epoch: [15][280/391]	Time 0.083 (0.093)	Loss 0.5096 (0.6138)	Prec @1 0.8125 (0.7893)	
Epoch: [15][290/391]	Time 0.084 (0.093)	Loss 0.6949 (0.6132)	Prec @1 0.7500 (0.7895)	
Epoch: [15][300/391]	Time 0.085 (0.094)	Loss 0.6954 (0.6135)	Prec @1 0.7422 (0.7891)	
Epoch: [15][310/391]	Time 0.112 (0.094)	Loss 0.4613 (0.6123)	Prec @1 0.8281 (0.7897)	
Epoch: [15][320/391]	Time 0.118 (0.094)	Loss 0.8167 (0.6121)	Prec @1 0.7266 (0.7897)	
Epoch: [15][330/391]	Time 0.098 (0.094)	Loss 0.5627 (0.6111)	Prec @1 0.7812 (0.7902)	
Epoch: [15][340/391]	Time 0.103 (0.094)	Loss 0.4565 (0.6114)	Prec @1 0.8516 (0.7904)	
Epoch: [15][350/391]	Time 0.091 (0.095)	Loss 0.4656 (0.6100)	Prec @1 0.8594 (0.7909)	
Epoch: [15][360/391]	Time 0.090 (0.095)	Loss 0.6194 (0.6098)	Prec @1 0.8047 (0.7912)	
Epoch: [15][370/391]	Time 0.109 (0.095)	Loss 0.6382 (0.6093)	Prec @1 0.7969 (0.7912)	
Epoch: [15][380/391]	Time 0.084 (0.095)	Loss 0.6812 (0.6090)	Prec @1 0.7891 (0.7912)	
Epoch: [15][390/391]	Time 0.088 (0.095)	Loss 0.5994 (0.6085)	Prec @1 0.7750 (0.7912)	
Epoch: [15][0/100]	Time 0.042 (0.042)	
Epoch: [15][10/100]	Time 0.028 (0.036)	
Epoch: [15][20/100]	Time 0.029 (0.033)	
Epoch: [15][30/100]	Time 0.027 (0.032)	
Epoch: [15][40/100]	Time 0.024 (0.031)	
Epoch: [15][50/100]	Time 0.029 (0.031)	
Epoch: [15][60/100]	Time 0.031 (0.031)	
Epoch: [15][70/100]	Time 0.031 (0.031)	
Epoch: [15][80/100]	Time 0.027 (0.030)	
Epoch: [15][90/100]	Time 0.031 (0.030)	
Accuracy of Class 0: 0.8240
Accuracy of Class 1: 0.9220
Accuracy of Class 2: 0.7220
Accuracy of Class 3: 0.6080
Accuracy of Class 4: 0.8160
Accuracy of Class 5: 0.7610
Accuracy of Class 6: 0.8760
Accuracy of Class 7: 0.8570
Accuracy of Class 8: 0.8950
Accuracy of Class 9: 0.8840
* Prec @1: 0.8165
Epoch: [16][0/391]	Time 0.114 (0.114)	Loss 0.5258 (0.5258)	Prec @1 0.8359 (0.8359)	
Epoch: [16][10/391]	Time 0.083 (0.111)	Loss 0.5661 (0.5313)	Prec @1 0.8047 (0.8139)	
Epoch: [16][20/391]	Time 0.097 (0.108)	Loss 0.6152 (0.5478)	Prec @1 0.8203 (0.8043)	
Epoch: [16][30/391]	Time 0.126 (0.109)	Loss 0.5694 (0.5715)	Prec @1 0.7969 (0.7979)	
Epoch: [16][40/391]	Time 0.098 (0.109)	Loss 0.5050 (0.5778)	Prec @1 0.8281 (0.7967)	
Epoch: [16][50/391]	Time 0.125 (0.110)	Loss 0.5961 (0.5813)	Prec @1 0.7969 (0.7961)	
Epoch: [16][60/391]	Time 0.085 (0.111)	Loss 0.6398 (0.5795)	Prec @1 0.7891 (0.7978)	
Epoch: [16][70/391]	Time 0.103 (0.109)	Loss 0.7008 (0.5806)	Prec @1 0.7969 (0.7973)	
Epoch: [16][80/391]	Time 0.092 (0.108)	Loss 0.6001 (0.5825)	Prec @1 0.7969 (0.7972)	
Epoch: [16][90/391]	Time 0.095 (0.108)	Loss 0.5071 (0.5811)	Prec @1 0.8359 (0.7983)	
Epoch: [16][100/391]	Time 0.079 (0.107)	Loss 0.8399 (0.5843)	Prec @1 0.7188 (0.7982)	
Epoch: [16][110/391]	Time 0.080 (0.105)	Loss 0.7864 (0.5856)	Prec @1 0.7734 (0.7989)	
Epoch: [16][120/391]	Time 0.102 (0.104)	Loss 0.6060 (0.5885)	Prec @1 0.8203 (0.7971)	
Epoch: [16][130/391]	Time 0.126 (0.104)	Loss 0.4925 (0.5849)	Prec @1 0.8281 (0.7981)	
Epoch: [16][140/391]	Time 0.141 (0.107)	Loss 0.4550 (0.5805)	Prec @1 0.8359 (0.8001)	
Epoch: [16][150/391]	Time 0.128 (0.108)	Loss 0.5157 (0.5788)	Prec @1 0.8125 (0.7998)	
Epoch: [16][160/391]	Time 0.123 (0.110)	Loss 0.5186 (0.5772)	Prec @1 0.8281 (0.8002)	
Epoch: [16][170/391]	Time 0.165 (0.114)	Loss 0.6435 (0.5782)	Prec @1 0.7812 (0.7999)	
Epoch: [16][180/391]	Time 0.183 (0.118)	Loss 0.5681 (0.5756)	Prec @1 0.7891 (0.8010)	
Epoch: [16][190/391]	Time 0.105 (0.120)	Loss 0.5973 (0.5741)	Prec @1 0.7812 (0.8010)	
Epoch: [16][200/391]	Time 0.093 (0.119)	Loss 0.5037 (0.5742)	Prec @1 0.8125 (0.8007)	
Epoch: [16][210/391]	Time 0.099 (0.119)	Loss 0.5770 (0.5749)	Prec @1 0.8047 (0.8002)	
Epoch: [16][220/391]	Time 0.120 (0.118)	Loss 0.6100 (0.5761)	Prec @1 0.7656 (0.7998)	
Epoch: [16][230/391]	Time 0.121 (0.118)	Loss 0.5644 (0.5771)	Prec @1 0.7969 (0.7998)	
Epoch: [16][240/391]	Time 0.086 (0.119)	Loss 0.5463 (0.5772)	Prec @1 0.7891 (0.7990)	
Epoch: [16][250/391]	Time 0.093 (0.118)	Loss 0.3899 (0.5787)	Prec @1 0.8750 (0.7988)	
Epoch: [16][260/391]	Time 0.135 (0.118)	Loss 0.5240 (0.5789)	Prec @1 0.8125 (0.7986)	
Epoch: [16][270/391]	Time 0.094 (0.117)	Loss 0.4126 (0.5780)	Prec @1 0.8750 (0.7994)	
Epoch: [16][280/391]	Time 0.188 (0.118)	Loss 0.5464 (0.5795)	Prec @1 0.8203 (0.7993)	
Epoch: [16][290/391]	Time 0.091 (0.118)	Loss 0.5990 (0.5798)	Prec @1 0.7656 (0.7987)	
Epoch: [16][300/391]	Time 0.108 (0.117)	Loss 0.4123 (0.5801)	Prec @1 0.8516 (0.7984)	
Epoch: [16][310/391]	Time 0.110 (0.117)	Loss 0.5207 (0.5808)	Prec @1 0.8125 (0.7984)	
Epoch: [16][320/391]	Time 0.116 (0.117)	Loss 0.7218 (0.5812)	Prec @1 0.7344 (0.7982)	
Epoch: [16][330/391]	Time 0.120 (0.117)	Loss 0.6193 (0.5809)	Prec @1 0.7500 (0.7978)	
Epoch: [16][340/391]	Time 0.106 (0.117)	Loss 0.7233 (0.5821)	Prec @1 0.7891 (0.7975)	
Epoch: [16][350/391]	Time 0.108 (0.117)	Loss 0.4632 (0.5825)	Prec @1 0.8047 (0.7973)	
Epoch: [16][360/391]	Time 0.229 (0.117)	Loss 0.6413 (0.5829)	Prec @1 0.7500 (0.7970)	
Epoch: [16][370/391]	Time 0.106 (0.117)	Loss 0.5022 (0.5825)	Prec @1 0.8438 (0.7971)	
Epoch: [16][380/391]	Time 0.109 (0.118)	Loss 0.5605 (0.5828)	Prec @1 0.8203 (0.7972)	
Epoch: [16][390/391]	Time 0.103 (0.118)	Loss 0.6683 (0.5841)	Prec @1 0.7875 (0.7968)	
Epoch: [16][0/100]	Time 0.040 (0.040)	
Epoch: [16][10/100]	Time 0.033 (0.035)	
Epoch: [16][20/100]	Time 0.051 (0.038)	
Epoch: [16][30/100]	Time 0.048 (0.041)	
Epoch: [16][40/100]	Time 0.071 (0.044)	
Epoch: [16][50/100]	Time 0.061 (0.047)	
Epoch: [16][60/100]	Time 0.097 (0.056)	
Epoch: [16][70/100]	Time 0.061 (0.057)	
Epoch: [16][80/100]	Time 0.074 (0.059)	
Epoch: [16][90/100]	Time 0.058 (0.059)	
Accuracy of Class 0: 0.8420
Accuracy of Class 1: 0.9130
Accuracy of Class 2: 0.6930
Accuracy of Class 3: 0.6040
Accuracy of Class 4: 0.8080
Accuracy of Class 5: 0.7750
Accuracy of Class 6: 0.8850
Accuracy of Class 7: 0.8460
Accuracy of Class 8: 0.8720
Accuracy of Class 9: 0.8970
* Prec @1: 0.8135
Epoch: [17][0/391]	Time 0.159 (0.159)	Loss 0.7121 (0.7121)	Prec @1 0.7422 (0.7422)	
Epoch: [17][10/391]	Time 0.089 (0.120)	Loss 0.6117 (0.6024)	Prec @1 0.7734 (0.7876)	
Epoch: [17][20/391]	Time 0.084 (0.105)	Loss 0.5267 (0.5920)	Prec @1 0.8438 (0.7913)	
Epoch: [17][30/391]	Time 0.091 (0.101)	Loss 0.5821 (0.5815)	Prec @1 0.7969 (0.7986)	
Epoch: [17][40/391]	Time 0.182 (0.107)	Loss 0.5655 (0.5852)	Prec @1 0.8203 (0.7984)	
Epoch: [17][50/391]	Time 0.113 (0.110)	Loss 0.6712 (0.5850)	Prec @1 0.7891 (0.7972)	
Epoch: [17][60/391]	Time 0.135 (0.123)	Loss 0.6501 (0.5857)	Prec @1 0.7500 (0.7970)	
Epoch: [17][70/391]	Time 0.128 (0.127)	Loss 0.5002 (0.5825)	Prec @1 0.8281 (0.7969)	
Epoch: [17][80/391]	Time 0.115 (0.126)	Loss 0.4355 (0.5843)	Prec @1 0.8672 (0.7972)	
Epoch: [17][90/391]	Time 0.148 (0.125)	Loss 0.6483 (0.5805)	Prec @1 0.7891 (0.7984)	
Epoch: [17][100/391]	Time 0.108 (0.125)	Loss 0.5673 (0.5854)	Prec @1 0.8203 (0.7975)	
Epoch: [17][110/391]	Time 0.109 (0.123)	Loss 0.6348 (0.5822)	Prec @1 0.8047 (0.7995)	
Epoch: [17][120/391]	Time 0.104 (0.122)	Loss 0.6211 (0.5842)	Prec @1 0.7891 (0.7986)	
Epoch: [17][130/391]	Time 0.112 (0.119)	Loss 0.5599 (0.5838)	Prec @1 0.7891 (0.7987)	
Epoch: [17][140/391]	Time 0.106 (0.117)	Loss 0.5114 (0.5812)	Prec @1 0.7969 (0.7993)	
Epoch: [17][150/391]	Time 0.075 (0.114)	Loss 0.5570 (0.5771)	Prec @1 0.8047 (0.8004)	
Epoch: [17][160/391]	Time 0.099 (0.112)	Loss 0.6470 (0.5760)	Prec @1 0.7969 (0.8007)	
Epoch: [17][170/391]	Time 0.078 (0.110)	Loss 0.4910 (0.5743)	Prec @1 0.8594 (0.8017)	
Epoch: [17][180/391]	Time 0.072 (0.108)	Loss 0.6215 (0.5744)	Prec @1 0.7734 (0.8023)	
Epoch: [17][190/391]	Time 0.068 (0.106)	Loss 0.6189 (0.5767)	Prec @1 0.7812 (0.8011)	
Epoch: [17][200/391]	Time 0.071 (0.105)	Loss 0.6195 (0.5766)	Prec @1 0.7891 (0.8008)	
Epoch: [17][210/391]	Time 0.098 (0.104)	Loss 0.6849 (0.5766)	Prec @1 0.7734 (0.8005)	
Epoch: [17][220/391]	Time 0.100 (0.103)	Loss 0.4348 (0.5762)	Prec @1 0.8672 (0.8010)	
Epoch: [17][230/391]	Time 0.093 (0.102)	Loss 0.5570 (0.5778)	Prec @1 0.8047 (0.8004)	
Epoch: [17][240/391]	Time 0.074 (0.101)	Loss 0.4203 (0.5761)	Prec @1 0.8672 (0.8008)	
Epoch: [17][250/391]	Time 0.077 (0.100)	Loss 0.5457 (0.5754)	Prec @1 0.8281 (0.8016)	
Epoch: [17][260/391]	Time 0.079 (0.099)	Loss 0.5743 (0.5746)	Prec @1 0.8047 (0.8021)	
Epoch: [17][270/391]	Time 0.084 (0.098)	Loss 0.6578 (0.5755)	Prec @1 0.7500 (0.8017)	
Epoch: [17][280/391]	Time 0.097 (0.098)	Loss 0.4611 (0.5760)	Prec @1 0.8438 (0.8014)	
Epoch: [17][290/391]	Time 0.080 (0.098)	Loss 0.6002 (0.5755)	Prec @1 0.7969 (0.8015)	
Epoch: [17][300/391]	Time 0.084 (0.098)	Loss 0.6832 (0.5763)	Prec @1 0.8203 (0.8011)	
Epoch: [17][310/391]	Time 0.071 (0.097)	Loss 0.4823 (0.5753)	Prec @1 0.8281 (0.8014)	
Epoch: [17][320/391]	Time 0.087 (0.096)	Loss 0.5881 (0.5741)	Prec @1 0.8203 (0.8018)	
Epoch: [17][330/391]	Time 0.073 (0.096)	Loss 0.5257 (0.5737)	Prec @1 0.8359 (0.8018)	
Epoch: [17][340/391]	Time 0.077 (0.095)	Loss 0.6981 (0.5743)	Prec @1 0.7812 (0.8019)	
Epoch: [17][350/391]	Time 0.070 (0.095)	Loss 0.6462 (0.5736)	Prec @1 0.7891 (0.8023)	
Epoch: [17][360/391]	Time 0.073 (0.094)	Loss 0.4999 (0.5727)	Prec @1 0.8281 (0.8023)	
Epoch: [17][370/391]	Time 0.092 (0.094)	Loss 0.4831 (0.5732)	Prec @1 0.8672 (0.8024)	
Epoch: [17][380/391]	Time 0.070 (0.093)	Loss 0.5649 (0.5724)	Prec @1 0.8125 (0.8025)	
Epoch: [17][390/391]	Time 0.050 (0.093)	Loss 0.5353 (0.5730)	Prec @1 0.7875 (0.8018)	
Epoch: [17][0/100]	Time 0.025 (0.025)	
Epoch: [17][10/100]	Time 0.028 (0.025)	
Epoch: [17][20/100]	Time 0.025 (0.025)	
Epoch: [17][30/100]	Time 0.026 (0.026)	
Epoch: [17][40/100]	Time 0.029 (0.026)	
Epoch: [17][50/100]	Time 0.027 (0.027)	
Epoch: [17][60/100]	Time 0.031 (0.027)	
Epoch: [17][70/100]	Time 0.034 (0.028)	
Epoch: [17][80/100]	Time 0.036 (0.029)	
Epoch: [17][90/100]	Time 0.034 (0.029)	
Accuracy of Class 0: 0.8330
Accuracy of Class 1: 0.9090
Accuracy of Class 2: 0.7360
Accuracy of Class 3: 0.6540
Accuracy of Class 4: 0.8060
Accuracy of Class 5: 0.7480
Accuracy of Class 6: 0.8650
Accuracy of Class 7: 0.8540
Accuracy of Class 8: 0.8940
Accuracy of Class 9: 0.9080
* Prec @1: 0.8207
Epoch: [18][0/391]	Time 0.076 (0.076)	Loss 0.5712 (0.5712)	Prec @1 0.8047 (0.8047)	
Epoch: [18][10/391]	Time 0.071 (0.076)	Loss 0.5526 (0.5960)	Prec @1 0.8203 (0.7955)	
Epoch: [18][20/391]	Time 0.101 (0.076)	Loss 0.6727 (0.5806)	Prec @1 0.8125 (0.8036)	
Epoch: [18][30/391]	Time 0.069 (0.077)	Loss 0.6857 (0.5996)	Prec @1 0.7344 (0.7984)	
Epoch: [18][40/391]	Time 0.079 (0.079)	Loss 0.4879 (0.5863)	Prec @1 0.8281 (0.8018)	
Epoch: [18][50/391]	Time 0.073 (0.078)	Loss 0.5703 (0.5835)	Prec @1 0.8047 (0.8013)	
Epoch: [18][60/391]	Time 0.070 (0.078)	Loss 0.5565 (0.5815)	Prec @1 0.8359 (0.8015)	
Epoch: [18][70/391]	Time 0.077 (0.078)	Loss 0.5649 (0.5766)	Prec @1 0.8047 (0.8030)	
Epoch: [18][80/391]	Time 0.076 (0.078)	Loss 0.5404 (0.5804)	Prec @1 0.7969 (0.8014)	
Epoch: [18][90/391]	Time 0.076 (0.079)	Loss 0.5068 (0.5793)	Prec @1 0.8359 (0.8025)	
Epoch: [18][100/391]	Time 0.099 (0.079)	Loss 0.5332 (0.5766)	Prec @1 0.8125 (0.8028)	
Epoch: [18][110/391]	Time 0.077 (0.079)	Loss 0.6431 (0.5776)	Prec @1 0.7656 (0.8028)	
Epoch: [18][120/391]	Time 0.092 (0.079)	Loss 0.4747 (0.5744)	Prec @1 0.8516 (0.8040)	
Epoch: [18][130/391]	Time 0.076 (0.079)	Loss 0.6470 (0.5772)	Prec @1 0.8125 (0.8043)	
Epoch: [18][140/391]	Time 0.078 (0.079)	Loss 0.7053 (0.5789)	Prec @1 0.7734 (0.8045)	
Epoch: [18][150/391]	Time 0.082 (0.080)	Loss 0.5406 (0.5759)	Prec @1 0.8125 (0.8050)	
Epoch: [18][160/391]	Time 0.078 (0.080)	Loss 0.6134 (0.5748)	Prec @1 0.7891 (0.8049)	
Epoch: [18][170/391]	Time 0.097 (0.080)	Loss 0.5194 (0.5740)	Prec @1 0.7969 (0.8049)	
Epoch: [18][180/391]	Time 0.094 (0.081)	Loss 0.5656 (0.5747)	Prec @1 0.8125 (0.8043)	
Epoch: [18][190/391]	Time 0.075 (0.081)	Loss 0.6110 (0.5771)	Prec @1 0.7812 (0.8035)	
Epoch: [18][200/391]	Time 0.074 (0.081)	Loss 0.4719 (0.5761)	Prec @1 0.8203 (0.8034)	
Epoch: [18][210/391]	Time 0.104 (0.081)	Loss 0.6135 (0.5778)	Prec @1 0.7500 (0.8023)	
Epoch: [18][220/391]	Time 0.076 (0.081)	Loss 0.7304 (0.5786)	Prec @1 0.7812 (0.8022)	
Epoch: [18][230/391]	Time 0.079 (0.081)	Loss 0.6239 (0.5795)	Prec @1 0.7812 (0.8019)	
Epoch: [18][240/391]	Time 0.078 (0.081)	Loss 0.4475 (0.5781)	Prec @1 0.8594 (0.8022)	
Epoch: [18][250/391]	Time 0.087 (0.081)	Loss 0.4996 (0.5787)	Prec @1 0.8359 (0.8021)	
Epoch: [18][260/391]	Time 0.076 (0.081)	Loss 0.5570 (0.5761)	Prec @1 0.8125 (0.8030)	
Epoch: [18][270/391]	Time 0.093 (0.082)	Loss 0.6064 (0.5747)	Prec @1 0.7656 (0.8034)	
Epoch: [18][280/391]	Time 0.089 (0.082)	Loss 0.6106 (0.5748)	Prec @1 0.7891 (0.8032)	
Epoch: [18][290/391]	Time 0.128 (0.083)	Loss 0.5940 (0.5743)	Prec @1 0.7812 (0.8034)	
Epoch: [18][300/391]	Time 0.112 (0.084)	Loss 0.7855 (0.5734)	Prec @1 0.7500 (0.8032)	
Epoch: [18][310/391]	Time 0.055 (0.083)	Loss 0.6377 (0.5750)	Prec @1 0.7656 (0.8028)	
Epoch: [18][320/391]	Time 0.067 (0.083)	Loss 0.6199 (0.5760)	Prec @1 0.7812 (0.8024)	
Epoch: [18][330/391]	Time 0.080 (0.082)	Loss 0.5278 (0.5757)	Prec @1 0.8203 (0.8025)	
Epoch: [18][340/391]	Time 0.072 (0.082)	Loss 0.5806 (0.5766)	Prec @1 0.8125 (0.8022)	
Epoch: [18][350/391]	Time 0.078 (0.082)	Loss 0.5500 (0.5760)	Prec @1 0.7969 (0.8024)	
Epoch: [18][360/391]	Time 0.085 (0.082)	Loss 0.5161 (0.5751)	Prec @1 0.8594 (0.8030)	
Epoch: [18][370/391]	Time 0.078 (0.082)	Loss 0.4955 (0.5745)	Prec @1 0.8047 (0.8031)	
Epoch: [18][380/391]	Time 0.076 (0.082)	Loss 0.5833 (0.5742)	Prec @1 0.8203 (0.8031)	
Epoch: [18][390/391]	Time 0.050 (0.082)	Loss 0.5191 (0.5740)	Prec @1 0.8125 (0.8031)	
Epoch: [18][0/100]	Time 0.023 (0.023)	
Epoch: [18][10/100]	Time 0.027 (0.024)	
Epoch: [18][20/100]	Time 0.028 (0.026)	
Epoch: [18][30/100]	Time 0.031 (0.027)	
Epoch: [18][40/100]	Time 0.028 (0.027)	
Epoch: [18][50/100]	Time 0.036 (0.028)	
Epoch: [18][60/100]	Time 0.036 (0.030)	
Epoch: [18][70/100]	Time 0.046 (0.032)	
Epoch: [18][80/100]	Time 0.049 (0.033)	
Epoch: [18][90/100]	Time 0.055 (0.035)	
Accuracy of Class 0: 0.8390
Accuracy of Class 1: 0.9210
Accuracy of Class 2: 0.6650
Accuracy of Class 3: 0.6390
Accuracy of Class 4: 0.8080
Accuracy of Class 5: 0.7740
Accuracy of Class 6: 0.8970
Accuracy of Class 7: 0.8530
Accuracy of Class 8: 0.8840
Accuracy of Class 9: 0.8910
* Prec @1: 0.8171
Epoch: [19][0/391]	Time 0.128 (0.128)	Loss 0.5415 (0.5415)	Prec @1 0.7969 (0.7969)	
Epoch: [19][10/391]	Time 0.113 (0.128)	Loss 0.5560 (0.5607)	Prec @1 0.7812 (0.8082)	
Epoch: [19][20/391]	Time 0.110 (0.124)	Loss 0.5815 (0.5622)	Prec @1 0.8281 (0.8077)	
Epoch: [19][30/391]	Time 0.118 (0.126)	Loss 0.4069 (0.5549)	Prec @1 0.8594 (0.8130)	
Epoch: [19][40/391]	Time 0.057 (0.123)	Loss 0.4782 (0.5514)	Prec @1 0.8203 (0.8129)	
Epoch: [19][50/391]	Time 0.078 (0.112)	Loss 0.4865 (0.5550)	Prec @1 0.8047 (0.8096)	
Epoch: [19][60/391]	Time 0.091 (0.107)	Loss 0.5702 (0.5580)	Prec @1 0.7969 (0.8065)	
Epoch: [19][70/391]	Time 0.095 (0.105)	Loss 0.5240 (0.5655)	Prec @1 0.8203 (0.8055)	
Epoch: [19][80/391]	Time 0.109 (0.105)	Loss 0.6007 (0.5677)	Prec @1 0.8125 (0.8043)	
Epoch: [19][90/391]	Time 0.090 (0.104)	Loss 0.6120 (0.5698)	Prec @1 0.7969 (0.8032)	
Epoch: [19][100/391]	Time 0.099 (0.103)	Loss 0.5190 (0.5661)	Prec @1 0.8281 (0.8049)	
Epoch: [19][110/391]	Time 0.095 (0.102)	Loss 0.6825 (0.5639)	Prec @1 0.7266 (0.8056)	
Epoch: [19][120/391]	Time 0.103 (0.102)	Loss 0.6025 (0.5666)	Prec @1 0.8125 (0.8051)	
Epoch: [19][130/391]	Time 0.091 (0.102)	Loss 0.5798 (0.5678)	Prec @1 0.7734 (0.8047)	
Epoch: [19][140/391]	Time 0.155 (0.103)	Loss 0.5647 (0.5677)	Prec @1 0.8125 (0.8044)	
Epoch: [19][150/391]	Time 0.098 (0.102)	Loss 0.5733 (0.5688)	Prec @1 0.8047 (0.8034)	
Epoch: [19][160/391]	Time 0.099 (0.102)	Loss 0.4697 (0.5693)	Prec @1 0.8438 (0.8033)	
Epoch: [19][170/391]	Time 0.089 (0.101)	Loss 0.7079 (0.5705)	Prec @1 0.7422 (0.8035)	
Epoch: [19][180/391]	Time 0.093 (0.101)	Loss 0.6093 (0.5703)	Prec @1 0.7734 (0.8030)	
Epoch: [19][190/391]	Time 0.099 (0.100)	Loss 0.4949 (0.5717)	Prec @1 0.8203 (0.8026)	
Epoch: [19][200/391]	Time 0.065 (0.098)	Loss 0.6601 (0.5723)	Prec @1 0.7734 (0.8023)	
Epoch: [19][210/391]	Time 0.057 (0.097)	Loss 0.5088 (0.5700)	Prec @1 0.8281 (0.8029)	
Epoch: [19][220/391]	Time 0.072 (0.095)	Loss 0.5889 (0.5686)	Prec @1 0.7578 (0.8029)	
Epoch: [19][230/391]	Time 0.059 (0.094)	Loss 0.5865 (0.5696)	Prec @1 0.7891 (0.8030)	
Epoch: [19][240/391]	Time 0.053 (0.093)	Loss 0.4647 (0.5699)	Prec @1 0.8125 (0.8028)	
Epoch: [19][250/391]	Time 0.056 (0.091)	Loss 0.5608 (0.5695)	Prec @1 0.8203 (0.8029)	
Epoch: [19][260/391]	Time 0.055 (0.090)	Loss 0.5756 (0.5696)	Prec @1 0.7734 (0.8030)	
Epoch: [19][270/391]	Time 0.057 (0.089)	Loss 0.6704 (0.5698)	Prec @1 0.7656 (0.8031)	
Epoch: [19][280/391]	Time 0.054 (0.088)	Loss 0.5194 (0.5694)	Prec @1 0.8125 (0.8030)	
Epoch: [19][290/391]	Time 0.058 (0.086)	Loss 0.6508 (0.5697)	Prec @1 0.8125 (0.8034)	
Epoch: [19][300/391]	Time 0.054 (0.086)	Loss 0.5212 (0.5699)	Prec @1 0.8438 (0.8035)	
Epoch: [19][310/391]	Time 0.060 (0.085)	Loss 0.4693 (0.5704)	Prec @1 0.8594 (0.8036)	
Epoch: [19][320/391]	Time 0.053 (0.084)	Loss 0.5446 (0.5708)	Prec @1 0.8203 (0.8036)	
Epoch: [19][330/391]	Time 0.057 (0.083)	Loss 0.5665 (0.5702)	Prec @1 0.7734 (0.8038)	
Epoch: [19][340/391]	Time 0.068 (0.082)	Loss 0.5057 (0.5708)	Prec @1 0.8125 (0.8038)	
Epoch: [19][350/391]	Time 0.057 (0.082)	Loss 0.5295 (0.5702)	Prec @1 0.8047 (0.8043)	
Epoch: [19][360/391]	Time 0.061 (0.081)	Loss 0.6021 (0.5698)	Prec @1 0.7734 (0.8041)	
Epoch: [19][370/391]	Time 0.064 (0.081)	Loss 0.4939 (0.5694)	Prec @1 0.8516 (0.8042)	
Epoch: [19][380/391]	Time 0.058 (0.080)	Loss 0.6254 (0.5696)	Prec @1 0.7656 (0.8042)	
Epoch: [19][390/391]	Time 0.047 (0.080)	Loss 0.5641 (0.5696)	Prec @1 0.8250 (0.8044)	
Epoch: [19][0/100]	Time 0.029 (0.029)	
Epoch: [19][10/100]	Time 0.022 (0.023)	
Epoch: [19][20/100]	Time 0.024 (0.023)	
Epoch: [19][30/100]	Time 0.024 (0.024)	
Epoch: [19][40/100]	Time 0.027 (0.025)	
Epoch: [19][50/100]	Time 0.027 (0.025)	
Epoch: [19][60/100]	Time 0.026 (0.025)	
Epoch: [19][70/100]	Time 0.028 (0.026)	
Epoch: [19][80/100]	Time 0.029 (0.026)	
Epoch: [19][90/100]	Time 0.029 (0.026)	
Accuracy of Class 0: 0.8430
Accuracy of Class 1: 0.9080
Accuracy of Class 2: 0.7360
Accuracy of Class 3: 0.6400
Accuracy of Class 4: 0.8130
Accuracy of Class 5: 0.7490
Accuracy of Class 6: 0.8830
Accuracy of Class 7: 0.8530
Accuracy of Class 8: 0.8990
Accuracy of Class 9: 0.9100
* Prec @1: 0.8234
Epoch: [20][0/391]	Time 0.068 (0.068)	Loss 0.7020 (0.7020)	Prec @1 0.7734 (0.7734)	
Epoch: [20][10/391]	Time 0.072 (0.067)	Loss 0.5610 (0.5967)	Prec @1 0.8125 (0.7933)	
Epoch: [20][20/391]	Time 0.072 (0.069)	Loss 0.5185 (0.5554)	Prec @1 0.8281 (0.8114)	
Epoch: [20][30/391]	Time 0.074 (0.069)	Loss 0.5383 (0.5573)	Prec @1 0.8125 (0.8097)	
Epoch: [20][40/391]	Time 0.063 (0.069)	Loss 0.6991 (0.5551)	Prec @1 0.7656 (0.8110)	
Epoch: [20][50/391]	Time 0.075 (0.069)	Loss 0.5177 (0.5516)	Prec @1 0.8359 (0.8108)	
Epoch: [20][60/391]	Time 0.065 (0.069)	Loss 0.4855 (0.5457)	Prec @1 0.8594 (0.8135)	
Epoch: [20][70/391]	Time 0.076 (0.069)	Loss 0.7221 (0.5524)	Prec @1 0.7422 (0.8106)	
Epoch: [20][80/391]	Time 0.076 (0.071)	Loss 0.5775 (0.5528)	Prec @1 0.8203 (0.8108)	
Epoch: [20][90/391]	Time 0.074 (0.071)	Loss 0.4419 (0.5527)	Prec @1 0.8672 (0.8116)	
Epoch: [20][100/391]	Time 0.072 (0.071)	Loss 0.5279 (0.5548)	Prec @1 0.8359 (0.8104)	
Epoch: [20][110/391]	Time 0.081 (0.072)	Loss 0.4177 (0.5557)	Prec @1 0.8828 (0.8095)	
Epoch: [20][120/391]	Time 0.070 (0.072)	Loss 0.4908 (0.5514)	Prec @1 0.8203 (0.8112)	
Epoch: [20][130/391]	Time 0.075 (0.072)	Loss 0.5168 (0.5557)	Prec @1 0.8203 (0.8104)	
Epoch: [20][140/391]	Time 0.078 (0.073)	Loss 0.5564 (0.5551)	Prec @1 0.8125 (0.8101)	
Epoch: [20][150/391]	Time 0.076 (0.073)	Loss 0.4750 (0.5565)	Prec @1 0.8359 (0.8096)	
Epoch: [20][160/391]	Time 0.352 (0.076)	Loss 0.5509 (0.5543)	Prec @1 0.8125 (0.8106)	
Epoch: [20][170/391]	Time 0.062 (0.080)	Loss 0.4527 (0.5520)	Prec @1 0.8438 (0.8116)	
Epoch: [20][180/391]	Time 0.066 (0.079)	Loss 0.4900 (0.5511)	Prec @1 0.8203 (0.8115)	
Epoch: [20][190/391]	Time 0.079 (0.078)	Loss 0.6096 (0.5490)	Prec @1 0.8047 (0.8122)	
Epoch: [20][200/391]	Time 0.081 (0.078)	Loss 0.5201 (0.5472)	Prec @1 0.8438 (0.8131)	
Epoch: [20][210/391]	Time 0.080 (0.078)	Loss 0.6052 (0.5503)	Prec @1 0.7891 (0.8121)	
Epoch: [20][220/391]	Time 0.067 (0.078)	Loss 0.7188 (0.5519)	Prec @1 0.7266 (0.8116)	
Epoch: [20][230/391]	Time 0.072 (0.077)	Loss 0.6567 (0.5514)	Prec @1 0.7891 (0.8119)	
Epoch: [20][240/391]	Time 0.067 (0.077)	Loss 0.5192 (0.5518)	Prec @1 0.8203 (0.8119)	
Epoch: [20][250/391]	Time 0.069 (0.077)	Loss 0.7452 (0.5525)	Prec @1 0.7422 (0.8116)	
Epoch: [20][260/391]	Time 0.069 (0.077)	Loss 0.5016 (0.5521)	Prec @1 0.8047 (0.8116)	
Epoch: [20][270/391]	Time 0.076 (0.077)	Loss 0.4904 (0.5524)	Prec @1 0.8203 (0.8111)	
Epoch: [20][280/391]	Time 0.075 (0.076)	Loss 0.6513 (0.5515)	Prec @1 0.7891 (0.8114)	
Epoch: [20][290/391]	Time 0.072 (0.076)	Loss 0.5386 (0.5512)	Prec @1 0.7891 (0.8115)	
Epoch: [20][300/391]	Time 0.063 (0.076)	Loss 0.5475 (0.5512)	Prec @1 0.8516 (0.8111)	
Epoch: [20][310/391]	Time 0.072 (0.076)	Loss 0.4777 (0.5514)	Prec @1 0.8438 (0.8108)	
Epoch: [20][320/391]	Time 0.089 (0.076)	Loss 0.4958 (0.5501)	Prec @1 0.8438 (0.8112)	
Epoch: [20][330/391]	Time 0.076 (0.076)	Loss 0.6176 (0.5506)	Prec @1 0.7891 (0.8108)	
Epoch: [20][340/391]	Time 0.067 (0.076)	Loss 0.6364 (0.5523)	Prec @1 0.7969 (0.8105)	
Epoch: [20][350/391]	Time 0.100 (0.077)	Loss 0.4476 (0.5520)	Prec @1 0.8438 (0.8105)	
Epoch: [20][360/391]	Time 0.082 (0.077)	Loss 0.3836 (0.5524)	Prec @1 0.8828 (0.8102)	
Epoch: [20][370/391]	Time 0.059 (0.077)	Loss 0.4375 (0.5522)	Prec @1 0.8516 (0.8106)	
Epoch: [20][380/391]	Time 0.076 (0.077)	Loss 0.5918 (0.5529)	Prec @1 0.8125 (0.8102)	
Epoch: [20][390/391]	Time 0.050 (0.076)	Loss 0.6420 (0.5530)	Prec @1 0.8375 (0.8103)	
Epoch: [20][0/100]	Time 0.023 (0.023)	
Epoch: [20][10/100]	Time 0.019 (0.020)	
Epoch: [20][20/100]	Time 0.021 (0.020)	
Epoch: [20][30/100]	Time 0.022 (0.021)	
Epoch: [20][40/100]	Time 0.040 (0.022)	
Epoch: [20][50/100]	Time 0.025 (0.023)	
Epoch: [20][60/100]	Time 0.025 (0.023)	
Epoch: [20][70/100]	Time 0.038 (0.024)	
Epoch: [20][80/100]	Time 0.026 (0.025)	
Epoch: [20][90/100]	Time 0.027 (0.025)	
Accuracy of Class 0: 0.8410
Accuracy of Class 1: 0.9190
Accuracy of Class 2: 0.7280
Accuracy of Class 3: 0.6470
Accuracy of Class 4: 0.8160
Accuracy of Class 5: 0.7610
Accuracy of Class 6: 0.8800
Accuracy of Class 7: 0.8520
Accuracy of Class 8: 0.8950
Accuracy of Class 9: 0.8980
* Prec @1: 0.8237
Epoch: [21][0/391]	Time 0.062 (0.062)	Loss 0.4639 (0.4639)	Prec @1 0.8594 (0.8594)	
Epoch: [21][10/391]	Time 0.061 (0.069)	Loss 0.6534 (0.5697)	Prec @1 0.7812 (0.8054)	
Epoch: [21][20/391]	Time 0.072 (0.068)	Loss 0.7056 (0.5513)	Prec @1 0.7500 (0.8147)	
Epoch: [21][30/391]	Time 0.069 (0.067)	Loss 0.3881 (0.5468)	Prec @1 0.8750 (0.8165)	
Epoch: [21][40/391]	Time 0.061 (0.067)	Loss 0.4798 (0.5569)	Prec @1 0.8125 (0.8104)	
Epoch: [21][50/391]	Time 0.056 (0.067)	Loss 0.5213 (0.5648)	Prec @1 0.8516 (0.8094)	
Epoch: [21][60/391]	Time 0.076 (0.067)	Loss 0.4426 (0.5583)	Prec @1 0.8438 (0.8110)	
Epoch: [21][70/391]	Time 0.061 (0.067)	Loss 0.5212 (0.5527)	Prec @1 0.8281 (0.8124)	
Epoch: [21][80/391]	Time 0.061 (0.067)	Loss 0.6109 (0.5527)	Prec @1 0.7969 (0.8112)	
Epoch: [21][90/391]	Time 0.072 (0.067)	Loss 0.4787 (0.5454)	Prec @1 0.8750 (0.8153)	
Epoch: [21][100/391]	Time 0.070 (0.067)	Loss 0.5160 (0.5461)	Prec @1 0.8203 (0.8147)	
Epoch: [21][110/391]	Time 0.066 (0.067)	Loss 0.6793 (0.5488)	Prec @1 0.7422 (0.8120)	
Epoch: [21][120/391]	Time 0.067 (0.067)	Loss 0.5315 (0.5481)	Prec @1 0.8203 (0.8124)	
Epoch: [21][130/391]	Time 0.065 (0.067)	Loss 0.5565 (0.5485)	Prec @1 0.7656 (0.8119)	
Epoch: [21][140/391]	Time 0.093 (0.068)	Loss 0.5222 (0.5495)	Prec @1 0.8359 (0.8123)	
Epoch: [21][150/391]	Time 0.072 (0.069)	Loss 0.6228 (0.5508)	Prec @1 0.7969 (0.8121)	
Epoch: [21][160/391]	Time 0.087 (0.070)	Loss 0.5111 (0.5517)	Prec @1 0.8125 (0.8118)	
Epoch: [21][170/391]	Time 0.065 (0.070)	Loss 0.5347 (0.5526)	Prec @1 0.8281 (0.8117)	
Epoch: [21][180/391]	Time 0.063 (0.070)	Loss 0.5929 (0.5540)	Prec @1 0.7891 (0.8110)	
Epoch: [21][190/391]	Time 0.084 (0.071)	Loss 0.4000 (0.5533)	Prec @1 0.8750 (0.8122)	
Epoch: [21][200/391]	Time 0.074 (0.071)	Loss 0.5743 (0.5552)	Prec @1 0.7891 (0.8120)	
Epoch: [21][210/391]	Time 0.075 (0.072)	Loss 0.5300 (0.5556)	Prec @1 0.8125 (0.8117)	
Epoch: [21][220/391]	Time 0.067 (0.072)	Loss 0.5370 (0.5559)	Prec @1 0.7969 (0.8114)	
Epoch: [21][230/391]	Time 0.083 (0.072)	Loss 0.6841 (0.5547)	Prec @1 0.7734 (0.8117)	
Epoch: [21][240/391]	Time 0.106 (0.072)	Loss 0.5641 (0.5547)	Prec @1 0.8203 (0.8118)	
Epoch: [21][250/391]	Time 0.089 (0.074)	Loss 0.4665 (0.5562)	Prec @1 0.8672 (0.8114)	
Epoch: [21][260/391]	Time 0.061 (0.073)	Loss 0.5256 (0.5565)	Prec @1 0.8516 (0.8119)	
Epoch: [21][270/391]	Time 0.060 (0.073)	Loss 0.5199 (0.5567)	Prec @1 0.8125 (0.8123)	
Epoch: [21][280/391]	Time 0.061 (0.072)	Loss 0.7296 (0.5564)	Prec @1 0.7656 (0.8126)	
Epoch: [21][290/391]	Time 0.104 (0.073)	Loss 0.5997 (0.5564)	Prec @1 0.7812 (0.8124)	
Epoch: [21][300/391]	Time 0.106 (0.074)	Loss 0.6108 (0.5578)	Prec @1 0.7969 (0.8116)	
Epoch: [21][310/391]	Time 0.099 (0.075)	Loss 0.5049 (0.5564)	Prec @1 0.8281 (0.8124)	
Epoch: [21][320/391]	Time 0.109 (0.076)	Loss 0.7484 (0.5567)	Prec @1 0.7578 (0.8124)	
Epoch: [21][330/391]	Time 0.106 (0.078)	Loss 0.5575 (0.5566)	Prec @1 0.7812 (0.8123)	
Epoch: [21][340/391]	Time 0.085 (0.078)	Loss 0.5607 (0.5555)	Prec @1 0.8125 (0.8127)	
Epoch: [21][350/391]	Time 0.108 (0.079)	Loss 0.6707 (0.5554)	Prec @1 0.7578 (0.8128)	
Epoch: [21][360/391]	Time 0.101 (0.079)	Loss 0.5764 (0.5567)	Prec @1 0.7812 (0.8120)	
Epoch: [21][370/391]	Time 0.120 (0.080)	Loss 0.5826 (0.5567)	Prec @1 0.7969 (0.8120)	
Epoch: [21][380/391]	Time 0.141 (0.082)	Loss 0.5598 (0.5557)	Prec @1 0.8047 (0.8121)	
Epoch: [21][390/391]	Time 0.057 (0.082)	Loss 0.5954 (0.5557)	Prec @1 0.8125 (0.8118)	
Epoch: [21][0/100]	Time 0.040 (0.040)	
Epoch: [21][10/100]	Time 0.035 (0.034)	
Epoch: [21][20/100]	Time 0.041 (0.036)	
Epoch: [21][30/100]	Time 0.039 (0.036)	
Epoch: [21][40/100]	Time 0.028 (0.041)	
Epoch: [21][50/100]	Time 0.037 (0.040)	
Epoch: [21][60/100]	Time 0.032 (0.039)	
Epoch: [21][70/100]	Time 0.035 (0.038)	
Epoch: [21][80/100]	Time 0.034 (0.038)	
Epoch: [21][90/100]	Time 0.040 (0.038)	
Accuracy of Class 0: 0.8570
Accuracy of Class 1: 0.9220
Accuracy of Class 2: 0.7330
Accuracy of Class 3: 0.6340
Accuracy of Class 4: 0.8150
Accuracy of Class 5: 0.7680
Accuracy of Class 6: 0.8700
Accuracy of Class 7: 0.8650
Accuracy of Class 8: 0.8890
Accuracy of Class 9: 0.8890
* Prec @1: 0.8242
Epoch: [22][0/391]	Time 0.122 (0.122)	Loss 0.4339 (0.4339)	Prec @1 0.8203 (0.8203)	
Epoch: [22][10/391]	Time 0.110 (0.109)	Loss 0.4598 (0.5067)	Prec @1 0.8281 (0.8217)	
Epoch: [22][20/391]	Time 0.109 (0.109)	Loss 0.5876 (0.5295)	Prec @1 0.7812 (0.8162)	
Epoch: [22][30/391]	Time 0.104 (0.107)	Loss 0.8179 (0.5353)	Prec @1 0.7422 (0.8145)	
Epoch: [22][40/391]	Time 0.101 (0.107)	Loss 0.4378 (0.5382)	Prec @1 0.8594 (0.8138)	
Epoch: [22][50/391]	Time 0.126 (0.109)	Loss 0.4687 (0.5344)	Prec @1 0.7969 (0.8134)	
Epoch: [22][60/391]	Time 0.095 (0.109)	Loss 0.5836 (0.5311)	Prec @1 0.7891 (0.8144)	
Epoch: [22][70/391]	Time 0.098 (0.108)	Loss 0.5081 (0.5319)	Prec @1 0.8125 (0.8142)	
Epoch: [22][80/391]	Time 0.154 (0.108)	Loss 0.4960 (0.5329)	Prec @1 0.8672 (0.8138)	
Epoch: [22][90/391]	Time 0.100 (0.109)	Loss 0.5679 (0.5352)	Prec @1 0.8047 (0.8143)	
Epoch: [22][100/391]	Time 0.113 (0.108)	Loss 0.5134 (0.5382)	Prec @1 0.8203 (0.8127)	
Epoch: [22][110/391]	Time 0.105 (0.107)	Loss 0.4805 (0.5388)	Prec @1 0.8594 (0.8128)	
Epoch: [22][120/391]	Time 0.096 (0.107)	Loss 0.5349 (0.5413)	Prec @1 0.7969 (0.8121)	
Epoch: [22][130/391]	Time 0.110 (0.107)	Loss 0.5685 (0.5438)	Prec @1 0.8125 (0.8115)	
Epoch: [22][140/391]	Time 0.159 (0.106)	Loss 0.3805 (0.5436)	Prec @1 0.8672 (0.8116)	
Epoch: [22][150/391]	Time 0.114 (0.106)	Loss 0.7273 (0.5426)	Prec @1 0.6953 (0.8115)	
Epoch: [22][160/391]	Time 0.114 (0.106)	Loss 0.5712 (0.5434)	Prec @1 0.7891 (0.8106)	
Epoch: [22][170/391]	Time 0.084 (0.106)	Loss 0.5460 (0.5459)	Prec @1 0.8203 (0.8104)	
Epoch: [22][180/391]	Time 0.102 (0.106)	Loss 0.4778 (0.5445)	Prec @1 0.8125 (0.8109)	
Epoch: [22][190/391]	Time 0.139 (0.106)	Loss 0.5600 (0.5471)	Prec @1 0.7578 (0.8100)	
Epoch: [22][200/391]	Time 0.084 (0.105)	Loss 0.5901 (0.5473)	Prec @1 0.7812 (0.8098)	
Epoch: [22][210/391]	Time 0.059 (0.104)	Loss 0.5243 (0.5482)	Prec @1 0.8047 (0.8088)	
Epoch: [22][220/391]	Time 0.063 (0.102)	Loss 0.6981 (0.5473)	Prec @1 0.7656 (0.8096)	
Epoch: [22][230/391]	Time 0.057 (0.100)	Loss 0.6051 (0.5482)	Prec @1 0.7734 (0.8097)	
Epoch: [22][240/391]	Time 0.070 (0.098)	Loss 0.5604 (0.5479)	Prec @1 0.7812 (0.8096)	
Epoch: [22][250/391]	Time 0.106 (0.097)	Loss 0.4675 (0.5474)	Prec @1 0.8359 (0.8099)	
Epoch: [22][260/391]	Time 0.085 (0.097)	Loss 0.6384 (0.5479)	Prec @1 0.7734 (0.8095)	
Epoch: [22][270/391]	Time 0.059 (0.096)	Loss 0.6530 (0.5466)	Prec @1 0.7422 (0.8098)	
Epoch: [22][280/391]	Time 0.066 (0.094)	Loss 0.5355 (0.5464)	Prec @1 0.8125 (0.8101)	
Epoch: [22][290/391]	Time 0.058 (0.093)	Loss 0.5432 (0.5476)	Prec @1 0.8203 (0.8100)	
Epoch: [22][300/391]	Time 0.091 (0.092)	Loss 0.5536 (0.5486)	Prec @1 0.8125 (0.8098)	
Epoch: [22][310/391]	Time 0.086 (0.092)	Loss 0.6062 (0.5484)	Prec @1 0.8047 (0.8100)	
Epoch: [22][320/391]	Time 0.101 (0.092)	Loss 0.5606 (0.5490)	Prec @1 0.7969 (0.8099)	
Epoch: [22][330/391]	Time 0.106 (0.093)	Loss 0.5394 (0.5502)	Prec @1 0.8125 (0.8097)	
Epoch: [22][340/391]	Time 0.131 (0.093)	Loss 0.8193 (0.5501)	Prec @1 0.7266 (0.8096)	
Epoch: [22][350/391]	Time 0.117 (0.094)	Loss 0.5617 (0.5506)	Prec @1 0.8203 (0.8096)	
Epoch: [22][360/391]	Time 0.087 (0.094)	Loss 0.5556 (0.5521)	Prec @1 0.7656 (0.8089)	
Epoch: [22][370/391]	Time 0.082 (0.094)	Loss 0.6444 (0.5522)	Prec @1 0.7734 (0.8089)	
Epoch: [22][380/391]	Time 0.088 (0.094)	Loss 0.6398 (0.5524)	Prec @1 0.7578 (0.8088)	
Epoch: [22][390/391]	Time 0.063 (0.094)	Loss 0.6172 (0.5526)	Prec @1 0.8250 (0.8088)	
Epoch: [22][0/100]	Time 0.062 (0.062)	
Epoch: [22][10/100]	Time 0.036 (0.034)	
Epoch: [22][20/100]	Time 0.034 (0.034)	
Epoch: [22][30/100]	Time 0.051 (0.038)	
Epoch: [22][40/100]	Time 0.054 (0.042)	
Epoch: [22][50/100]	Time 0.067 (0.046)	
Epoch: [22][60/100]	Time 0.037 (0.049)	
Epoch: [22][70/100]	Time 0.045 (0.049)	
Epoch: [22][80/100]	Time 0.057 (0.048)	
Epoch: [22][90/100]	Time 0.050 (0.048)	
Accuracy of Class 0: 0.8480
Accuracy of Class 1: 0.9180
Accuracy of Class 2: 0.7280
Accuracy of Class 3: 0.6370
Accuracy of Class 4: 0.8150
Accuracy of Class 5: 0.7730
Accuracy of Class 6: 0.8750
Accuracy of Class 7: 0.8650
Accuracy of Class 8: 0.8980
Accuracy of Class 9: 0.8990
* Prec @1: 0.8256
Epoch: [23][0/391]	Time 0.123 (0.123)	Loss 0.5521 (0.5521)	Prec @1 0.8438 (0.8438)	
Epoch: [23][10/391]	Time 0.192 (0.124)	Loss 0.4057 (0.5019)	Prec @1 0.8438 (0.8288)	
Epoch: [23][20/391]	Time 0.092 (0.114)	Loss 0.6346 (0.5261)	Prec @1 0.7734 (0.8192)	
Epoch: [23][30/391]	Time 0.106 (0.115)	Loss 0.5922 (0.5364)	Prec @1 0.8203 (0.8140)	
Epoch: [23][40/391]	Time 0.079 (0.113)	Loss 0.5578 (0.5440)	Prec @1 0.8359 (0.8104)	
Epoch: [23][50/391]	Time 0.134 (0.113)	Loss 0.6369 (0.5438)	Prec @1 0.7656 (0.8125)	
Epoch: [23][60/391]	Time 0.081 (0.111)	Loss 0.4801 (0.5449)	Prec @1 0.8203 (0.8106)	
Epoch: [23][70/391]	Time 0.089 (0.111)	Loss 0.4885 (0.5465)	Prec @1 0.8281 (0.8100)	
Epoch: [23][80/391]	Time 0.098 (0.109)	Loss 0.4652 (0.5486)	Prec @1 0.8203 (0.8091)	
Epoch: [23][90/391]	Time 0.131 (0.108)	Loss 0.6237 (0.5498)	Prec @1 0.7266 (0.8091)	
Epoch: [23][100/391]	Time 0.142 (0.109)	Loss 0.6150 (0.5486)	Prec @1 0.8203 (0.8103)	
Epoch: [23][110/391]	Time 0.103 (0.108)	Loss 0.5580 (0.5528)	Prec @1 0.8125 (0.8098)	
Epoch: [23][120/391]	Time 0.278 (0.110)	Loss 0.5880 (0.5515)	Prec @1 0.7969 (0.8100)	
Epoch: [23][130/391]	Time 0.128 (0.113)	Loss 0.6102 (0.5550)	Prec @1 0.7734 (0.8084)	
Epoch: [23][140/391]	Time 0.095 (0.113)	Loss 0.5681 (0.5517)	Prec @1 0.7812 (0.8096)	
Epoch: [23][150/391]	Time 0.095 (0.113)	Loss 0.5701 (0.5532)	Prec @1 0.7969 (0.8094)	
Epoch: [23][160/391]	Time 0.126 (0.113)	Loss 0.5389 (0.5540)	Prec @1 0.7969 (0.8084)	
Epoch: [23][170/391]	Time 0.116 (0.113)	Loss 0.4745 (0.5564)	Prec @1 0.8594 (0.8082)	
Epoch: [23][180/391]	Time 0.090 (0.113)	Loss 0.5995 (0.5577)	Prec @1 0.8203 (0.8080)	
Epoch: [23][190/391]	Time 0.093 (0.112)	Loss 0.4663 (0.5548)	Prec @1 0.8516 (0.8091)	
Epoch: [23][200/391]	Time 0.095 (0.111)	Loss 0.4306 (0.5535)	Prec @1 0.8594 (0.8095)	
Epoch: [23][210/391]	Time 0.127 (0.112)	Loss 0.5713 (0.5546)	Prec @1 0.7812 (0.8086)	
Epoch: [23][220/391]	Time 0.095 (0.112)	Loss 0.4801 (0.5561)	Prec @1 0.8438 (0.8080)	
Epoch: [23][230/391]	Time 0.098 (0.112)	Loss 0.6471 (0.5558)	Prec @1 0.8047 (0.8079)	
Epoch: [23][240/391]	Time 0.110 (0.112)	Loss 0.4273 (0.5562)	Prec @1 0.8594 (0.8076)	
Epoch: [23][250/391]	Time 0.103 (0.111)	Loss 0.6319 (0.5576)	Prec @1 0.8047 (0.8077)	
Epoch: [23][260/391]	Time 0.101 (0.111)	Loss 0.5988 (0.5580)	Prec @1 0.8203 (0.8077)	
Epoch: [23][270/391]	Time 0.084 (0.111)	Loss 0.5770 (0.5597)	Prec @1 0.8203 (0.8070)	
Epoch: [23][280/391]	Time 0.110 (0.111)	Loss 0.5559 (0.5593)	Prec @1 0.7891 (0.8071)	
Epoch: [23][290/391]	Time 0.163 (0.111)	Loss 0.5098 (0.5591)	Prec @1 0.8125 (0.8072)	
Epoch: [23][300/391]	Time 0.143 (0.112)	Loss 0.6442 (0.5586)	Prec @1 0.7656 (0.8073)	
Epoch: [23][310/391]	Time 0.118 (0.113)	Loss 0.4951 (0.5592)	Prec @1 0.8438 (0.8069)	
Epoch: [23][320/391]	Time 0.129 (0.113)	Loss 0.7009 (0.5605)	Prec @1 0.7812 (0.8067)	
Epoch: [23][330/391]	Time 0.112 (0.113)	Loss 0.7249 (0.5598)	Prec @1 0.7969 (0.8072)	
Epoch: [23][340/391]	Time 0.148 (0.113)	Loss 0.6351 (0.5598)	Prec @1 0.7578 (0.8070)	
Epoch: [23][350/391]	Time 0.126 (0.113)	Loss 0.6930 (0.5609)	Prec @1 0.7656 (0.8065)	
Epoch: [23][360/391]	Time 0.114 (0.113)	Loss 0.5027 (0.5604)	Prec @1 0.8516 (0.8064)	
Epoch: [23][370/391]	Time 0.094 (0.113)	Loss 0.6594 (0.5595)	Prec @1 0.7656 (0.8068)	
Epoch: [23][380/391]	Time 0.144 (0.113)	Loss 0.5511 (0.5588)	Prec @1 0.7812 (0.8069)	
Epoch: [23][390/391]	Time 0.071 (0.113)	Loss 0.4792 (0.5573)	Prec @1 0.8250 (0.8071)	
Epoch: [23][0/100]	Time 0.047 (0.047)	
Epoch: [23][10/100]	Time 0.031 (0.035)	
Epoch: [23][20/100]	Time 0.021 (0.032)	
Epoch: [23][30/100]	Time 0.041 (0.032)	
Epoch: [23][40/100]	Time 0.029 (0.034)	
Epoch: [23][50/100]	Time 0.034 (0.034)	
Epoch: [23][60/100]	Time 0.056 (0.036)	
Epoch: [23][70/100]	Time 0.053 (0.038)	
Epoch: [23][80/100]	Time 0.064 (0.040)	
Epoch: [23][90/100]	Time 0.046 (0.041)	
Accuracy of Class 0: 0.8470
Accuracy of Class 1: 0.9200
Accuracy of Class 2: 0.7250
Accuracy of Class 3: 0.6410
Accuracy of Class 4: 0.8190
Accuracy of Class 5: 0.7660
Accuracy of Class 6: 0.8760
Accuracy of Class 7: 0.8610
Accuracy of Class 8: 0.8960
Accuracy of Class 9: 0.8930
* Prec @1: 0.8244
Epoch: [24][0/391]	Time 0.132 (0.132)	Loss 0.5024 (0.5024)	Prec @1 0.8281 (0.8281)	
Epoch: [24][10/391]	Time 0.111 (0.127)	Loss 0.6311 (0.5450)	Prec @1 0.7891 (0.8068)	
Epoch: [24][20/391]	Time 0.107 (0.115)	Loss 0.5750 (0.5410)	Prec @1 0.7969 (0.8088)	
Epoch: [24][30/391]	Time 0.085 (0.107)	Loss 0.5256 (0.5449)	Prec @1 0.8281 (0.8067)	
Epoch: [24][40/391]	Time 0.106 (0.106)	Loss 0.5119 (0.5411)	Prec @1 0.8125 (0.8108)	
Epoch: [24][50/391]	Time 0.143 (0.110)	Loss 0.4257 (0.5340)	Prec @1 0.8828 (0.8134)	
Epoch: [24][60/391]	Time 0.102 (0.112)	Loss 0.5100 (0.5381)	Prec @1 0.7969 (0.8124)	
Epoch: [24][70/391]	Time 0.098 (0.112)	Loss 0.5802 (0.5462)	Prec @1 0.7891 (0.8105)	
Epoch: [24][80/391]	Time 0.098 (0.110)	Loss 0.6423 (0.5468)	Prec @1 0.7734 (0.8101)	
Epoch: [24][90/391]	Time 0.083 (0.109)	Loss 0.5939 (0.5447)	Prec @1 0.7812 (0.8110)	
Epoch: [24][100/391]	Time 0.090 (0.108)	Loss 0.6012 (0.5467)	Prec @1 0.7734 (0.8098)	
Epoch: [24][110/391]	Time 0.112 (0.107)	Loss 0.5771 (0.5456)	Prec @1 0.8203 (0.8110)	
Epoch: [24][120/391]	Time 0.155 (0.113)	Loss 0.5488 (0.5470)	Prec @1 0.7969 (0.8099)	
Epoch: [24][130/391]	Time 0.132 (0.114)	Loss 0.5688 (0.5484)	Prec @1 0.7891 (0.8095)	
Epoch: [24][140/391]	Time 0.134 (0.114)	Loss 0.5744 (0.5488)	Prec @1 0.7578 (0.8087)	
Epoch: [24][150/391]	Time 0.126 (0.115)	Loss 0.6136 (0.5485)	Prec @1 0.7891 (0.8092)	
Epoch: [24][160/391]	Time 0.158 (0.116)	Loss 0.5423 (0.5467)	Prec @1 0.8125 (0.8103)	
Epoch: [24][170/391]	Time 0.124 (0.117)	Loss 0.5397 (0.5471)	Prec @1 0.8203 (0.8104)	
Epoch: [24][180/391]	Time 0.151 (0.117)	Loss 0.4220 (0.5459)	Prec @1 0.8594 (0.8106)	
Epoch: [24][190/391]	Time 0.106 (0.117)	Loss 0.5199 (0.5468)	Prec @1 0.8359 (0.8101)	
Epoch: [24][200/391]	Time 0.078 (0.116)	Loss 0.6105 (0.5503)	Prec @1 0.7812 (0.8090)	
Epoch: [24][210/391]	Time 0.081 (0.115)	Loss 0.5145 (0.5510)	Prec @1 0.8047 (0.8085)	
Epoch: [24][220/391]	Time 0.126 (0.114)	Loss 0.4779 (0.5509)	Prec @1 0.8281 (0.8090)	
Epoch: [24][230/391]	Time 0.082 (0.115)	Loss 0.4148 (0.5494)	Prec @1 0.8828 (0.8098)	
Epoch: [24][240/391]	Time 0.098 (0.114)	Loss 0.5133 (0.5491)	Prec @1 0.7891 (0.8100)	
Epoch: [24][250/391]	Time 0.111 (0.113)	Loss 0.4754 (0.5505)	Prec @1 0.8594 (0.8099)	
Epoch: [24][260/391]	Time 0.126 (0.114)	Loss 0.5353 (0.5501)	Prec @1 0.8125 (0.8103)	
Epoch: [24][270/391]	Time 0.143 (0.114)	Loss 0.4779 (0.5498)	Prec @1 0.8125 (0.8104)	
Epoch: [24][280/391]	Time 0.097 (0.115)	Loss 0.5365 (0.5498)	Prec @1 0.8281 (0.8105)	
Epoch: [24][290/391]	Time 0.111 (0.115)	Loss 0.6324 (0.5487)	Prec @1 0.7578 (0.8109)	
Epoch: [24][300/391]	Time 0.114 (0.115)	Loss 0.4943 (0.5499)	Prec @1 0.8281 (0.8106)	
Epoch: [24][310/391]	Time 0.090 (0.115)	Loss 0.7517 (0.5499)	Prec @1 0.7500 (0.8105)	
Epoch: [24][320/391]	Time 0.118 (0.114)	Loss 0.6317 (0.5494)	Prec @1 0.7656 (0.8104)	
Epoch: [24][330/391]	Time 0.120 (0.114)	Loss 0.5597 (0.5494)	Prec @1 0.8203 (0.8105)	
Epoch: [24][340/391]	Time 0.098 (0.114)	Loss 0.6704 (0.5500)	Prec @1 0.7812 (0.8105)	
Epoch: [24][350/391]	Time 0.128 (0.114)	Loss 0.5564 (0.5499)	Prec @1 0.8047 (0.8105)	
Epoch: [24][360/391]	Time 0.091 (0.113)	Loss 0.5551 (0.5510)	Prec @1 0.7734 (0.8099)	
Epoch: [24][370/391]	Time 0.141 (0.113)	Loss 0.4953 (0.5506)	Prec @1 0.8359 (0.8103)	
Epoch: [24][380/391]	Time 0.128 (0.113)	Loss 0.6776 (0.5503)	Prec @1 0.7969 (0.8103)	
Epoch: [24][390/391]	Time 0.079 (0.113)	Loss 0.5588 (0.5502)	Prec @1 0.8375 (0.8104)	
Epoch: [24][0/100]	Time 0.044 (0.044)	
Epoch: [24][10/100]	Time 0.027 (0.041)	
Epoch: [24][20/100]	Time 0.032 (0.040)	
Epoch: [24][30/100]	Time 0.040 (0.040)	
Epoch: [24][40/100]	Time 0.031 (0.039)	
Epoch: [24][50/100]	Time 0.037 (0.040)	
Epoch: [24][60/100]	Time 0.064 (0.041)	
Epoch: [24][70/100]	Time 0.039 (0.041)	
Epoch: [24][80/100]	Time 0.043 (0.042)	
Epoch: [24][90/100]	Time 0.040 (0.043)	
Accuracy of Class 0: 0.8330
Accuracy of Class 1: 0.9210
Accuracy of Class 2: 0.7300
Accuracy of Class 3: 0.6330
Accuracy of Class 4: 0.8190
Accuracy of Class 5: 0.7630
Accuracy of Class 6: 0.8860
Accuracy of Class 7: 0.8610
Accuracy of Class 8: 0.8970
Accuracy of Class 9: 0.8910
* Prec @1: 0.8234
Best Prec @1 Acccuracy: 0.8256
Accuracy of Class 0: 0.8480
Accuracy of Class 1: 0.9180
Accuracy of Class 2: 0.7280
Accuracy of Class 3: 0.6370
Accuracy of Class 4: 0.8150
Accuracy of Class 5: 0.7730
Accuracy of Class 6: 0.8750
Accuracy of Class 7: 0.8650
Accuracy of Class 8: 0.8980
Accuracy of Class 9: 0.8990
