Files already downloaded and verified
Files already downloaded and verified
MyModel(
  (conv1): Conv2d(3, 32, kernel_size=(3, 3), stride=(1, 1), padding=(1, 1))
  (bn1): BatchNorm2d(32, eps=1e-05, momentum=0.1, affine=True, track_running_stats=True)
  (conv2): Conv2d(32, 64, kernel_size=(3, 3), stride=(1, 1), padding=(1, 1))
  (bn2): BatchNorm2d(64, eps=1e-05, momentum=0.1, affine=True, track_running_stats=True)
  (conv3): Conv2d(64, 128, kernel_size=(3, 3), stride=(1, 1), padding=(1, 1))
  (bn3): BatchNorm2d(128, eps=1e-05, momentum=0.1, affine=True, track_running_stats=True)
  (relu): ReLU()
  (pool): MaxPool2d(kernel_size=2, stride=2, padding=0, dilation=1, ceil_mode=False)
  (global_pool): AdaptiveAvgPool2d(output_size=1)
  (dropout): Dropout(p=0.5, inplace=False)
  (fc): Linear(in_features=128, out_features=10, bias=True)
)
Epoch: [0][0/391]	Time 0.124 (0.124)	Loss 2.5010 (2.5010)	Prec @1 0.0938 (0.0938)	
Epoch: [0][10/391]	Time 0.076 (0.064)	Loss 2.1874 (2.3553)	Prec @1 0.2031 (0.1634)	
Epoch: [0][20/391]	Time 0.060 (0.062)	Loss 2.0280 (2.2436)	Prec @1 0.2422 (0.1961)	
Epoch: [0][30/391]	Time 0.040 (0.058)	Loss 2.0119 (2.1806)	Prec @1 0.2500 (0.2119)	
Epoch: [0][40/391]	Time 0.050 (0.056)	Loss 1.8733 (2.1247)	Prec @1 0.2812 (0.2279)	
Epoch: [0][50/391]	Time 0.071 (0.057)	Loss 2.0200 (2.0855)	Prec @1 0.2188 (0.2396)	
Epoch: [0][60/391]	Time 0.056 (0.057)	Loss 1.8985 (2.0594)	Prec @1 0.2109 (0.2436)	
Epoch: [0][70/391]	Time 0.047 (0.056)	Loss 1.8591 (2.0306)	Prec @1 0.2969 (0.2525)	
Epoch: [0][80/391]	Time 0.051 (0.055)	Loss 1.7634 (2.0046)	Prec @1 0.3281 (0.2573)	
Epoch: [0][90/391]	Time 0.051 (0.054)	Loss 1.9108 (1.9855)	Prec @1 0.3047 (0.2638)	
Epoch: [0][100/391]	Time 0.045 (0.054)	Loss 1.6881 (1.9699)	Prec @1 0.3984 (0.2663)	
Epoch: [0][110/391]	Time 0.045 (0.053)	Loss 1.7322 (1.9543)	Prec @1 0.3594 (0.2705)	
Epoch: [0][120/391]	Time 0.056 (0.053)	Loss 1.7471 (1.9381)	Prec @1 0.2891 (0.2733)	
Epoch: [0][130/391]	Time 0.046 (0.053)	Loss 1.9230 (1.9239)	Prec @1 0.3438 (0.2776)	
Epoch: [0][140/391]	Time 0.048 (0.053)	Loss 1.7243 (1.9105)	Prec @1 0.3047 (0.2808)	
Epoch: [0][150/391]	Time 0.064 (0.053)	Loss 1.7282 (1.8999)	Prec @1 0.2969 (0.2844)	
Epoch: [0][160/391]	Time 0.055 (0.053)	Loss 1.7824 (1.8888)	Prec @1 0.3984 (0.2892)	
Epoch: [0][170/391]	Time 0.062 (0.053)	Loss 1.6129 (1.8776)	Prec @1 0.3750 (0.2925)	
Epoch: [0][180/391]	Time 0.066 (0.054)	Loss 1.6915 (1.8681)	Prec @1 0.3516 (0.2942)	
Epoch: [0][190/391]	Time 0.054 (0.054)	Loss 1.6904 (1.8602)	Prec @1 0.3984 (0.2968)	
Epoch: [0][200/391]	Time 0.049 (0.054)	Loss 1.6609 (1.8523)	Prec @1 0.3516 (0.2998)	
Epoch: [0][210/391]	Time 0.058 (0.054)	Loss 1.8110 (1.8469)	Prec @1 0.3203 (0.3015)	
Epoch: [0][220/391]	Time 0.059 (0.054)	Loss 1.5948 (1.8397)	Prec @1 0.3906 (0.3040)	
Epoch: [0][230/391]	Time 0.070 (0.054)	Loss 1.6576 (1.8346)	Prec @1 0.4219 (0.3060)	
Epoch: [0][240/391]	Time 0.045 (0.054)	Loss 1.7323 (1.8285)	Prec @1 0.3750 (0.3087)	
Epoch: [0][250/391]	Time 0.051 (0.054)	Loss 1.6830 (1.8220)	Prec @1 0.4062 (0.3118)	
Epoch: [0][260/391]	Time 0.060 (0.054)	Loss 1.7340 (1.8166)	Prec @1 0.3359 (0.3145)	
Epoch: [0][270/391]	Time 0.083 (0.055)	Loss 1.6255 (1.8103)	Prec @1 0.4609 (0.3173)	
Epoch: [0][280/391]	Time 0.076 (0.056)	Loss 1.5782 (1.8039)	Prec @1 0.3203 (0.3198)	
Epoch: [0][290/391]	Time 0.105 (0.057)	Loss 1.6423 (1.7987)	Prec @1 0.3125 (0.3216)	
Epoch: [0][300/391]	Time 0.084 (0.058)	Loss 1.3522 (1.7926)	Prec @1 0.4922 (0.3240)	
Epoch: [0][310/391]	Time 0.094 (0.059)	Loss 1.6170 (1.7879)	Prec @1 0.4219 (0.3261)	
Epoch: [0][320/391]	Time 0.085 (0.060)	Loss 1.6791 (1.7837)	Prec @1 0.3438 (0.3275)	
Epoch: [0][330/391]	Time 0.084 (0.061)	Loss 1.5772 (1.7800)	Prec @1 0.4453 (0.3295)	
Epoch: [0][340/391]	Time 0.082 (0.062)	Loss 1.6608 (1.7762)	Prec @1 0.3047 (0.3312)	
Epoch: [0][350/391]	Time 0.073 (0.063)	Loss 1.6628 (1.7693)	Prec @1 0.4141 (0.3341)	
Epoch: [0][360/391]	Time 0.082 (0.063)	Loss 1.6283 (1.7648)	Prec @1 0.3594 (0.3351)	
Epoch: [0][370/391]	Time 0.091 (0.064)	Loss 1.5826 (1.7610)	Prec @1 0.3359 (0.3365)	
Epoch: [0][380/391]	Time 0.095 (0.065)	Loss 1.7559 (1.7580)	Prec @1 0.3281 (0.3376)	
Epoch: [0][390/391]	Time 0.080 (0.065)	Loss 1.6374 (1.7542)	Prec @1 0.4000 (0.3392)	
Epoch: [0][0/100]	Time 0.039 (0.039)	
Epoch: [0][10/100]	Time 0.038 (0.036)	
Epoch: [0][20/100]	Time 0.034 (0.038)	
Epoch: [0][30/100]	Time 0.040 (0.039)	
Epoch: [0][40/100]	Time 0.039 (0.039)	
Epoch: [0][50/100]	Time 0.038 (0.040)	
Epoch: [0][60/100]	Time 0.043 (0.040)	
Epoch: [0][70/100]	Time 0.033 (0.040)	
Epoch: [0][80/100]	Time 0.035 (0.039)	
Epoch: [0][90/100]	Time 0.038 (0.039)	
Accuracy of Class 0: 0.4210
Accuracy of Class 1: 0.1190
Accuracy of Class 2: 0.2680
Accuracy of Class 3: 0.0150
Accuracy of Class 4: 0.3630
Accuracy of Class 5: 0.5090
Accuracy of Class 6: 0.5010
Accuracy of Class 7: 0.7540
Accuracy of Class 8: 0.4580
Accuracy of Class 9: 0.6780
* Prec @1: 0.4086
Epoch: [1][0/391]	Time 0.091 (0.091)	Loss 1.5620 (1.5620)	Prec @1 0.4609 (0.4609)	
Epoch: [1][10/391]	Time 0.070 (0.087)	Loss 1.6649 (1.5537)	Prec @1 0.3281 (0.4148)	
Epoch: [1][20/391]	Time 0.075 (0.080)	Loss 1.6575 (1.5915)	Prec @1 0.4219 (0.4085)	
Epoch: [1][30/391]	Time 0.079 (0.077)	Loss 1.4057 (1.5838)	Prec @1 0.4219 (0.4052)	
Epoch: [1][40/391]	Time 0.065 (0.073)	Loss 1.5558 (1.5670)	Prec @1 0.4453 (0.4118)	
Epoch: [1][50/391]	Time 0.068 (0.072)	Loss 1.5936 (1.5595)	Prec @1 0.3906 (0.4161)	
Epoch: [1][60/391]	Time 0.070 (0.071)	Loss 1.5474 (1.5557)	Prec @1 0.4297 (0.4179)	
Epoch: [1][70/391]	Time 0.060 (0.070)	Loss 1.6874 (1.5575)	Prec @1 0.3906 (0.4157)	
Epoch: [1][80/391]	Time 0.064 (0.069)	Loss 1.5547 (1.5609)	Prec @1 0.4297 (0.4146)	
Epoch: [1][90/391]	Time 0.062 (0.068)	Loss 1.6017 (1.5619)	Prec @1 0.3984 (0.4161)	
Epoch: [1][100/391]	Time 0.060 (0.067)	Loss 1.5838 (1.5632)	Prec @1 0.4375 (0.4170)	
Epoch: [1][110/391]	Time 0.060 (0.067)	Loss 1.5465 (1.5569)	Prec @1 0.3906 (0.4207)	
Epoch: [1][120/391]	Time 0.062 (0.067)	Loss 1.5015 (1.5531)	Prec @1 0.5000 (0.4221)	
Epoch: [1][130/391]	Time 0.083 (0.067)	Loss 1.5910 (1.5490)	Prec @1 0.3906 (0.4243)	
Epoch: [1][140/391]	Time 0.065 (0.067)	Loss 1.4815 (1.5457)	Prec @1 0.4297 (0.4253)	
Epoch: [1][150/391]	Time 0.090 (0.067)	Loss 1.5585 (1.5447)	Prec @1 0.4688 (0.4260)	
Epoch: [1][160/391]	Time 0.063 (0.067)	Loss 1.5170 (1.5419)	Prec @1 0.4297 (0.4272)	
Epoch: [1][170/391]	Time 0.068 (0.067)	Loss 1.5231 (1.5408)	Prec @1 0.4297 (0.4275)	
Epoch: [1][180/391]	Time 0.090 (0.068)	Loss 1.5669 (1.5423)	Prec @1 0.4219 (0.4273)	
Epoch: [1][190/391]	Time 0.140 (0.070)	Loss 1.5617 (1.5419)	Prec @1 0.4609 (0.4278)	
Epoch: [1][200/391]	Time 0.127 (0.073)	Loss 1.5488 (1.5387)	Prec @1 0.4219 (0.4294)	
Epoch: [1][210/391]	Time 0.084 (0.075)	Loss 1.4817 (1.5372)	Prec @1 0.4844 (0.4301)	
Epoch: [1][220/391]	Time 0.103 (0.076)	Loss 1.6331 (1.5367)	Prec @1 0.3672 (0.4300)	
Epoch: [1][230/391]	Time 0.098 (0.077)	Loss 1.5533 (1.5349)	Prec @1 0.4141 (0.4309)	
Epoch: [1][240/391]	Time 0.129 (0.078)	Loss 1.2968 (1.5324)	Prec @1 0.4844 (0.4318)	
Epoch: [1][250/391]	Time 0.127 (0.080)	Loss 1.3840 (1.5302)	Prec @1 0.4688 (0.4327)	
Epoch: [1][260/391]	Time 0.100 (0.084)	Loss 1.5333 (1.5289)	Prec @1 0.4297 (0.4337)	
Epoch: [1][270/391]	Time 0.093 (0.085)	Loss 1.4078 (1.5267)	Prec @1 0.4766 (0.4356)	
Epoch: [1][280/391]	Time 0.106 (0.085)	Loss 1.5823 (1.5246)	Prec @1 0.4844 (0.4368)	
Epoch: [1][290/391]	Time 0.112 (0.086)	Loss 1.2762 (1.5213)	Prec @1 0.5469 (0.4380)	
Epoch: [1][300/391]	Time 0.146 (0.087)	Loss 1.6405 (1.5185)	Prec @1 0.4062 (0.4391)	
Epoch: [1][310/391]	Time 0.089 (0.087)	Loss 1.4376 (1.5167)	Prec @1 0.4375 (0.4393)	
Epoch: [1][320/391]	Time 0.118 (0.088)	Loss 1.4557 (1.5154)	Prec @1 0.4062 (0.4400)	
Epoch: [1][330/391]	Time 0.096 (0.088)	Loss 1.4760 (1.5156)	Prec @1 0.4844 (0.4404)	
Epoch: [1][340/391]	Time 0.081 (0.088)	Loss 1.5280 (1.5143)	Prec @1 0.4375 (0.4402)	
Epoch: [1][350/391]	Time 0.081 (0.088)	Loss 1.3841 (1.5139)	Prec @1 0.4844 (0.4405)	
Epoch: [1][360/391]	Time 0.091 (0.089)	Loss 1.4480 (1.5127)	Prec @1 0.4688 (0.4410)	
Epoch: [1][370/391]	Time 0.097 (0.089)	Loss 1.4081 (1.5106)	Prec @1 0.4453 (0.4420)	
Epoch: [1][380/391]	Time 0.098 (0.089)	Loss 1.3907 (1.5101)	Prec @1 0.5156 (0.4424)	
Epoch: [1][390/391]	Time 0.061 (0.089)	Loss 1.4626 (1.5082)	Prec @1 0.4625 (0.4431)	
Epoch: [1][0/100]	Time 0.029 (0.029)	
Epoch: [1][10/100]	Time 0.021 (0.021)	
Epoch: [1][20/100]	Time 0.022 (0.022)	
Epoch: [1][30/100]	Time 0.020 (0.023)	
Epoch: [1][40/100]	Time 0.021 (0.024)	
Epoch: [1][50/100]	Time 0.027 (0.025)	
Epoch: [1][60/100]	Time 0.030 (0.025)	
Epoch: [1][70/100]	Time 0.033 (0.026)	
Epoch: [1][80/100]	Time 0.033 (0.027)	
Epoch: [1][90/100]	Time 0.032 (0.028)	
Accuracy of Class 0: 0.7680
Accuracy of Class 1: 0.5320
Accuracy of Class 2: 0.3890
Accuracy of Class 3: 0.3280
Accuracy of Class 4: 0.3340
Accuracy of Class 5: 0.3560
Accuracy of Class 6: 0.6570
Accuracy of Class 7: 0.5480
Accuracy of Class 8: 0.5540
Accuracy of Class 9: 0.2160
* Prec @1: 0.4682
Epoch: [2][0/391]	Time 0.114 (0.114)	Loss 1.5047 (1.5047)	Prec @1 0.4062 (0.4062)	
Epoch: [2][10/391]	Time 0.136 (0.112)	Loss 1.4025 (1.4686)	Prec @1 0.4844 (0.4759)	
Epoch: [2][20/391]	Time 0.122 (0.134)	Loss 1.4421 (1.4501)	Prec @1 0.4922 (0.4781)	
Epoch: [2][30/391]	Time 0.173 (0.139)	Loss 1.4402 (1.4646)	Prec @1 0.4141 (0.4723)	
Epoch: [2][40/391]	Time 0.082 (0.131)	Loss 1.4520 (1.4654)	Prec @1 0.4609 (0.4697)	
Epoch: [2][50/391]	Time 0.122 (0.128)	Loss 1.4410 (1.4554)	Prec @1 0.4844 (0.4717)	
Epoch: [2][60/391]	Time 0.102 (0.127)	Loss 1.4302 (1.4502)	Prec @1 0.4453 (0.4731)	
Epoch: [2][70/391]	Time 0.110 (0.125)	Loss 1.3916 (1.4468)	Prec @1 0.4922 (0.4736)	
Epoch: [2][80/391]	Time 0.114 (0.124)	Loss 1.4009 (1.4391)	Prec @1 0.4688 (0.4761)	
Epoch: [2][90/391]	Time 0.127 (0.125)	Loss 1.4046 (1.4345)	Prec @1 0.5391 (0.4784)	
Epoch: [2][100/391]	Time 0.097 (0.123)	Loss 1.3237 (1.4355)	Prec @1 0.5000 (0.4777)	
Epoch: [2][110/391]	Time 0.099 (0.121)	Loss 1.3898 (1.4337)	Prec @1 0.5469 (0.4789)	
Epoch: [2][120/391]	Time 0.101 (0.120)	Loss 1.4820 (1.4345)	Prec @1 0.4453 (0.4795)	
Epoch: [2][130/391]	Time 0.120 (0.119)	Loss 1.4242 (1.4333)	Prec @1 0.5000 (0.4796)	
Epoch: [2][140/391]	Time 0.086 (0.117)	Loss 1.4428 (1.4293)	Prec @1 0.4766 (0.4817)	
Epoch: [2][150/391]	Time 0.087 (0.116)	Loss 1.6174 (1.4294)	Prec @1 0.4062 (0.4811)	
Epoch: [2][160/391]	Time 0.090 (0.115)	Loss 1.3013 (1.4251)	Prec @1 0.5078 (0.4812)	
Epoch: [2][170/391]	Time 0.094 (0.114)	Loss 1.5044 (1.4253)	Prec @1 0.4531 (0.4814)	
Epoch: [2][180/391]	Time 0.090 (0.114)	Loss 1.5810 (1.4247)	Prec @1 0.4062 (0.4810)	
Epoch: [2][190/391]	Time 0.102 (0.113)	Loss 1.4952 (1.4244)	Prec @1 0.4453 (0.4811)	
Epoch: [2][200/391]	Time 0.091 (0.112)	Loss 1.3633 (1.4251)	Prec @1 0.4531 (0.4805)	
Epoch: [2][210/391]	Time 0.093 (0.112)	Loss 1.3383 (1.4232)	Prec @1 0.5234 (0.4812)	
Epoch: [2][220/391]	Time 0.121 (0.112)	Loss 1.4213 (1.4220)	Prec @1 0.4531 (0.4818)	
Epoch: [2][230/391]	Time 0.107 (0.111)	Loss 1.4537 (1.4216)	Prec @1 0.4922 (0.4818)	
Epoch: [2][240/391]	Time 0.109 (0.111)	Loss 1.3607 (1.4203)	Prec @1 0.5781 (0.4827)	
Epoch: [2][250/391]	Time 0.084 (0.110)	Loss 1.3674 (1.4198)	Prec @1 0.5234 (0.4830)	
Epoch: [2][260/391]	Time 0.096 (0.110)	Loss 1.4267 (1.4210)	Prec @1 0.5078 (0.4831)	
Epoch: [2][270/391]	Time 0.117 (0.110)	Loss 1.5545 (1.4204)	Prec @1 0.4844 (0.4828)	
Epoch: [2][280/391]	Time 0.320 (0.110)	Loss 1.2164 (1.4185)	Prec @1 0.5781 (0.4836)	
Epoch: [2][290/391]	Time 0.100 (0.111)	Loss 1.3462 (1.4172)	Prec @1 0.4844 (0.4837)	
Epoch: [2][300/391]	Time 0.107 (0.111)	Loss 1.6049 (1.4164)	Prec @1 0.4219 (0.4839)	
Epoch: [2][310/391]	Time 0.109 (0.111)	Loss 1.4312 (1.4179)	Prec @1 0.4922 (0.4831)	
Epoch: [2][320/391]	Time 0.098 (0.110)	Loss 1.4566 (1.4187)	Prec @1 0.4219 (0.4822)	
Epoch: [2][330/391]	Time 0.120 (0.110)	Loss 1.3542 (1.4159)	Prec @1 0.4844 (0.4829)	
Epoch: [2][340/391]	Time 0.115 (0.110)	Loss 1.3947 (1.4149)	Prec @1 0.4922 (0.4835)	
Epoch: [2][350/391]	Time 0.088 (0.109)	Loss 1.3112 (1.4130)	Prec @1 0.5703 (0.4845)	
Epoch: [2][360/391]	Time 0.097 (0.109)	Loss 1.4595 (1.4108)	Prec @1 0.4844 (0.4854)	
Epoch: [2][370/391]	Time 0.109 (0.109)	Loss 1.4913 (1.4099)	Prec @1 0.4609 (0.4860)	
Epoch: [2][380/391]	Time 0.112 (0.109)	Loss 1.4256 (1.4094)	Prec @1 0.4531 (0.4860)	
Epoch: [2][390/391]	Time 0.067 (0.108)	Loss 1.4356 (1.4092)	Prec @1 0.4375 (0.4860)	
Epoch: [2][0/100]	Time 0.034 (0.034)	
Epoch: [2][10/100]	Time 0.032 (0.034)	
Epoch: [2][20/100]	Time 0.036 (0.034)	
Epoch: [2][30/100]	Time 0.037 (0.035)	
Epoch: [2][40/100]	Time 0.040 (0.036)	
Epoch: [2][50/100]	Time 0.037 (0.037)	
Epoch: [2][60/100]	Time 0.037 (0.037)	
Epoch: [2][70/100]	Time 0.047 (0.038)	
Epoch: [2][80/100]	Time 0.041 (0.038)	
Epoch: [2][90/100]	Time 0.041 (0.038)	
Accuracy of Class 0: 0.6830
Accuracy of Class 1: 0.5070
Accuracy of Class 2: 0.4360
Accuracy of Class 3: 0.1410
Accuracy of Class 4: 0.5790
Accuracy of Class 5: 0.2590
Accuracy of Class 6: 0.7690
Accuracy of Class 7: 0.4460
Accuracy of Class 8: 0.7110
Accuracy of Class 9: 0.3600
* Prec @1: 0.4891
Epoch: [3][0/391]	Time 0.095 (0.095)	Loss 1.3131 (1.3131)	Prec @1 0.4766 (0.4766)	
Epoch: [3][10/391]	Time 0.094 (0.094)	Loss 1.2587 (1.3726)	Prec @1 0.4922 (0.4808)	
Epoch: [3][20/391]	Time 0.090 (0.100)	Loss 1.3438 (1.3868)	Prec @1 0.4766 (0.4874)	
Epoch: [3][30/391]	Time 0.084 (0.100)	Loss 1.4594 (1.3734)	Prec @1 0.5234 (0.4927)	
Epoch: [3][40/391]	Time 0.112 (0.101)	Loss 1.2624 (1.3661)	Prec @1 0.5703 (0.5002)	
Epoch: [3][50/391]	Time 0.108 (0.101)	Loss 1.3217 (1.3642)	Prec @1 0.5312 (0.5025)	
Epoch: [3][60/391]	Time 0.096 (0.101)	Loss 1.2860 (1.3629)	Prec @1 0.5234 (0.5033)	
Epoch: [3][70/391]	Time 0.093 (0.101)	Loss 1.3106 (1.3618)	Prec @1 0.5156 (0.5037)	
Epoch: [3][80/391]	Time 0.097 (0.101)	Loss 1.3221 (1.3626)	Prec @1 0.5391 (0.5019)	
Epoch: [3][90/391]	Time 0.107 (0.101)	Loss 1.4260 (1.3575)	Prec @1 0.4219 (0.5033)	
Epoch: [3][100/391]	Time 0.101 (0.101)	Loss 1.3180 (1.3587)	Prec @1 0.5234 (0.5020)	
Epoch: [3][110/391]	Time 0.095 (0.101)	Loss 1.3685 (1.3573)	Prec @1 0.4453 (0.5022)	
Epoch: [3][120/391]	Time 0.089 (0.101)	Loss 1.3101 (1.3579)	Prec @1 0.4375 (0.5019)	
Epoch: [3][130/391]	Time 0.108 (0.101)	Loss 1.3973 (1.3541)	Prec @1 0.5078 (0.5032)	
Epoch: [3][140/391]	Time 0.101 (0.102)	Loss 1.3830 (1.3523)	Prec @1 0.5391 (0.5051)	
Epoch: [3][150/391]	Time 0.096 (0.101)	Loss 1.4762 (1.3500)	Prec @1 0.4453 (0.5052)	
Epoch: [3][160/391]	Time 0.113 (0.101)	Loss 1.5324 (1.3506)	Prec @1 0.5000 (0.5048)	
Epoch: [3][170/391]	Time 0.094 (0.102)	Loss 1.3364 (1.3480)	Prec @1 0.4766 (0.5072)	
Epoch: [3][180/391]	Time 0.103 (0.101)	Loss 1.4070 (1.3490)	Prec @1 0.5078 (0.5081)	
Epoch: [3][190/391]	Time 0.117 (0.102)	Loss 1.3033 (1.3489)	Prec @1 0.5000 (0.5085)	
Epoch: [3][200/391]	Time 0.125 (0.102)	Loss 1.2755 (1.3456)	Prec @1 0.5547 (0.5103)	
Epoch: [3][210/391]	Time 0.100 (0.102)	Loss 1.4945 (1.3466)	Prec @1 0.4922 (0.5110)	
Epoch: [3][220/391]	Time 0.107 (0.102)	Loss 1.2789 (1.3456)	Prec @1 0.5547 (0.5122)	
Epoch: [3][230/391]	Time 0.108 (0.103)	Loss 1.2527 (1.3437)	Prec @1 0.6250 (0.5122)	
Epoch: [3][240/391]	Time 0.118 (0.103)	Loss 1.3219 (1.3444)	Prec @1 0.5234 (0.5123)	
Epoch: [3][250/391]	Time 0.105 (0.103)	Loss 1.3874 (1.3451)	Prec @1 0.4922 (0.5122)	
Epoch: [3][260/391]	Time 0.101 (0.103)	Loss 1.2515 (1.3447)	Prec @1 0.5234 (0.5124)	
Epoch: [3][270/391]	Time 0.103 (0.103)	Loss 1.3443 (1.3455)	Prec @1 0.4609 (0.5123)	
Epoch: [3][280/391]	Time 0.104 (0.103)	Loss 1.5599 (1.3449)	Prec @1 0.4375 (0.5126)	
Epoch: [3][290/391]	Time 0.107 (0.103)	Loss 1.4831 (1.3451)	Prec @1 0.4922 (0.5131)	
Epoch: [3][300/391]	Time 0.100 (0.103)	Loss 1.1831 (1.3440)	Prec @1 0.5703 (0.5132)	
Epoch: [3][310/391]	Time 0.116 (0.103)	Loss 1.4379 (1.3438)	Prec @1 0.5234 (0.5141)	
Epoch: [3][320/391]	Time 0.096 (0.103)	Loss 1.4504 (1.3424)	Prec @1 0.4609 (0.5149)	
Epoch: [3][330/391]	Time 0.111 (0.103)	Loss 1.1968 (1.3400)	Prec @1 0.6016 (0.5159)	
Epoch: [3][340/391]	Time 0.082 (0.103)	Loss 1.4918 (1.3402)	Prec @1 0.3984 (0.5156)	
Epoch: [3][350/391]	Time 0.104 (0.103)	Loss 1.2181 (1.3411)	Prec @1 0.5547 (0.5156)	
Epoch: [3][360/391]	Time 0.092 (0.103)	Loss 1.3646 (1.3392)	Prec @1 0.5078 (0.5159)	
Epoch: [3][370/391]	Time 0.107 (0.103)	Loss 1.3019 (1.3389)	Prec @1 0.5000 (0.5159)	
Epoch: [3][380/391]	Time 0.098 (0.103)	Loss 1.4323 (1.3377)	Prec @1 0.4922 (0.5165)	
Epoch: [3][390/391]	Time 0.071 (0.103)	Loss 1.4679 (1.3368)	Prec @1 0.4500 (0.5166)	
Epoch: [3][0/100]	Time 0.035 (0.035)	
Epoch: [3][10/100]	Time 0.034 (0.036)	
Epoch: [3][20/100]	Time 0.039 (0.038)	
Epoch: [3][30/100]	Time 0.052 (0.039)	
Epoch: [3][40/100]	Time 0.047 (0.039)	
Epoch: [3][50/100]	Time 0.040 (0.039)	
Epoch: [3][60/100]	Time 0.040 (0.039)	
Epoch: [3][70/100]	Time 0.039 (0.040)	
Epoch: [3][80/100]	Time 0.039 (0.040)	
Epoch: [3][90/100]	Time 0.040 (0.040)	
Accuracy of Class 0: 0.6630
Accuracy of Class 1: 0.7670
Accuracy of Class 2: 0.5110
Accuracy of Class 3: 0.3020
Accuracy of Class 4: 0.3710
Accuracy of Class 5: 0.6240
Accuracy of Class 6: 0.5810
Accuracy of Class 7: 0.6910
Accuracy of Class 8: 0.6000
Accuracy of Class 9: 0.5680
* Prec @1: 0.5678
Epoch: [4][0/391]	Time 0.102 (0.102)	Loss 1.4438 (1.4438)	Prec @1 0.4688 (0.4688)	
Epoch: [4][10/391]	Time 0.088 (0.097)	Loss 1.2284 (1.3177)	Prec @1 0.5469 (0.5249)	
Epoch: [4][20/391]	Time 0.107 (0.098)	Loss 1.3840 (1.2928)	Prec @1 0.5000 (0.5301)	
Epoch: [4][30/391]	Time 0.108 (0.103)	Loss 1.2677 (1.2867)	Prec @1 0.5000 (0.5310)	
Epoch: [4][40/391]	Time 0.095 (0.102)	Loss 1.2457 (1.2899)	Prec @1 0.5469 (0.5276)	
Epoch: [4][50/391]	Time 0.116 (0.103)	Loss 1.3371 (1.2886)	Prec @1 0.5234 (0.5294)	
Epoch: [4][60/391]	Time 0.106 (0.103)	Loss 1.2275 (1.2969)	Prec @1 0.5312 (0.5284)	
Epoch: [4][70/391]	Time 0.107 (0.103)	Loss 1.3367 (1.2999)	Prec @1 0.5000 (0.5272)	
Epoch: [4][80/391]	Time 0.110 (0.103)	Loss 1.3228 (1.3023)	Prec @1 0.5156 (0.5268)	
Epoch: [4][90/391]	Time 0.099 (0.102)	Loss 1.2812 (1.3015)	Prec @1 0.4766 (0.5286)	
Epoch: [4][100/391]	Time 0.094 (0.104)	Loss 1.2334 (1.2991)	Prec @1 0.5703 (0.5282)	
Epoch: [4][110/391]	Time 0.119 (0.105)	Loss 1.5727 (1.3011)	Prec @1 0.4375 (0.5288)	
Epoch: [4][120/391]	Time 0.114 (0.105)	Loss 1.3029 (1.3009)	Prec @1 0.5156 (0.5287)	
Epoch: [4][130/391]	Time 0.127 (0.105)	Loss 1.3402 (1.2936)	Prec @1 0.4453 (0.5307)	
Epoch: [4][140/391]	Time 0.100 (0.105)	Loss 1.3716 (1.2917)	Prec @1 0.5312 (0.5309)	
Epoch: [4][150/391]	Time 0.091 (0.105)	Loss 1.3172 (1.2894)	Prec @1 0.5234 (0.5313)	
Epoch: [4][160/391]	Time 0.094 (0.104)	Loss 1.2753 (1.2916)	Prec @1 0.5312 (0.5306)	
Epoch: [4][170/391]	Time 0.096 (0.104)	Loss 1.3529 (1.2933)	Prec @1 0.4922 (0.5291)	
Epoch: [4][180/391]	Time 0.103 (0.104)	Loss 1.3139 (1.2928)	Prec @1 0.5781 (0.5291)	
Epoch: [4][190/391]	Time 0.109 (0.104)	Loss 1.3203 (1.2913)	Prec @1 0.5312 (0.5305)	
Epoch: [4][200/391]	Time 0.100 (0.104)	Loss 1.2656 (1.2906)	Prec @1 0.5391 (0.5311)	
Epoch: [4][210/391]	Time 0.098 (0.104)	Loss 1.3341 (1.2899)	Prec @1 0.5156 (0.5312)	
Epoch: [4][220/391]	Time 0.138 (0.104)	Loss 1.2699 (1.2888)	Prec @1 0.5469 (0.5319)	
Epoch: [4][230/391]	Time 0.146 (0.106)	Loss 1.3100 (1.2863)	Prec @1 0.5938 (0.5332)	
Epoch: [4][240/391]	Time 0.149 (0.107)	Loss 1.4783 (1.2872)	Prec @1 0.4844 (0.5332)	
Epoch: [4][250/391]	Time 0.098 (0.108)	Loss 1.3612 (1.2848)	Prec @1 0.5156 (0.5338)	
Epoch: [4][260/391]	Time 0.104 (0.108)	Loss 1.2629 (1.2855)	Prec @1 0.5547 (0.5336)	
Epoch: [4][270/391]	Time 0.122 (0.108)	Loss 1.2881 (1.2872)	Prec @1 0.6094 (0.5335)	
Epoch: [4][280/391]	Time 0.109 (0.108)	Loss 1.1752 (1.2875)	Prec @1 0.5781 (0.5339)	
Epoch: [4][290/391]	Time 0.101 (0.108)	Loss 1.1744 (1.2878)	Prec @1 0.6172 (0.5346)	
Epoch: [4][300/391]	Time 0.100 (0.108)	Loss 1.1988 (1.2863)	Prec @1 0.5312 (0.5351)	
Epoch: [4][310/391]	Time 0.116 (0.108)	Loss 1.1895 (1.2864)	Prec @1 0.5859 (0.5350)	
Epoch: [4][320/391]	Time 0.097 (0.107)	Loss 1.4421 (1.2871)	Prec @1 0.4688 (0.5346)	
Epoch: [4][330/391]	Time 0.109 (0.107)	Loss 1.3528 (1.2867)	Prec @1 0.5078 (0.5348)	
Epoch: [4][340/391]	Time 0.105 (0.107)	Loss 1.3720 (1.2876)	Prec @1 0.5234 (0.5346)	
Epoch: [4][350/391]	Time 0.099 (0.107)	Loss 1.1978 (1.2843)	Prec @1 0.5938 (0.5355)	
Epoch: [4][360/391]	Time 0.115 (0.107)	Loss 1.0247 (1.2835)	Prec @1 0.6094 (0.5358)	
Epoch: [4][370/391]	Time 0.144 (0.107)	Loss 1.1867 (1.2837)	Prec @1 0.5156 (0.5358)	
Epoch: [4][380/391]	Time 0.105 (0.107)	Loss 1.3327 (1.2825)	Prec @1 0.4844 (0.5364)	
Epoch: [4][390/391]	Time 0.063 (0.107)	Loss 1.2504 (1.2821)	Prec @1 0.5875 (0.5369)	
Epoch: [4][0/100]	Time 0.028 (0.028)	
Epoch: [4][10/100]	Time 0.032 (0.027)	
Epoch: [4][20/100]	Time 0.029 (0.031)	
Epoch: [4][30/100]	Time 0.030 (0.030)	
Epoch: [4][40/100]	Time 0.029 (0.029)	
Epoch: [4][50/100]	Time 0.023 (0.029)	
Epoch: [4][60/100]	Time 0.032 (0.029)	
Epoch: [4][70/100]	Time 0.036 (0.030)	
Epoch: [4][80/100]	Time 0.034 (0.030)	
Epoch: [4][90/100]	Time 0.050 (0.032)	
Accuracy of Class 0: 0.5030
Accuracy of Class 1: 0.8440
Accuracy of Class 2: 0.3960
Accuracy of Class 3: 0.3990
Accuracy of Class 4: 0.2650
Accuracy of Class 5: 0.4190
Accuracy of Class 6: 0.8730
Accuracy of Class 7: 0.4240
Accuracy of Class 8: 0.7980
Accuracy of Class 9: 0.4240
* Prec @1: 0.5345
Epoch: [5][0/391]	Time 0.098 (0.098)	Loss 1.1811 (1.1811)	Prec @1 0.6094 (0.6094)	
Epoch: [5][10/391]	Time 0.116 (0.103)	Loss 1.1636 (1.2231)	Prec @1 0.5938 (0.5668)	
Epoch: [5][20/391]	Time 0.103 (0.103)	Loss 1.3424 (1.2595)	Prec @1 0.5469 (0.5592)	
Epoch: [5][30/391]	Time 0.089 (0.102)	Loss 1.1776 (1.2583)	Prec @1 0.5156 (0.5537)	
Epoch: [5][40/391]	Time 0.117 (0.102)	Loss 1.3916 (1.2655)	Prec @1 0.5156 (0.5513)	
Epoch: [5][50/391]	Time 0.104 (0.102)	Loss 1.2523 (1.2644)	Prec @1 0.6172 (0.5515)	
Epoch: [5][60/391]	Time 0.108 (0.103)	Loss 1.2258 (1.2573)	Prec @1 0.5000 (0.5499)	
Epoch: [5][70/391]	Time 0.112 (0.102)	Loss 1.1295 (1.2667)	Prec @1 0.5703 (0.5459)	
Epoch: [5][80/391]	Time 0.100 (0.102)	Loss 1.1736 (1.2611)	Prec @1 0.5547 (0.5443)	
Epoch: [5][90/391]	Time 0.100 (0.102)	Loss 1.2088 (1.2653)	Prec @1 0.5156 (0.5417)	
Epoch: [5][100/391]	Time 0.107 (0.102)	Loss 1.1451 (1.2616)	Prec @1 0.5391 (0.5428)	
Epoch: [5][110/391]	Time 0.112 (0.103)	Loss 1.0535 (1.2579)	Prec @1 0.5859 (0.5448)	
Epoch: [5][120/391]	Time 0.102 (0.102)	Loss 1.3241 (1.2582)	Prec @1 0.5156 (0.5446)	
Epoch: [5][130/391]	Time 0.088 (0.102)	Loss 1.2605 (1.2555)	Prec @1 0.5625 (0.5448)	
Epoch: [5][140/391]	Time 0.087 (0.102)	Loss 1.2939 (1.2554)	Prec @1 0.5781 (0.5458)	
Epoch: [5][150/391]	Time 0.124 (0.102)	Loss 1.2471 (1.2546)	Prec @1 0.5703 (0.5459)	
Epoch: [5][160/391]	Time 0.111 (0.102)	Loss 1.3950 (1.2550)	Prec @1 0.4922 (0.5456)	
Epoch: [5][170/391]	Time 0.109 (0.102)	Loss 1.2298 (1.2553)	Prec @1 0.5703 (0.5463)	
Epoch: [5][180/391]	Time 0.107 (0.103)	Loss 1.2226 (1.2524)	Prec @1 0.5703 (0.5476)	
Epoch: [5][190/391]	Time 0.097 (0.103)	Loss 1.2629 (1.2506)	Prec @1 0.5469 (0.5482)	
Epoch: [5][200/391]	Time 0.106 (0.102)	Loss 1.2177 (1.2498)	Prec @1 0.5625 (0.5493)	
Epoch: [5][210/391]	Time 0.114 (0.102)	Loss 1.3230 (1.2504)	Prec @1 0.5234 (0.5497)	
Epoch: [5][220/391]	Time 0.105 (0.102)	Loss 1.1966 (1.2490)	Prec @1 0.5547 (0.5501)	
Epoch: [5][230/391]	Time 0.095 (0.102)	Loss 1.2129 (1.2480)	Prec @1 0.6172 (0.5507)	
Epoch: [5][240/391]	Time 0.095 (0.102)	Loss 1.2882 (1.2489)	Prec @1 0.5078 (0.5507)	
Epoch: [5][250/391]	Time 0.107 (0.102)	Loss 1.2691 (1.2477)	Prec @1 0.5234 (0.5501)	
Epoch: [5][260/391]	Time 0.111 (0.102)	Loss 1.2183 (1.2474)	Prec @1 0.5312 (0.5501)	
Epoch: [5][270/391]	Time 0.096 (0.102)	Loss 1.0967 (1.2472)	Prec @1 0.5703 (0.5498)	
Epoch: [5][280/391]	Time 0.110 (0.102)	Loss 1.3344 (1.2463)	Prec @1 0.5156 (0.5498)	
Epoch: [5][290/391]	Time 0.098 (0.103)	Loss 1.1647 (1.2461)	Prec @1 0.5391 (0.5501)	
Epoch: [5][300/391]	Time 0.097 (0.103)	Loss 1.2447 (1.2450)	Prec @1 0.5469 (0.5508)	
Epoch: [5][310/391]	Time 0.158 (0.103)	Loss 1.2377 (1.2456)	Prec @1 0.5391 (0.5511)	
Epoch: [5][320/391]	Time 0.119 (0.103)	Loss 1.1181 (1.2442)	Prec @1 0.5625 (0.5516)	
Epoch: [5][330/391]	Time 0.103 (0.104)	Loss 1.1449 (1.2435)	Prec @1 0.5938 (0.5520)	
Epoch: [5][340/391]	Time 0.122 (0.104)	Loss 1.2393 (1.2416)	Prec @1 0.5938 (0.5528)	
Epoch: [5][350/391]	Time 0.120 (0.104)	Loss 1.2352 (1.2413)	Prec @1 0.5547 (0.5530)	
Epoch: [5][360/391]	Time 0.096 (0.104)	Loss 1.3732 (1.2426)	Prec @1 0.5078 (0.5531)	
Epoch: [5][370/391]	Time 0.105 (0.104)	Loss 1.1449 (1.2417)	Prec @1 0.5781 (0.5533)	
Epoch: [5][380/391]	Time 0.099 (0.104)	Loss 1.2173 (1.2406)	Prec @1 0.5312 (0.5536)	
Epoch: [5][390/391]	Time 0.069 (0.104)	Loss 1.2677 (1.2409)	Prec @1 0.5375 (0.5534)	
Epoch: [5][0/100]	Time 0.028 (0.028)	
Epoch: [5][10/100]	Time 0.031 (0.030)	
Epoch: [5][20/100]	Time 0.041 (0.035)	
Epoch: [5][30/100]	Time 0.038 (0.036)	
Epoch: [5][40/100]	Time 0.042 (0.037)	
Epoch: [5][50/100]	Time 0.042 (0.038)	
Epoch: [5][60/100]	Time 0.040 (0.039)	
Epoch: [5][70/100]	Time 0.054 (0.039)	
Epoch: [5][80/100]	Time 0.044 (0.040)	
Epoch: [5][90/100]	Time 0.037 (0.040)	
Accuracy of Class 0: 0.6310
Accuracy of Class 1: 0.6630
Accuracy of Class 2: 0.3920
Accuracy of Class 3: 0.3480
Accuracy of Class 4: 0.4400
Accuracy of Class 5: 0.5590
Accuracy of Class 6: 0.8190
Accuracy of Class 7: 0.4620
Accuracy of Class 8: 0.8350
Accuracy of Class 9: 0.5610
* Prec @1: 0.5710
Epoch: [6][0/391]	Time 0.126 (0.126)	Loss 1.1269 (1.1269)	Prec @1 0.5469 (0.5469)	
Epoch: [6][10/391]	Time 0.140 (0.121)	Loss 1.3561 (1.1985)	Prec @1 0.5000 (0.5653)	
Epoch: [6][20/391]	Time 0.097 (0.112)	Loss 1.2144 (1.2468)	Prec @1 0.5234 (0.5446)	
Epoch: [6][30/391]	Time 0.091 (0.107)	Loss 1.2429 (1.2541)	Prec @1 0.4766 (0.5426)	
Epoch: [6][40/391]	Time 0.102 (0.107)	Loss 1.1459 (1.2502)	Prec @1 0.6250 (0.5484)	
Epoch: [6][50/391]	Time 0.111 (0.107)	Loss 1.2643 (1.2310)	Prec @1 0.5625 (0.5551)	
Epoch: [6][60/391]	Time 0.097 (0.107)	Loss 1.2105 (1.2193)	Prec @1 0.5312 (0.5596)	
Epoch: [6][70/391]	Time 0.123 (0.108)	Loss 1.0182 (1.2156)	Prec @1 0.6172 (0.5604)	
Epoch: [6][80/391]	Time 0.104 (0.107)	Loss 1.1627 (1.2090)	Prec @1 0.6016 (0.5657)	
Epoch: [6][90/391]	Time 0.095 (0.107)	Loss 1.0397 (1.2028)	Prec @1 0.6406 (0.5684)	
Epoch: [6][100/391]	Time 0.091 (0.106)	Loss 1.2375 (1.2014)	Prec @1 0.5391 (0.5682)	
Epoch: [6][110/391]	Time 0.099 (0.106)	Loss 1.0436 (1.1997)	Prec @1 0.6328 (0.5686)	
Epoch: [6][120/391]	Time 0.109 (0.106)	Loss 1.1270 (1.1976)	Prec @1 0.5859 (0.5695)	
Epoch: [6][130/391]	Time 0.090 (0.105)	Loss 1.3099 (1.2001)	Prec @1 0.4766 (0.5676)	
Epoch: [6][140/391]	Time 0.100 (0.105)	Loss 1.1558 (1.2038)	Prec @1 0.5312 (0.5664)	
Epoch: [6][150/391]	Time 0.097 (0.105)	Loss 1.2149 (1.2042)	Prec @1 0.5859 (0.5659)	
Epoch: [6][160/391]	Time 0.099 (0.105)	Loss 1.2197 (1.2054)	Prec @1 0.5938 (0.5655)	
Epoch: [6][170/391]	Time 0.138 (0.106)	Loss 1.0489 (1.2037)	Prec @1 0.5469 (0.5650)	
Epoch: [6][180/391]	Time 0.138 (0.108)	Loss 1.0057 (1.2018)	Prec @1 0.6641 (0.5662)	
Epoch: [6][190/391]	Time 0.106 (0.109)	Loss 1.1265 (1.2013)	Prec @1 0.5312 (0.5663)	
Epoch: [6][200/391]	Time 0.095 (0.108)	Loss 1.1434 (1.2012)	Prec @1 0.5625 (0.5662)	
Epoch: [6][210/391]	Time 0.093 (0.108)	Loss 1.3192 (1.2013)	Prec @1 0.4609 (0.5669)	
Epoch: [6][220/391]	Time 0.110 (0.108)	Loss 1.1889 (1.2011)	Prec @1 0.5625 (0.5666)	
Epoch: [6][230/391]	Time 0.107 (0.107)	Loss 1.2081 (1.1975)	Prec @1 0.5469 (0.5678)	
Epoch: [6][240/391]	Time 0.099 (0.107)	Loss 1.3118 (1.1976)	Prec @1 0.5000 (0.5672)	
Epoch: [6][250/391]	Time 0.099 (0.107)	Loss 0.9271 (1.1982)	Prec @1 0.6719 (0.5677)	
Epoch: [6][260/391]	Time 0.111 (0.107)	Loss 1.2054 (1.1989)	Prec @1 0.5391 (0.5681)	
Epoch: [6][270/391]	Time 0.101 (0.106)	Loss 1.3880 (1.1995)	Prec @1 0.4922 (0.5678)	
Epoch: [6][280/391]	Time 0.108 (0.106)	Loss 1.2883 (1.1996)	Prec @1 0.5312 (0.5677)	
Epoch: [6][290/391]	Time 0.102 (0.106)	Loss 1.3128 (1.1993)	Prec @1 0.5078 (0.5680)	
Epoch: [6][300/391]	Time 0.101 (0.106)	Loss 1.0747 (1.1988)	Prec @1 0.5859 (0.5678)	
Epoch: [6][310/391]	Time 0.102 (0.106)	Loss 1.1574 (1.1975)	Prec @1 0.5703 (0.5681)	
Epoch: [6][320/391]	Time 0.104 (0.106)	Loss 1.2345 (1.1975)	Prec @1 0.5859 (0.5678)	
Epoch: [6][330/391]	Time 0.107 (0.106)	Loss 1.0203 (1.1962)	Prec @1 0.6797 (0.5682)	
Epoch: [6][340/391]	Time 0.090 (0.106)	Loss 0.9658 (1.1941)	Prec @1 0.6250 (0.5691)	
Epoch: [6][350/391]	Time 0.129 (0.106)	Loss 1.2710 (1.1945)	Prec @1 0.5781 (0.5690)	
Epoch: [6][360/391]	Time 0.187 (0.107)	Loss 1.3674 (1.1952)	Prec @1 0.4766 (0.5685)	
Epoch: [6][370/391]	Time 0.112 (0.108)	Loss 1.1634 (1.1958)	Prec @1 0.5391 (0.5682)	
Epoch: [6][380/391]	Time 0.114 (0.108)	Loss 1.1750 (1.1948)	Prec @1 0.5938 (0.5692)	
Epoch: [6][390/391]	Time 0.055 (0.107)	Loss 1.1941 (1.1942)	Prec @1 0.5750 (0.5696)	
Epoch: [6][0/100]	Time 0.036 (0.036)	
Epoch: [6][10/100]	Time 0.030 (0.033)	
Epoch: [6][20/100]	Time 0.034 (0.033)	
Epoch: [6][30/100]	Time 0.032 (0.035)	
Epoch: [6][40/100]	Time 0.039 (0.036)	
Epoch: [6][50/100]	Time 0.041 (0.037)	
Epoch: [6][60/100]	Time 0.039 (0.039)	
Epoch: [6][70/100]	Time 0.045 (0.039)	
Epoch: [6][80/100]	Time 0.048 (0.039)	
Epoch: [6][90/100]	Time 0.047 (0.040)	
Accuracy of Class 0: 0.6890
Accuracy of Class 1: 0.8410
Accuracy of Class 2: 0.5740
Accuracy of Class 3: 0.3740
Accuracy of Class 4: 0.3540
Accuracy of Class 5: 0.3980
Accuracy of Class 6: 0.7120
Accuracy of Class 7: 0.4890
Accuracy of Class 8: 0.7250
Accuracy of Class 9: 0.7830
* Prec @1: 0.5939
Epoch: [7][0/391]	Time 0.103 (0.103)	Loss 1.1653 (1.1653)	Prec @1 0.5859 (0.5859)	
Epoch: [7][10/391]	Time 0.089 (0.106)	Loss 1.1367 (1.1351)	Prec @1 0.5859 (0.5930)	
Epoch: [7][20/391]	Time 0.152 (0.122)	Loss 1.1319 (1.1465)	Prec @1 0.5938 (0.5971)	
Epoch: [7][30/391]	Time 0.102 (0.115)	Loss 1.3669 (1.1582)	Prec @1 0.5625 (0.5965)	
Epoch: [7][40/391]	Time 0.096 (0.112)	Loss 1.1777 (1.1549)	Prec @1 0.6016 (0.5983)	
Epoch: [7][50/391]	Time 0.102 (0.110)	Loss 1.1646 (1.1540)	Prec @1 0.5938 (0.5974)	
Epoch: [7][60/391]	Time 0.099 (0.109)	Loss 1.1469 (1.1640)	Prec @1 0.5781 (0.5923)	
Epoch: [7][70/391]	Time 0.106 (0.107)	Loss 1.1343 (1.1595)	Prec @1 0.6094 (0.5935)	
Epoch: [7][80/391]	Time 0.094 (0.107)	Loss 1.1626 (1.1566)	Prec @1 0.5859 (0.5917)	
Epoch: [7][90/391]	Time 0.109 (0.106)	Loss 1.1611 (1.1607)	Prec @1 0.6094 (0.5907)	
Epoch: [7][100/391]	Time 0.101 (0.106)	Loss 1.1258 (1.1634)	Prec @1 0.5938 (0.5893)	
Epoch: [7][110/391]	Time 0.113 (0.106)	Loss 1.2770 (1.1685)	Prec @1 0.5312 (0.5864)	
Epoch: [7][120/391]	Time 0.109 (0.107)	Loss 1.1326 (1.1690)	Prec @1 0.6172 (0.5861)	
Epoch: [7][130/391]	Time 0.121 (0.108)	Loss 1.2412 (1.1715)	Prec @1 0.5547 (0.5853)	
Epoch: [7][140/391]	Time 0.159 (0.109)	Loss 1.0611 (1.1679)	Prec @1 0.6328 (0.5860)	
Epoch: [7][150/391]	Time 0.099 (0.111)	Loss 1.1659 (1.1690)	Prec @1 0.6250 (0.5856)	
Epoch: [7][160/391]	Time 0.072 (0.110)	Loss 1.2145 (1.1674)	Prec @1 0.5938 (0.5861)	
Epoch: [7][170/391]	Time 0.090 (0.108)	Loss 1.2235 (1.1668)	Prec @1 0.5859 (0.5872)	
Epoch: [7][180/391]	Time 0.084 (0.107)	Loss 1.0283 (1.1661)	Prec @1 0.6172 (0.5871)	
Epoch: [7][190/391]	Time 0.076 (0.105)	Loss 1.1582 (1.1657)	Prec @1 0.5547 (0.5875)	
Epoch: [7][200/391]	Time 0.076 (0.104)	Loss 1.3030 (1.1706)	Prec @1 0.5547 (0.5850)	
Epoch: [7][210/391]	Time 0.090 (0.103)	Loss 1.0474 (1.1695)	Prec @1 0.6172 (0.5845)	
Epoch: [7][220/391]	Time 0.084 (0.102)	Loss 1.1528 (1.1686)	Prec @1 0.6016 (0.5848)	
Epoch: [7][230/391]	Time 0.094 (0.101)	Loss 1.0792 (1.1695)	Prec @1 0.6328 (0.5844)	
Epoch: [7][240/391]	Time 0.113 (0.102)	Loss 1.2229 (1.1686)	Prec @1 0.5391 (0.5855)	
Epoch: [7][250/391]	Time 0.121 (0.103)	Loss 1.1504 (1.1678)	Prec @1 0.5703 (0.5852)	
Epoch: [7][260/391]	Time 0.095 (0.103)	Loss 1.3266 (1.1678)	Prec @1 0.5547 (0.5851)	
Epoch: [7][270/391]	Time 0.086 (0.103)	Loss 1.2567 (1.1661)	Prec @1 0.5391 (0.5853)	
Epoch: [7][280/391]	Time 0.094 (0.103)	Loss 1.1781 (1.1671)	Prec @1 0.5781 (0.5847)	
Epoch: [7][290/391]	Time 0.103 (0.103)	Loss 1.1769 (1.1657)	Prec @1 0.5859 (0.5853)	
Epoch: [7][300/391]	Time 0.097 (0.103)	Loss 1.1533 (1.1642)	Prec @1 0.5859 (0.5859)	
Epoch: [7][310/391]	Time 0.101 (0.103)	Loss 1.0623 (1.1648)	Prec @1 0.6250 (0.5857)	
Epoch: [7][320/391]	Time 0.096 (0.103)	Loss 1.0990 (1.1668)	Prec @1 0.6172 (0.5853)	
Epoch: [7][330/391]	Time 0.101 (0.103)	Loss 1.2088 (1.1673)	Prec @1 0.5703 (0.5852)	
Epoch: [7][340/391]	Time 0.120 (0.103)	Loss 1.1236 (1.1671)	Prec @1 0.5938 (0.5848)	
Epoch: [7][350/391]	Time 0.110 (0.103)	Loss 1.2924 (1.1659)	Prec @1 0.5469 (0.5852)	
Epoch: [7][360/391]	Time 0.084 (0.103)	Loss 1.5053 (1.1666)	Prec @1 0.5078 (0.5851)	
Epoch: [7][370/391]	Time 0.112 (0.104)	Loss 1.1953 (1.1659)	Prec @1 0.5547 (0.5851)	
Epoch: [7][380/391]	Time 0.090 (0.104)	Loss 1.1907 (1.1652)	Prec @1 0.5469 (0.5854)	
Epoch: [7][390/391]	Time 0.061 (0.104)	Loss 1.0848 (1.1648)	Prec @1 0.5500 (0.5855)	
Epoch: [7][0/100]	Time 0.039 (0.039)	
Epoch: [7][10/100]	Time 0.035 (0.035)	
Epoch: [7][20/100]	Time 0.037 (0.035)	
Epoch: [7][30/100]	Time 0.038 (0.035)	
Epoch: [7][40/100]	Time 0.041 (0.036)	
Epoch: [7][50/100]	Time 0.040 (0.037)	
Epoch: [7][60/100]	Time 0.049 (0.039)	
Epoch: [7][70/100]	Time 0.039 (0.040)	
Epoch: [7][80/100]	Time 0.055 (0.040)	
Epoch: [7][90/100]	Time 0.036 (0.041)	
Accuracy of Class 0: 0.7800
Accuracy of Class 1: 0.6900
Accuracy of Class 2: 0.3310
Accuracy of Class 3: 0.2860
Accuracy of Class 4: 0.4710
Accuracy of Class 5: 0.5660
Accuracy of Class 6: 0.3870
Accuracy of Class 7: 0.8770
Accuracy of Class 8: 0.5600
Accuracy of Class 9: 0.7160
* Prec @1: 0.5664
Epoch: [8][0/391]	Time 0.094 (0.094)	Loss 1.1132 (1.1132)	Prec @1 0.6250 (0.6250)	
Epoch: [8][10/391]	Time 0.110 (0.101)	Loss 1.1250 (1.0975)	Prec @1 0.6016 (0.6193)	
Epoch: [8][20/391]	Time 0.096 (0.101)	Loss 1.2425 (1.1143)	Prec @1 0.5234 (0.6124)	
Epoch: [8][30/391]	Time 0.091 (0.102)	Loss 1.1405 (1.1084)	Prec @1 0.5781 (0.6116)	
Epoch: [8][40/391]	Time 0.105 (0.101)	Loss 1.0308 (1.1213)	Prec @1 0.6562 (0.6071)	
Epoch: [8][50/391]	Time 0.106 (0.101)	Loss 1.1737 (1.1349)	Prec @1 0.5703 (0.6003)	
Epoch: [8][60/391]	Time 0.114 (0.101)	Loss 1.1258 (1.1395)	Prec @1 0.6172 (0.5970)	
Epoch: [8][70/391]	Time 0.089 (0.100)	Loss 1.1758 (1.1421)	Prec @1 0.5703 (0.5955)	
Epoch: [8][80/391]	Time 0.093 (0.100)	Loss 1.2807 (1.1476)	Prec @1 0.5781 (0.5929)	
Epoch: [8][90/391]	Time 0.101 (0.100)	Loss 1.1314 (1.1495)	Prec @1 0.5938 (0.5919)	
Epoch: [8][100/391]	Time 0.116 (0.100)	Loss 1.0811 (1.1494)	Prec @1 0.6328 (0.5924)	
Epoch: [8][110/391]	Time 0.086 (0.101)	Loss 1.0272 (1.1513)	Prec @1 0.6328 (0.5922)	
Epoch: [8][120/391]	Time 0.099 (0.101)	Loss 1.1975 (1.1530)	Prec @1 0.5781 (0.5906)	
Epoch: [8][130/391]	Time 0.106 (0.102)	Loss 1.1967 (1.1573)	Prec @1 0.6016 (0.5889)	
Epoch: [8][140/391]	Time 0.099 (0.102)	Loss 1.2306 (1.1602)	Prec @1 0.5547 (0.5879)	
Epoch: [8][150/391]	Time 0.094 (0.102)	Loss 1.1402 (1.1569)	Prec @1 0.6406 (0.5892)	
Epoch: [8][160/391]	Time 0.097 (0.102)	Loss 0.9933 (1.1548)	Prec @1 0.6719 (0.5909)	
Epoch: [8][170/391]	Time 0.088 (0.102)	Loss 1.0436 (1.1534)	Prec @1 0.6484 (0.5916)	
Epoch: [8][180/391]	Time 0.108 (0.102)	Loss 1.1223 (1.1550)	Prec @1 0.6172 (0.5915)	
Epoch: [8][190/391]	Time 0.093 (0.101)	Loss 1.1300 (1.1542)	Prec @1 0.5703 (0.5911)	
Epoch: [8][200/391]	Time 0.100 (0.102)	Loss 1.1550 (1.1516)	Prec @1 0.6094 (0.5920)	
Epoch: [8][210/391]	Time 0.109 (0.102)	Loss 1.1879 (1.1494)	Prec @1 0.5859 (0.5930)	
Epoch: [8][220/391]	Time 0.095 (0.101)	Loss 1.0500 (1.1469)	Prec @1 0.6016 (0.5935)	
Epoch: [8][230/391]	Time 0.087 (0.101)	Loss 1.1066 (1.1481)	Prec @1 0.5859 (0.5928)	
Epoch: [8][240/391]	Time 0.107 (0.101)	Loss 1.0793 (1.1464)	Prec @1 0.5938 (0.5931)	
Epoch: [8][250/391]	Time 0.095 (0.102)	Loss 1.2343 (1.1456)	Prec @1 0.5469 (0.5940)	
Epoch: [8][260/391]	Time 0.095 (0.102)	Loss 1.2178 (1.1451)	Prec @1 0.6094 (0.5941)	
Epoch: [8][270/391]	Time 0.123 (0.102)	Loss 1.2512 (1.1462)	Prec @1 0.5156 (0.5937)	
Epoch: [8][280/391]	Time 0.111 (0.103)	Loss 1.1240 (1.1442)	Prec @1 0.6094 (0.5950)	
Epoch: [8][290/391]	Time 0.098 (0.103)	Loss 1.1020 (1.1441)	Prec @1 0.6172 (0.5951)	
Epoch: [8][300/391]	Time 0.116 (0.103)	Loss 1.1750 (1.1446)	Prec @1 0.6094 (0.5946)	
Epoch: [8][310/391]	Time 0.143 (0.104)	Loss 1.0882 (1.1463)	Prec @1 0.6484 (0.5936)	
Epoch: [8][320/391]	Time 0.140 (0.106)	Loss 1.0521 (1.1439)	Prec @1 0.5938 (0.5946)	
Epoch: [8][330/391]	Time 0.131 (0.106)	Loss 1.3797 (1.1444)	Prec @1 0.4766 (0.5941)	
Epoch: [8][340/391]	Time 0.104 (0.106)	Loss 1.1378 (1.1447)	Prec @1 0.5859 (0.5937)	
Epoch: [8][350/391]	Time 0.121 (0.106)	Loss 1.1288 (1.1450)	Prec @1 0.6250 (0.5937)	
Epoch: [8][360/391]	Time 0.076 (0.106)	Loss 1.0455 (1.1436)	Prec @1 0.6406 (0.5947)	
Epoch: [8][370/391]	Time 0.095 (0.106)	Loss 1.0238 (1.1427)	Prec @1 0.6875 (0.5951)	
Epoch: [8][380/391]	Time 0.111 (0.105)	Loss 1.0419 (1.1416)	Prec @1 0.6328 (0.5957)	
Epoch: [8][390/391]	Time 0.060 (0.105)	Loss 0.9141 (1.1416)	Prec @1 0.7375 (0.5953)	
Epoch: [8][0/100]	Time 0.034 (0.034)	
Epoch: [8][10/100]	Time 0.047 (0.036)	
Epoch: [8][20/100]	Time 0.024 (0.033)	
Epoch: [8][30/100]	Time 0.038 (0.034)	
Epoch: [8][40/100]	Time 0.063 (0.036)	
Epoch: [8][50/100]	Time 0.040 (0.037)	
Epoch: [8][60/100]	Time 0.037 (0.037)	
Epoch: [8][70/100]	Time 0.040 (0.038)	
Epoch: [8][80/100]	Time 0.039 (0.039)	
Epoch: [8][90/100]	Time 0.068 (0.040)	
Accuracy of Class 0: 0.7400
Accuracy of Class 1: 0.7710
Accuracy of Class 2: 0.4860
Accuracy of Class 3: 0.1130
Accuracy of Class 4: 0.3760
Accuracy of Class 5: 0.7700
Accuracy of Class 6: 0.5160
Accuracy of Class 7: 0.8050
Accuracy of Class 8: 0.6280
Accuracy of Class 9: 0.7870
* Prec @1: 0.5992
Epoch: [9][0/391]	Time 0.202 (0.202)	Loss 0.9981 (0.9981)	Prec @1 0.6562 (0.6562)	
Epoch: [9][10/391]	Time 0.165 (0.147)	Loss 1.0824 (1.1062)	Prec @1 0.6484 (0.6151)	
Epoch: [9][20/391]	Time 0.106 (0.140)	Loss 1.1555 (1.1316)	Prec @1 0.6016 (0.6031)	
Epoch: [9][30/391]	Time 0.117 (0.131)	Loss 1.2315 (1.1397)	Prec @1 0.5625 (0.5960)	
Epoch: [9][40/391]	Time 0.098 (0.128)	Loss 1.0483 (1.1367)	Prec @1 0.6016 (0.5985)	
Epoch: [9][50/391]	Time 0.159 (0.127)	Loss 1.2083 (1.1294)	Prec @1 0.5703 (0.5987)	
Epoch: [9][60/391]	Time 0.176 (0.134)	Loss 1.1357 (1.1269)	Prec @1 0.6094 (0.6008)	
Epoch: [9][70/391]	Time 0.255 (0.147)	Loss 1.1797 (1.1250)	Prec @1 0.5781 (0.6023)	
Epoch: [9][80/391]	Time 0.282 (0.178)	Loss 1.0406 (1.1217)	Prec @1 0.6094 (0.6027)	
Epoch: [9][90/391]	Time 0.217 (0.194)	Loss 1.2013 (1.1258)	Prec @1 0.5859 (0.5996)	
Epoch: [9][100/391]	Time 0.190 (0.198)	Loss 1.1210 (1.1237)	Prec @1 0.6016 (0.5984)	
Epoch: [9][110/391]	Time 0.154 (0.198)	Loss 1.2091 (1.1255)	Prec @1 0.5391 (0.5994)	
Epoch: [9][120/391]	Time 0.127 (0.193)	Loss 1.0452 (1.1283)	Prec @1 0.6328 (0.5980)	
Epoch: [9][130/391]	Time 0.126 (0.188)	Loss 1.1001 (1.1288)	Prec @1 0.5938 (0.5994)	
Epoch: [9][140/391]	Time 0.135 (0.184)	Loss 1.0817 (1.1283)	Prec @1 0.6250 (0.5992)	
Epoch: [9][150/391]	Time 0.107 (0.179)	Loss 1.0634 (1.1275)	Prec @1 0.6172 (0.5998)	
Epoch: [9][160/391]	Time 0.129 (0.175)	Loss 1.0925 (1.1270)	Prec @1 0.6016 (0.6006)	
Epoch: [9][170/391]	Time 0.115 (0.172)	Loss 1.0614 (1.1226)	Prec @1 0.6484 (0.6028)	
Epoch: [9][180/391]	Time 0.123 (0.168)	Loss 1.0627 (1.1227)	Prec @1 0.5859 (0.6029)	
Epoch: [9][190/391]	Time 0.108 (0.165)	Loss 0.9105 (1.1210)	Prec @1 0.7031 (0.6035)	
Epoch: [9][200/391]	Time 0.110 (0.163)	Loss 1.0094 (1.1184)	Prec @1 0.6641 (0.6050)	
Epoch: [9][210/391]	Time 0.114 (0.161)	Loss 1.1453 (1.1172)	Prec @1 0.6016 (0.6055)	
Epoch: [9][220/391]	Time 0.127 (0.159)	Loss 1.0710 (1.1162)	Prec @1 0.5859 (0.6053)	
Epoch: [9][230/391]	Time 0.096 (0.156)	Loss 1.0461 (1.1162)	Prec @1 0.6328 (0.6048)	
Epoch: [9][240/391]	Time 0.143 (0.154)	Loss 1.1294 (1.1160)	Prec @1 0.5703 (0.6044)	
Epoch: [9][250/391]	Time 0.181 (0.154)	Loss 0.9179 (1.1145)	Prec @1 0.6484 (0.6049)	
Epoch: [9][260/391]	Time 0.120 (0.154)	Loss 1.1028 (1.1133)	Prec @1 0.5781 (0.6049)	
Epoch: [9][270/391]	Time 0.120 (0.153)	Loss 1.1817 (1.1136)	Prec @1 0.6016 (0.6050)	
Epoch: [9][280/391]	Time 0.113 (0.151)	Loss 1.1542 (1.1134)	Prec @1 0.6484 (0.6056)	
Epoch: [9][290/391]	Time 0.103 (0.150)	Loss 1.1429 (1.1132)	Prec @1 0.5938 (0.6058)	
Epoch: [9][300/391]	Time 0.126 (0.150)	Loss 1.0890 (1.1123)	Prec @1 0.6250 (0.6062)	
Epoch: [9][310/391]	Time 0.096 (0.149)	Loss 1.1358 (1.1115)	Prec @1 0.5625 (0.6063)	
Epoch: [9][320/391]	Time 0.114 (0.147)	Loss 1.0238 (1.1109)	Prec @1 0.6562 (0.6066)	
Epoch: [9][330/391]	Time 0.086 (0.146)	Loss 1.1704 (1.1107)	Prec @1 0.5391 (0.6070)	
Epoch: [9][340/391]	Time 0.107 (0.145)	Loss 1.1579 (1.1109)	Prec @1 0.5703 (0.6066)	
Epoch: [9][350/391]	Time 0.110 (0.144)	Loss 1.1017 (1.1101)	Prec @1 0.5859 (0.6071)	
Epoch: [9][360/391]	Time 0.097 (0.143)	Loss 1.1268 (1.1106)	Prec @1 0.5781 (0.6069)	
Epoch: [9][370/391]	Time 0.123 (0.143)	Loss 1.2488 (1.1110)	Prec @1 0.5781 (0.6069)	
Epoch: [9][380/391]	Time 0.151 (0.142)	Loss 1.0831 (1.1100)	Prec @1 0.5938 (0.6072)	
Epoch: [9][390/391]	Time 0.064 (0.141)	Loss 1.1021 (1.1105)	Prec @1 0.6625 (0.6070)	
Epoch: [9][0/100]	Time 0.028 (0.028)	
Epoch: [9][10/100]	Time 0.033 (0.031)	
Epoch: [9][20/100]	Time 0.049 (0.039)	
Epoch: [9][30/100]	Time 0.061 (0.044)	
Epoch: [9][40/100]	Time 0.052 (0.051)	
Epoch: [9][50/100]	Time 0.053 (0.052)	
Epoch: [9][60/100]	Time 0.062 (0.053)	
Epoch: [9][70/100]	Time 0.052 (0.054)	
Epoch: [9][80/100]	Time 0.077 (0.057)	
Epoch: [9][90/100]	Time 0.095 (0.060)	
Accuracy of Class 0: 0.8290
Accuracy of Class 1: 0.8240
Accuracy of Class 2: 0.5170
Accuracy of Class 3: 0.1630
Accuracy of Class 4: 0.4450
Accuracy of Class 5: 0.5790
Accuracy of Class 6: 0.6060
Accuracy of Class 7: 0.8060
Accuracy of Class 8: 0.6900
Accuracy of Class 9: 0.4920
* Prec @1: 0.5951
Epoch: [10][0/391]	Time 0.169 (0.169)	Loss 1.2578 (1.2578)	Prec @1 0.5312 (0.5312)	
Epoch: [10][10/391]	Time 0.156 (0.203)	Loss 1.1537 (1.1091)	Prec @1 0.5938 (0.5852)	
Epoch: [10][20/391]	Time 0.102 (0.171)	Loss 1.0671 (1.0921)	Prec @1 0.6172 (0.5982)	
Epoch: [10][30/391]	Time 0.107 (0.151)	Loss 1.2636 (1.1010)	Prec @1 0.5859 (0.5938)	
Epoch: [10][40/391]	Time 0.108 (0.140)	Loss 1.0720 (1.1023)	Prec @1 0.6172 (0.5951)	
Epoch: [10][50/391]	Time 0.124 (0.137)	Loss 1.1498 (1.1108)	Prec @1 0.5781 (0.5939)	
Epoch: [10][60/391]	Time 0.135 (0.140)	Loss 1.0450 (1.1120)	Prec @1 0.6797 (0.5949)	
Epoch: [10][70/391]	Time 0.154 (0.143)	Loss 1.0578 (1.1078)	Prec @1 0.6172 (0.5965)	
Epoch: [10][80/391]	Time 0.122 (0.145)	Loss 1.0105 (1.1080)	Prec @1 0.6328 (0.5967)	
Epoch: [10][90/391]	Time 0.124 (0.141)	Loss 1.1587 (1.1052)	Prec @1 0.5625 (0.6006)	
Epoch: [10][100/391]	Time 0.119 (0.138)	Loss 1.0646 (1.1040)	Prec @1 0.5859 (0.6019)	
Epoch: [10][110/391]	Time 0.109 (0.136)	Loss 1.2790 (1.1072)	Prec @1 0.5547 (0.6017)	
Epoch: [10][120/391]	Time 0.094 (0.132)	Loss 1.1125 (1.1029)	Prec @1 0.5938 (0.6032)	
Epoch: [10][130/391]	Time 0.111 (0.129)	Loss 1.1788 (1.0997)	Prec @1 0.5547 (0.6047)	
Epoch: [10][140/391]	Time 0.106 (0.127)	Loss 1.1794 (1.1013)	Prec @1 0.5625 (0.6047)	
Epoch: [10][150/391]	Time 0.119 (0.126)	Loss 1.0191 (1.0970)	Prec @1 0.6172 (0.6077)	
Epoch: [10][160/391]	Time 0.174 (0.128)	Loss 0.9707 (1.0957)	Prec @1 0.6172 (0.6085)	
Epoch: [10][170/391]	Time 0.148 (0.130)	Loss 0.9647 (1.0926)	Prec @1 0.6719 (0.6103)	
Epoch: [10][180/391]	Time 0.130 (0.130)	Loss 1.0689 (1.0922)	Prec @1 0.6250 (0.6105)	
Epoch: [10][190/391]	Time 0.111 (0.130)	Loss 1.0934 (1.0909)	Prec @1 0.6328 (0.6104)	
Epoch: [10][200/391]	Time 0.100 (0.129)	Loss 1.1829 (1.0894)	Prec @1 0.5703 (0.6113)	
Epoch: [10][210/391]	Time 0.115 (0.128)	Loss 0.9673 (1.0880)	Prec @1 0.6562 (0.6118)	
Epoch: [10][220/391]	Time 0.121 (0.127)	Loss 1.1762 (1.0890)	Prec @1 0.6172 (0.6110)	
Epoch: [10][230/391]	Time 0.080 (0.126)	Loss 1.0356 (1.0862)	Prec @1 0.6328 (0.6124)	
Epoch: [10][240/391]	Time 0.100 (0.125)	Loss 1.1289 (1.0892)	Prec @1 0.6484 (0.6117)	
Epoch: [10][250/391]	Time 0.128 (0.125)	Loss 1.1507 (1.0893)	Prec @1 0.5703 (0.6115)	
Epoch: [10][260/391]	Time 0.215 (0.125)	Loss 1.0168 (1.0898)	Prec @1 0.6406 (0.6115)	
Epoch: [10][270/391]	Time 0.114 (0.125)	Loss 1.0381 (1.0897)	Prec @1 0.6562 (0.6116)	
Epoch: [10][280/391]	Time 0.113 (0.125)	Loss 1.1522 (1.0898)	Prec @1 0.6094 (0.6119)	
Epoch: [10][290/391]	Time 0.138 (0.124)	Loss 1.1843 (1.0910)	Prec @1 0.6328 (0.6119)	
Epoch: [10][300/391]	Time 0.110 (0.124)	Loss 1.0941 (1.0900)	Prec @1 0.5547 (0.6126)	
Epoch: [10][310/391]	Time 0.135 (0.123)	Loss 1.1153 (1.0903)	Prec @1 0.5938 (0.6130)	
Epoch: [10][320/391]	Time 0.110 (0.123)	Loss 0.9192 (1.0906)	Prec @1 0.6641 (0.6131)	
Epoch: [10][330/391]	Time 0.113 (0.122)	Loss 1.1157 (1.0894)	Prec @1 0.6016 (0.6136)	
Epoch: [10][340/391]	Time 0.102 (0.122)	Loss 0.9767 (1.0891)	Prec @1 0.6484 (0.6139)	
Epoch: [10][350/391]	Time 0.095 (0.122)	Loss 1.0870 (1.0894)	Prec @1 0.6328 (0.6137)	
Epoch: [10][360/391]	Time 0.202 (0.122)	Loss 1.1477 (1.0885)	Prec @1 0.6094 (0.6143)	
Epoch: [10][370/391]	Time 0.109 (0.122)	Loss 0.9916 (1.0876)	Prec @1 0.6094 (0.6147)	
Epoch: [10][380/391]	Time 0.111 (0.122)	Loss 0.9502 (1.0864)	Prec @1 0.6562 (0.6152)	
Epoch: [10][390/391]	Time 0.066 (0.121)	Loss 0.9605 (1.0861)	Prec @1 0.6500 (0.6151)	
Epoch: [10][0/100]	Time 0.045 (0.045)	
Epoch: [10][10/100]	Time 0.038 (0.043)	
Epoch: [10][20/100]	Time 0.039 (0.041)	
Epoch: [10][30/100]	Time 0.035 (0.041)	
Epoch: [10][40/100]	Time 0.038 (0.041)	
Epoch: [10][50/100]	Time 0.050 (0.041)	
Epoch: [10][60/100]	Time 0.039 (0.041)	
Epoch: [10][70/100]	Time 0.041 (0.041)	
Epoch: [10][80/100]	Time 0.039 (0.041)	
Epoch: [10][90/100]	Time 0.040 (0.041)	
Accuracy of Class 0: 0.8010
Accuracy of Class 1: 0.6280
Accuracy of Class 2: 0.5530
Accuracy of Class 3: 0.2730
Accuracy of Class 4: 0.4170
Accuracy of Class 5: 0.6310
Accuracy of Class 6: 0.6350
Accuracy of Class 7: 0.8390
Accuracy of Class 8: 0.7090
Accuracy of Class 9: 0.6870
* Prec @1: 0.6173
Epoch: [11][0/391]	Time 0.104 (0.104)	Loss 1.0633 (1.0633)	Prec @1 0.5938 (0.5938)	
Epoch: [11][10/391]	Time 0.104 (0.108)	Loss 0.8624 (1.0319)	Prec @1 0.6797 (0.6321)	
Epoch: [11][20/391]	Time 0.111 (0.108)	Loss 0.9683 (1.0290)	Prec @1 0.6875 (0.6410)	
Epoch: [11][30/391]	Time 0.106 (0.106)	Loss 1.0399 (1.0336)	Prec @1 0.6172 (0.6381)	
Epoch: [11][40/391]	Time 0.127 (0.109)	Loss 1.1806 (1.0299)	Prec @1 0.5781 (0.6383)	
Epoch: [11][50/391]	Time 0.090 (0.107)	Loss 1.0168 (1.0380)	Prec @1 0.6172 (0.6366)	
Epoch: [11][60/391]	Time 0.123 (0.109)	Loss 1.0221 (1.0486)	Prec @1 0.6641 (0.6341)	
Epoch: [11][70/391]	Time 0.106 (0.109)	Loss 1.0953 (1.0433)	Prec @1 0.6172 (0.6384)	
Epoch: [11][80/391]	Time 0.109 (0.108)	Loss 1.1851 (1.0478)	Prec @1 0.6094 (0.6348)	
Epoch: [11][90/391]	Time 0.105 (0.109)	Loss 1.0457 (1.0538)	Prec @1 0.6094 (0.6322)	
Epoch: [11][100/391]	Time 0.084 (0.108)	Loss 1.1042 (1.0548)	Prec @1 0.6641 (0.6327)	
Epoch: [11][110/391]	Time 0.109 (0.108)	Loss 1.1826 (1.0594)	Prec @1 0.5469 (0.6302)	
Epoch: [11][120/391]	Time 0.104 (0.108)	Loss 1.1269 (1.0624)	Prec @1 0.6562 (0.6302)	
Epoch: [11][130/391]	Time 0.159 (0.109)	Loss 1.1449 (1.0633)	Prec @1 0.6016 (0.6297)	
Epoch: [11][140/391]	Time 0.095 (0.110)	Loss 1.1237 (1.0636)	Prec @1 0.6328 (0.6288)	
Epoch: [11][150/391]	Time 0.098 (0.109)	Loss 1.2853 (1.0667)	Prec @1 0.5312 (0.6262)	
Epoch: [11][160/391]	Time 0.099 (0.110)	Loss 1.1105 (1.0707)	Prec @1 0.5781 (0.6240)	
Epoch: [11][170/391]	Time 0.097 (0.110)	Loss 0.8434 (1.0664)	Prec @1 0.6875 (0.6247)	
Epoch: [11][180/391]	Time 0.112 (0.110)	Loss 1.1554 (1.0672)	Prec @1 0.6016 (0.6252)	
Epoch: [11][190/391]	Time 0.112 (0.109)	Loss 1.2506 (1.0697)	Prec @1 0.5625 (0.6234)	
Epoch: [11][200/391]	Time 0.124 (0.109)	Loss 1.1319 (1.0714)	Prec @1 0.6328 (0.6227)	
Epoch: [11][210/391]	Time 0.089 (0.109)	Loss 1.0532 (1.0702)	Prec @1 0.6406 (0.6236)	
Epoch: [11][220/391]	Time 0.100 (0.108)	Loss 1.1680 (1.0715)	Prec @1 0.5703 (0.6229)	
Epoch: [11][230/391]	Time 0.099 (0.108)	Loss 1.0407 (1.0728)	Prec @1 0.6250 (0.6223)	
Epoch: [11][240/391]	Time 0.088 (0.107)	Loss 1.1397 (1.0746)	Prec @1 0.6250 (0.6216)	
Epoch: [11][250/391]	Time 0.077 (0.107)	Loss 1.1357 (1.0733)	Prec @1 0.6094 (0.6215)	
Epoch: [11][260/391]	Time 0.127 (0.107)	Loss 0.9823 (1.0719)	Prec @1 0.6016 (0.6216)	
Epoch: [11][270/391]	Time 0.123 (0.107)	Loss 0.9864 (1.0714)	Prec @1 0.6562 (0.6222)	
Epoch: [11][280/391]	Time 0.117 (0.107)	Loss 1.1028 (1.0701)	Prec @1 0.6250 (0.6224)	
Epoch: [11][290/391]	Time 0.071 (0.107)	Loss 1.1412 (1.0698)	Prec @1 0.6016 (0.6227)	
Epoch: [11][300/391]	Time 0.089 (0.106)	Loss 1.1351 (1.0699)	Prec @1 0.6875 (0.6224)	
Epoch: [11][310/391]	Time 0.094 (0.106)	Loss 1.0324 (1.0682)	Prec @1 0.6094 (0.6230)	
Epoch: [11][320/391]	Time 0.086 (0.106)	Loss 1.1028 (1.0684)	Prec @1 0.5703 (0.6232)	
Epoch: [11][330/391]	Time 0.105 (0.106)	Loss 1.0720 (1.0667)	Prec @1 0.6250 (0.6241)	
Epoch: [11][340/391]	Time 0.080 (0.105)	Loss 1.1668 (1.0668)	Prec @1 0.5859 (0.6244)	
Epoch: [11][350/391]	Time 0.085 (0.105)	Loss 1.0711 (1.0674)	Prec @1 0.6484 (0.6242)	
Epoch: [11][360/391]	Time 0.083 (0.104)	Loss 1.0284 (1.0686)	Prec @1 0.6719 (0.6241)	
Epoch: [11][370/391]	Time 0.136 (0.104)	Loss 0.9773 (1.0680)	Prec @1 0.6484 (0.6238)	
Epoch: [11][380/391]	Time 0.083 (0.104)	Loss 1.0810 (1.0677)	Prec @1 0.6172 (0.6237)	
Epoch: [11][390/391]	Time 0.061 (0.103)	Loss 1.0714 (1.0670)	Prec @1 0.6875 (0.6239)	
Epoch: [11][0/100]	Time 0.044 (0.044)	
Epoch: [11][10/100]	Time 0.030 (0.029)	
Epoch: [11][20/100]	Time 0.031 (0.028)	
Epoch: [11][30/100]	Time 0.031 (0.028)	
Epoch: [11][40/100]	Time 0.033 (0.029)	
Epoch: [11][50/100]	Time 0.034 (0.029)	
Epoch: [11][60/100]	Time 0.028 (0.029)	
Epoch: [11][70/100]	Time 0.038 (0.029)	
Epoch: [11][80/100]	Time 0.029 (0.029)	
Epoch: [11][90/100]	Time 0.035 (0.030)	
Accuracy of Class 0: 0.7970
Accuracy of Class 1: 0.7430
Accuracy of Class 2: 0.5580
Accuracy of Class 3: 0.3900
Accuracy of Class 4: 0.5810
Accuracy of Class 5: 0.6220
Accuracy of Class 6: 0.6680
Accuracy of Class 7: 0.7090
Accuracy of Class 8: 0.7250
Accuracy of Class 9: 0.7880
* Prec @1: 0.6581
Epoch: [12][0/391]	Time 0.104 (0.104)	Loss 0.9132 (0.9132)	Prec @1 0.6875 (0.6875)	
Epoch: [12][10/391]	Time 0.096 (0.099)	Loss 0.9829 (1.0613)	Prec @1 0.7031 (0.6243)	
Epoch: [12][20/391]	Time 0.082 (0.095)	Loss 1.0742 (1.0821)	Prec @1 0.6328 (0.6205)	
Epoch: [12][30/391]	Time 0.090 (0.096)	Loss 1.1236 (1.0973)	Prec @1 0.5859 (0.6086)	
Epoch: [12][40/391]	Time 0.095 (0.096)	Loss 1.1099 (1.0813)	Prec @1 0.6172 (0.6157)	
Epoch: [12][50/391]	Time 0.078 (0.094)	Loss 1.0842 (1.0736)	Prec @1 0.6406 (0.6184)	
Epoch: [12][60/391]	Time 0.117 (0.093)	Loss 1.1171 (1.0749)	Prec @1 0.6328 (0.6186)	
Epoch: [12][70/391]	Time 0.102 (0.097)	Loss 1.2012 (1.0701)	Prec @1 0.5781 (0.6199)	
Epoch: [12][80/391]	Time 0.074 (0.097)	Loss 1.0337 (1.0699)	Prec @1 0.5781 (0.6203)	
Epoch: [12][90/391]	Time 0.094 (0.096)	Loss 1.1908 (1.0729)	Prec @1 0.5859 (0.6199)	
Epoch: [12][100/391]	Time 0.103 (0.096)	Loss 1.0964 (1.0696)	Prec @1 0.6953 (0.6210)	
Epoch: [12][110/391]	Time 0.079 (0.095)	Loss 1.0561 (1.0726)	Prec @1 0.6250 (0.6197)	
Epoch: [12][120/391]	Time 0.091 (0.095)	Loss 1.0199 (1.0641)	Prec @1 0.6172 (0.6236)	
Epoch: [12][130/391]	Time 0.098 (0.095)	Loss 1.0812 (1.0609)	Prec @1 0.6484 (0.6245)	
Epoch: [12][140/391]	Time 0.098 (0.095)	Loss 1.1213 (1.0620)	Prec @1 0.5938 (0.6241)	
Epoch: [12][150/391]	Time 0.100 (0.094)	Loss 1.0384 (1.0604)	Prec @1 0.6328 (0.6253)	
Epoch: [12][160/391]	Time 0.095 (0.094)	Loss 1.0129 (1.0605)	Prec @1 0.6406 (0.6245)	
Epoch: [12][170/391]	Time 0.071 (0.094)	Loss 0.9601 (1.0567)	Prec @1 0.6484 (0.6259)	
Epoch: [12][180/391]	Time 0.086 (0.094)	Loss 1.1923 (1.0579)	Prec @1 0.6172 (0.6267)	
Epoch: [12][190/391]	Time 0.095 (0.094)	Loss 0.9792 (1.0574)	Prec @1 0.6250 (0.6259)	
Epoch: [12][200/391]	Time 0.075 (0.094)	Loss 0.9601 (1.0570)	Prec @1 0.6641 (0.6260)	
Epoch: [12][210/391]	Time 0.079 (0.093)	Loss 0.9318 (1.0568)	Prec @1 0.6562 (0.6267)	
Epoch: [12][220/391]	Time 0.085 (0.093)	Loss 1.0011 (1.0545)	Prec @1 0.6641 (0.6277)	
Epoch: [12][230/391]	Time 0.085 (0.093)	Loss 0.9762 (1.0528)	Prec @1 0.6719 (0.6282)	
Epoch: [12][240/391]	Time 0.079 (0.092)	Loss 1.0211 (1.0530)	Prec @1 0.6094 (0.6279)	
Epoch: [12][250/391]	Time 0.080 (0.092)	Loss 0.9551 (1.0540)	Prec @1 0.6875 (0.6277)	
Epoch: [12][260/391]	Time 0.080 (0.092)	Loss 1.1015 (1.0539)	Prec @1 0.5859 (0.6277)	
Epoch: [12][270/391]	Time 0.119 (0.092)	Loss 1.0261 (1.0523)	Prec @1 0.6562 (0.6285)	
Epoch: [12][280/391]	Time 0.082 (0.092)	Loss 1.1263 (1.0523)	Prec @1 0.5781 (0.6284)	
Epoch: [12][290/391]	Time 0.082 (0.092)	Loss 1.0801 (1.0532)	Prec @1 0.5391 (0.6282)	
Epoch: [12][300/391]	Time 0.097 (0.092)	Loss 1.0894 (1.0523)	Prec @1 0.5781 (0.6280)	
Epoch: [12][310/391]	Time 0.101 (0.093)	Loss 1.1091 (1.0528)	Prec @1 0.6094 (0.6278)	
Epoch: [12][320/391]	Time 0.101 (0.093)	Loss 1.1297 (1.0525)	Prec @1 0.5938 (0.6283)	
Epoch: [12][330/391]	Time 0.122 (0.093)	Loss 1.0625 (1.0519)	Prec @1 0.6172 (0.6282)	
Epoch: [12][340/391]	Time 0.104 (0.093)	Loss 1.0883 (1.0521)	Prec @1 0.6172 (0.6279)	
Epoch: [12][350/391]	Time 0.099 (0.093)	Loss 1.1576 (1.0533)	Prec @1 0.5938 (0.6276)	
Epoch: [12][360/391]	Time 0.104 (0.093)	Loss 1.0398 (1.0531)	Prec @1 0.6562 (0.6275)	
Epoch: [12][370/391]	Time 0.085 (0.093)	Loss 1.0200 (1.0526)	Prec @1 0.6797 (0.6277)	
Epoch: [12][380/391]	Time 0.086 (0.093)	Loss 1.0660 (1.0527)	Prec @1 0.6172 (0.6280)	
Epoch: [12][390/391]	Time 0.071 (0.093)	Loss 0.8622 (1.0521)	Prec @1 0.7125 (0.6284)	
Epoch: [12][0/100]	Time 0.039 (0.039)	
Epoch: [12][10/100]	Time 0.032 (0.035)	
Epoch: [12][20/100]	Time 0.028 (0.032)	
Epoch: [12][30/100]	Time 0.032 (0.031)	
Epoch: [12][40/100]	Time 0.025 (0.030)	
Epoch: [12][50/100]	Time 0.034 (0.030)	
Epoch: [12][60/100]	Time 0.028 (0.030)	
Epoch: [12][70/100]	Time 0.035 (0.030)	
Epoch: [12][80/100]	Time 0.027 (0.030)	
Epoch: [12][90/100]	Time 0.031 (0.030)	
Accuracy of Class 0: 0.7320
Accuracy of Class 1: 0.8920
Accuracy of Class 2: 0.5450
Accuracy of Class 3: 0.3850
Accuracy of Class 4: 0.3800
Accuracy of Class 5: 0.7130
Accuracy of Class 6: 0.7070
Accuracy of Class 7: 0.5240
Accuracy of Class 8: 0.8470
Accuracy of Class 9: 0.5940
* Prec @1: 0.6319
Epoch: [13][0/391]	Time 0.101 (0.101)	Loss 0.9496 (0.9496)	Prec @1 0.6406 (0.6406)	
Epoch: [13][10/391]	Time 0.083 (0.093)	Loss 1.0656 (0.9998)	Prec @1 0.6016 (0.6321)	
Epoch: [13][20/391]	Time 0.071 (0.087)	Loss 1.0661 (1.0205)	Prec @1 0.6094 (0.6324)	
Epoch: [13][30/391]	Time 0.112 (0.090)	Loss 1.1476 (1.0224)	Prec @1 0.5625 (0.6341)	
Epoch: [13][40/391]	Time 0.091 (0.091)	Loss 0.9872 (1.0372)	Prec @1 0.6797 (0.6292)	
Epoch: [13][50/391]	Time 0.092 (0.091)	Loss 1.1595 (1.0414)	Prec @1 0.5859 (0.6261)	
Epoch: [13][60/391]	Time 0.084 (0.092)	Loss 0.9207 (1.0334)	Prec @1 0.7031 (0.6313)	
Epoch: [13][70/391]	Time 0.105 (0.093)	Loss 1.0576 (1.0356)	Prec @1 0.6094 (0.6328)	
Epoch: [13][80/391]	Time 0.088 (0.094)	Loss 1.0962 (1.0330)	Prec @1 0.6328 (0.6336)	
Epoch: [13][90/391]	Time 0.110 (0.096)	Loss 0.9937 (1.0321)	Prec @1 0.5938 (0.6339)	
Epoch: [13][100/391]	Time 0.097 (0.097)	Loss 1.0205 (1.0312)	Prec @1 0.6250 (0.6351)	
Epoch: [13][110/391]	Time 0.083 (0.098)	Loss 1.0320 (1.0319)	Prec @1 0.6094 (0.6347)	
Epoch: [13][120/391]	Time 0.088 (0.098)	Loss 1.1093 (1.0328)	Prec @1 0.6328 (0.6343)	
Epoch: [13][130/391]	Time 0.086 (0.096)	Loss 1.1668 (1.0350)	Prec @1 0.5938 (0.6328)	
Epoch: [13][140/391]	Time 0.105 (0.096)	Loss 0.9240 (1.0358)	Prec @1 0.6953 (0.6333)	
Epoch: [13][150/391]	Time 0.136 (0.097)	Loss 0.8926 (1.0374)	Prec @1 0.6719 (0.6330)	
Epoch: [13][160/391]	Time 0.135 (0.099)	Loss 1.2424 (1.0373)	Prec @1 0.5938 (0.6332)	
Epoch: [13][170/391]	Time 0.111 (0.099)	Loss 0.9704 (1.0385)	Prec @1 0.6328 (0.6331)	
Epoch: [13][180/391]	Time 0.095 (0.100)	Loss 1.0871 (1.0397)	Prec @1 0.5547 (0.6317)	
Epoch: [13][190/391]	Time 0.089 (0.099)	Loss 0.9987 (1.0414)	Prec @1 0.6953 (0.6310)	
Epoch: [13][200/391]	Time 0.103 (0.099)	Loss 1.0464 (1.0402)	Prec @1 0.6719 (0.6323)	
Epoch: [13][210/391]	Time 0.093 (0.099)	Loss 0.9615 (1.0381)	Prec @1 0.7031 (0.6323)	
Epoch: [13][220/391]	Time 0.111 (0.099)	Loss 1.2023 (1.0381)	Prec @1 0.5469 (0.6321)	
Epoch: [13][230/391]	Time 0.092 (0.099)	Loss 1.0132 (1.0377)	Prec @1 0.6484 (0.6326)	
Epoch: [13][240/391]	Time 0.106 (0.100)	Loss 0.8870 (1.0366)	Prec @1 0.6484 (0.6328)	
Epoch: [13][250/391]	Time 0.106 (0.099)	Loss 0.8805 (1.0325)	Prec @1 0.7344 (0.6346)	
Epoch: [13][260/391]	Time 0.090 (0.099)	Loss 1.0067 (1.0306)	Prec @1 0.6562 (0.6365)	
Epoch: [13][270/391]	Time 0.106 (0.099)	Loss 0.9525 (1.0278)	Prec @1 0.6406 (0.6369)	
Epoch: [13][280/391]	Time 0.087 (0.100)	Loss 1.1096 (1.0280)	Prec @1 0.5625 (0.6369)	
Epoch: [13][290/391]	Time 0.097 (0.099)	Loss 1.0619 (1.0273)	Prec @1 0.6094 (0.6375)	
Epoch: [13][300/391]	Time 0.111 (0.099)	Loss 1.0616 (1.0291)	Prec @1 0.6172 (0.6369)	
Epoch: [13][310/391]	Time 0.100 (0.099)	Loss 0.9523 (1.0305)	Prec @1 0.6172 (0.6367)	
Epoch: [13][320/391]	Time 0.098 (0.100)	Loss 1.0366 (1.0296)	Prec @1 0.6406 (0.6373)	
Epoch: [13][330/391]	Time 0.098 (0.100)	Loss 1.0180 (1.0293)	Prec @1 0.6484 (0.6372)	
Epoch: [13][340/391]	Time 0.095 (0.100)	Loss 0.9982 (1.0298)	Prec @1 0.6562 (0.6371)	
Epoch: [13][350/391]	Time 0.080 (0.100)	Loss 1.2093 (1.0304)	Prec @1 0.5547 (0.6374)	
Epoch: [13][360/391]	Time 0.099 (0.100)	Loss 1.0383 (1.0304)	Prec @1 0.6250 (0.6370)	
Epoch: [13][370/391]	Time 0.089 (0.100)	Loss 0.8497 (1.0300)	Prec @1 0.7031 (0.6372)	
Epoch: [13][380/391]	Time 0.111 (0.100)	Loss 1.2453 (1.0300)	Prec @1 0.5547 (0.6373)	
Epoch: [13][390/391]	Time 0.073 (0.100)	Loss 1.0560 (1.0308)	Prec @1 0.5750 (0.6369)	
Epoch: [13][0/100]	Time 0.026 (0.026)	
Epoch: [13][10/100]	Time 0.031 (0.034)	
Epoch: [13][20/100]	Time 0.028 (0.032)	
Epoch: [13][30/100]	Time 0.047 (0.032)	
Epoch: [13][40/100]	Time 0.044 (0.035)	
Epoch: [13][50/100]	Time 0.022 (0.035)	
Epoch: [13][60/100]	Time 0.021 (0.034)	
Epoch: [13][70/100]	Time 0.034 (0.033)	
Epoch: [13][80/100]	Time 0.024 (0.033)	
Epoch: [13][90/100]	Time 0.020 (0.032)	
Accuracy of Class 0: 0.5540
Accuracy of Class 1: 0.9170
Accuracy of Class 2: 0.4950
Accuracy of Class 3: 0.4860
Accuracy of Class 4: 0.6900
Accuracy of Class 5: 0.5120
Accuracy of Class 6: 0.6150
Accuracy of Class 7: 0.7280
Accuracy of Class 8: 0.9010
Accuracy of Class 9: 0.6540
* Prec @1: 0.6552
Epoch: [14][0/391]	Time 0.092 (0.092)	Loss 1.0437 (1.0437)	Prec @1 0.5938 (0.5938)	
Epoch: [14][10/391]	Time 0.114 (0.103)	Loss 1.1467 (1.0352)	Prec @1 0.6016 (0.6250)	
Epoch: [14][20/391]	Time 0.125 (0.107)	Loss 1.1022 (1.0277)	Prec @1 0.6250 (0.6324)	
Epoch: [14][30/391]	Time 0.115 (0.104)	Loss 0.9982 (1.0376)	Prec @1 0.7031 (0.6275)	
Epoch: [14][40/391]	Time 0.083 (0.105)	Loss 1.0224 (1.0352)	Prec @1 0.6406 (0.6282)	
Epoch: [14][50/391]	Time 0.109 (0.103)	Loss 0.9632 (1.0293)	Prec @1 0.6641 (0.6328)	
Epoch: [14][60/391]	Time 0.132 (0.106)	Loss 1.2610 (1.0283)	Prec @1 0.5234 (0.6322)	
Epoch: [14][70/391]	Time 0.119 (0.108)	Loss 0.9964 (1.0321)	Prec @1 0.6328 (0.6315)	
Epoch: [14][80/391]	Time 0.114 (0.108)	Loss 0.9896 (1.0317)	Prec @1 0.6328 (0.6330)	
Epoch: [14][90/391]	Time 0.095 (0.107)	Loss 1.0137 (1.0330)	Prec @1 0.6875 (0.6346)	
Epoch: [14][100/391]	Time 0.089 (0.106)	Loss 1.0797 (1.0271)	Prec @1 0.5938 (0.6375)	
Epoch: [14][110/391]	Time 0.126 (0.106)	Loss 1.2151 (1.0271)	Prec @1 0.6250 (0.6362)	
Epoch: [14][120/391]	Time 0.077 (0.106)	Loss 0.9457 (1.0212)	Prec @1 0.6797 (0.6385)	
Epoch: [14][130/391]	Time 0.097 (0.106)	Loss 1.0704 (1.0207)	Prec @1 0.6172 (0.6387)	
Epoch: [14][140/391]	Time 0.098 (0.105)	Loss 0.9539 (1.0192)	Prec @1 0.6797 (0.6397)	
Epoch: [14][150/391]	Time 0.106 (0.105)	Loss 1.0747 (1.0208)	Prec @1 0.6250 (0.6390)	
Epoch: [14][160/391]	Time 0.118 (0.105)	Loss 1.0264 (1.0222)	Prec @1 0.6094 (0.6387)	
Epoch: [14][170/391]	Time 0.096 (0.105)	Loss 1.0098 (1.0223)	Prec @1 0.6094 (0.6392)	
Epoch: [14][180/391]	Time 0.103 (0.105)	Loss 1.0725 (1.0202)	Prec @1 0.6016 (0.6397)	
Epoch: [14][190/391]	Time 0.110 (0.105)	Loss 0.9860 (1.0204)	Prec @1 0.6797 (0.6398)	
Epoch: [14][200/391]	Time 0.111 (0.105)	Loss 1.0316 (1.0216)	Prec @1 0.6250 (0.6397)	
Epoch: [14][210/391]	Time 0.103 (0.105)	Loss 1.1153 (1.0210)	Prec @1 0.6484 (0.6402)	
Epoch: [14][220/391]	Time 0.111 (0.105)	Loss 1.0001 (1.0214)	Prec @1 0.6875 (0.6409)	
Epoch: [14][230/391]	Time 0.099 (0.105)	Loss 0.9622 (1.0227)	Prec @1 0.6484 (0.6405)	
Epoch: [14][240/391]	Time 0.096 (0.105)	Loss 0.9048 (1.0218)	Prec @1 0.6250 (0.6403)	
Epoch: [14][250/391]	Time 0.095 (0.105)	Loss 0.9461 (1.0213)	Prec @1 0.6641 (0.6405)	
Epoch: [14][260/391]	Time 0.095 (0.105)	Loss 1.2094 (1.0202)	Prec @1 0.5625 (0.6407)	
Epoch: [14][270/391]	Time 0.102 (0.104)	Loss 1.0555 (1.0196)	Prec @1 0.6094 (0.6408)	
Epoch: [14][280/391]	Time 0.087 (0.104)	Loss 0.9428 (1.0186)	Prec @1 0.6484 (0.6415)	
Epoch: [14][290/391]	Time 0.112 (0.104)	Loss 0.9608 (1.0170)	Prec @1 0.6719 (0.6418)	
Epoch: [14][300/391]	Time 0.138 (0.104)	Loss 1.0486 (1.0175)	Prec @1 0.6250 (0.6419)	
Epoch: [14][310/391]	Time 0.104 (0.104)	Loss 1.1186 (1.0190)	Prec @1 0.6094 (0.6415)	
Epoch: [14][320/391]	Time 0.111 (0.104)	Loss 1.1466 (1.0207)	Prec @1 0.6016 (0.6408)	
Epoch: [14][330/391]	Time 0.114 (0.104)	Loss 1.0241 (1.0200)	Prec @1 0.6172 (0.6407)	
Epoch: [14][340/391]	Time 0.083 (0.104)	Loss 1.1103 (1.0209)	Prec @1 0.6172 (0.6396)	
Epoch: [14][350/391]	Time 0.097 (0.103)	Loss 0.8467 (1.0189)	Prec @1 0.7266 (0.6402)	
Epoch: [14][360/391]	Time 0.118 (0.103)	Loss 1.0239 (1.0185)	Prec @1 0.6406 (0.6405)	
Epoch: [14][370/391]	Time 0.101 (0.103)	Loss 1.2143 (1.0182)	Prec @1 0.5859 (0.6405)	
Epoch: [14][380/391]	Time 0.094 (0.103)	Loss 1.1201 (1.0177)	Prec @1 0.6094 (0.6408)	
Epoch: [14][390/391]	Time 0.089 (0.103)	Loss 0.9091 (1.0180)	Prec @1 0.7000 (0.6410)	
Epoch: [14][0/100]	Time 0.037 (0.037)	
Epoch: [14][10/100]	Time 0.038 (0.033)	
Epoch: [14][20/100]	Time 0.030 (0.031)	
Epoch: [14][30/100]	Time 0.040 (0.033)	
Epoch: [14][40/100]	Time 0.030 (0.034)	
Epoch: [14][50/100]	Time 0.032 (0.033)	
Epoch: [14][60/100]	Time 0.032 (0.032)	
Epoch: [14][70/100]	Time 0.028 (0.032)	
Epoch: [14][80/100]	Time 0.032 (0.031)	
Epoch: [14][90/100]	Time 0.028 (0.031)	
Accuracy of Class 0: 0.6940
Accuracy of Class 1: 0.7970
Accuracy of Class 2: 0.5100
Accuracy of Class 3: 0.3950
Accuracy of Class 4: 0.6150
Accuracy of Class 5: 0.7710
Accuracy of Class 6: 0.7060
Accuracy of Class 7: 0.7070
Accuracy of Class 8: 0.7290
Accuracy of Class 9: 0.7750
* Prec @1: 0.6699
Epoch: [15][0/391]	Time 0.130 (0.130)	Loss 0.9064 (0.9064)	Prec @1 0.7109 (0.7109)	
Epoch: [15][10/391]	Time 0.098 (0.102)	Loss 0.9158 (0.9629)	Prec @1 0.7109 (0.6662)	
Epoch: [15][20/391]	Time 0.083 (0.094)	Loss 0.9600 (0.9826)	Prec @1 0.6719 (0.6600)	
Epoch: [15][30/391]	Time 0.150 (0.098)	Loss 1.1100 (0.9760)	Prec @1 0.6016 (0.6623)	
Epoch: [15][40/391]	Time 0.131 (0.105)	Loss 0.9823 (0.9627)	Prec @1 0.6641 (0.6665)	
Epoch: [15][50/391]	Time 0.087 (0.104)	Loss 0.9500 (0.9618)	Prec @1 0.5938 (0.6648)	
Epoch: [15][60/391]	Time 0.110 (0.106)	Loss 0.8593 (0.9578)	Prec @1 0.6562 (0.6632)	
Epoch: [15][70/391]	Time 0.111 (0.105)	Loss 0.8923 (0.9557)	Prec @1 0.6797 (0.6651)	
Epoch: [15][80/391]	Time 0.094 (0.104)	Loss 0.8473 (0.9585)	Prec @1 0.6641 (0.6629)	
Epoch: [15][90/391]	Time 0.109 (0.105)	Loss 0.7928 (0.9586)	Prec @1 0.7344 (0.6636)	
Epoch: [15][100/391]	Time 0.133 (0.106)	Loss 1.0897 (0.9597)	Prec @1 0.6172 (0.6630)	
Epoch: [15][110/391]	Time 0.096 (0.106)	Loss 0.9833 (0.9624)	Prec @1 0.6406 (0.6617)	
Epoch: [15][120/391]	Time 0.113 (0.104)	Loss 0.8364 (0.9566)	Prec @1 0.7500 (0.6642)	
Epoch: [15][130/391]	Time 0.107 (0.104)	Loss 0.9241 (0.9567)	Prec @1 0.6719 (0.6651)	
Epoch: [15][140/391]	Time 0.125 (0.104)	Loss 0.9586 (0.9546)	Prec @1 0.6562 (0.6654)	
Epoch: [15][150/391]	Time 0.131 (0.104)	Loss 1.1189 (0.9576)	Prec @1 0.5859 (0.6641)	
Epoch: [15][160/391]	Time 0.088 (0.104)	Loss 1.0833 (0.9583)	Prec @1 0.6484 (0.6644)	
Epoch: [15][170/391]	Time 0.091 (0.103)	Loss 0.9187 (0.9569)	Prec @1 0.7188 (0.6655)	
Epoch: [15][180/391]	Time 0.109 (0.103)	Loss 0.9142 (0.9554)	Prec @1 0.6641 (0.6667)	
Epoch: [15][190/391]	Time 0.071 (0.102)	Loss 0.9657 (0.9544)	Prec @1 0.6641 (0.6670)	
Epoch: [15][200/391]	Time 0.079 (0.101)	Loss 0.8778 (0.9574)	Prec @1 0.6719 (0.6663)	
Epoch: [15][210/391]	Time 0.115 (0.101)	Loss 0.9228 (0.9565)	Prec @1 0.7109 (0.6664)	
Epoch: [15][220/391]	Time 0.093 (0.101)	Loss 0.9187 (0.9557)	Prec @1 0.6719 (0.6663)	
Epoch: [15][230/391]	Time 0.079 (0.100)	Loss 0.9595 (0.9547)	Prec @1 0.6406 (0.6666)	
Epoch: [15][240/391]	Time 0.096 (0.101)	Loss 0.8980 (0.9550)	Prec @1 0.6484 (0.6659)	
Epoch: [15][250/391]	Time 0.095 (0.100)	Loss 1.0076 (0.9546)	Prec @1 0.6328 (0.6664)	
Epoch: [15][260/391]	Time 0.096 (0.100)	Loss 0.9964 (0.9529)	Prec @1 0.6406 (0.6672)	
Epoch: [15][270/391]	Time 0.089 (0.100)	Loss 1.0234 (0.9530)	Prec @1 0.6406 (0.6670)	
Epoch: [15][280/391]	Time 0.079 (0.100)	Loss 0.9663 (0.9531)	Prec @1 0.6719 (0.6671)	
Epoch: [15][290/391]	Time 0.079 (0.100)	Loss 0.9152 (0.9550)	Prec @1 0.6875 (0.6666)	
Epoch: [15][300/391]	Time 0.096 (0.100)	Loss 0.9593 (0.9542)	Prec @1 0.6484 (0.6668)	
Epoch: [15][310/391]	Time 0.096 (0.100)	Loss 1.0006 (0.9543)	Prec @1 0.6016 (0.6667)	
Epoch: [15][320/391]	Time 0.084 (0.100)	Loss 0.8995 (0.9526)	Prec @1 0.6953 (0.6677)	
Epoch: [15][330/391]	Time 0.095 (0.099)	Loss 0.9306 (0.9522)	Prec @1 0.7031 (0.6682)	
Epoch: [15][340/391]	Time 0.079 (0.099)	Loss 0.8324 (0.9516)	Prec @1 0.7500 (0.6687)	
Epoch: [15][350/391]	Time 0.085 (0.098)	Loss 0.9391 (0.9507)	Prec @1 0.6953 (0.6690)	
Epoch: [15][360/391]	Time 0.109 (0.098)	Loss 0.9107 (0.9499)	Prec @1 0.6953 (0.6690)	
Epoch: [15][370/391]	Time 0.080 (0.098)	Loss 0.9095 (0.9501)	Prec @1 0.6719 (0.6690)	
Epoch: [15][380/391]	Time 0.089 (0.097)	Loss 1.0070 (0.9497)	Prec @1 0.6406 (0.6695)	
Epoch: [15][390/391]	Time 0.060 (0.097)	Loss 0.9519 (0.9503)	Prec @1 0.5500 (0.6689)	
Epoch: [15][0/100]	Time 0.029 (0.029)	
Epoch: [15][10/100]	Time 0.028 (0.029)	
Epoch: [15][20/100]	Time 0.034 (0.030)	
Epoch: [15][30/100]	Time 0.033 (0.030)	
Epoch: [15][40/100]	Time 0.031 (0.030)	
Epoch: [15][50/100]	Time 0.036 (0.031)	
Epoch: [15][60/100]	Time 0.034 (0.031)	
Epoch: [15][70/100]	Time 0.035 (0.033)	
Epoch: [15][80/100]	Time 0.067 (0.035)	
Epoch: [15][90/100]	Time 0.057 (0.037)	
Accuracy of Class 0: 0.7580
Accuracy of Class 1: 0.8510
Accuracy of Class 2: 0.5470
Accuracy of Class 3: 0.4240
Accuracy of Class 4: 0.6240
Accuracy of Class 5: 0.7020
Accuracy of Class 6: 0.7600
Accuracy of Class 7: 0.7350
Accuracy of Class 8: 0.8110
Accuracy of Class 9: 0.8100
* Prec @1: 0.7022
Epoch: [16][0/391]	Time 0.087 (0.087)	Loss 0.9182 (0.9182)	Prec @1 0.6250 (0.6250)	
Epoch: [16][10/391]	Time 0.099 (0.098)	Loss 0.9390 (0.9084)	Prec @1 0.6719 (0.6804)	
Epoch: [16][20/391]	Time 0.103 (0.104)	Loss 0.9298 (0.9232)	Prec @1 0.6641 (0.6778)	
Epoch: [16][30/391]	Time 0.090 (0.104)	Loss 0.8684 (0.9380)	Prec @1 0.6562 (0.6714)	
Epoch: [16][40/391]	Time 0.080 (0.101)	Loss 0.9781 (0.9323)	Prec @1 0.6406 (0.6738)	
Epoch: [16][50/391]	Time 0.072 (0.100)	Loss 0.9322 (0.9347)	Prec @1 0.6562 (0.6706)	
Epoch: [16][60/391]	Time 0.122 (0.100)	Loss 0.8731 (0.9306)	Prec @1 0.6953 (0.6746)	
Epoch: [16][70/391]	Time 0.110 (0.100)	Loss 0.8041 (0.9333)	Prec @1 0.6719 (0.6731)	
Epoch: [16][80/391]	Time 0.088 (0.099)	Loss 1.0034 (0.9317)	Prec @1 0.6016 (0.6741)	
Epoch: [16][90/391]	Time 0.094 (0.099)	Loss 0.9043 (0.9309)	Prec @1 0.6797 (0.6738)	
Epoch: [16][100/391]	Time 0.075 (0.099)	Loss 1.1205 (0.9371)	Prec @1 0.6094 (0.6720)	
Epoch: [16][110/391]	Time 0.094 (0.097)	Loss 1.0252 (0.9376)	Prec @1 0.6562 (0.6709)	
Epoch: [16][120/391]	Time 0.072 (0.096)	Loss 0.8304 (0.9374)	Prec @1 0.7422 (0.6710)	
Epoch: [16][130/391]	Time 0.085 (0.096)	Loss 1.0687 (0.9385)	Prec @1 0.6562 (0.6712)	
Epoch: [16][140/391]	Time 0.095 (0.095)	Loss 0.8410 (0.9365)	Prec @1 0.6562 (0.6711)	
Epoch: [16][150/391]	Time 0.110 (0.095)	Loss 0.8729 (0.9371)	Prec @1 0.7031 (0.6704)	
Epoch: [16][160/391]	Time 0.080 (0.095)	Loss 0.9399 (0.9382)	Prec @1 0.6875 (0.6701)	
Epoch: [16][170/391]	Time 0.090 (0.094)	Loss 1.0299 (0.9393)	Prec @1 0.6953 (0.6705)	
Epoch: [16][180/391]	Time 0.097 (0.095)	Loss 0.8441 (0.9380)	Prec @1 0.6953 (0.6706)	
Epoch: [16][190/391]	Time 0.127 (0.095)	Loss 1.0045 (0.9374)	Prec @1 0.7031 (0.6708)	
Epoch: [16][200/391]	Time 0.099 (0.095)	Loss 1.0653 (0.9379)	Prec @1 0.6641 (0.6711)	
Epoch: [16][210/391]	Time 0.101 (0.096)	Loss 0.9426 (0.9379)	Prec @1 0.6719 (0.6711)	
Epoch: [16][220/391]	Time 0.115 (0.096)	Loss 0.9337 (0.9400)	Prec @1 0.6641 (0.6706)	
Epoch: [16][230/391]	Time 0.143 (0.096)	Loss 0.8813 (0.9391)	Prec @1 0.6719 (0.6716)	
Epoch: [16][240/391]	Time 0.130 (0.097)	Loss 0.9968 (0.9390)	Prec @1 0.6719 (0.6713)	
Epoch: [16][250/391]	Time 0.092 (0.097)	Loss 1.0513 (0.9371)	Prec @1 0.6484 (0.6722)	
Epoch: [16][260/391]	Time 0.094 (0.098)	Loss 0.9210 (0.9364)	Prec @1 0.6797 (0.6727)	
Epoch: [16][270/391]	Time 0.119 (0.098)	Loss 0.8703 (0.9360)	Prec @1 0.6719 (0.6728)	
Epoch: [16][280/391]	Time 0.102 (0.098)	Loss 0.8361 (0.9345)	Prec @1 0.7266 (0.6735)	
Epoch: [16][290/391]	Time 0.115 (0.098)	Loss 0.9907 (0.9339)	Prec @1 0.6250 (0.6734)	
Epoch: [16][300/391]	Time 0.102 (0.098)	Loss 0.8652 (0.9328)	Prec @1 0.6875 (0.6739)	
Epoch: [16][310/391]	Time 0.100 (0.098)	Loss 0.9511 (0.9327)	Prec @1 0.6562 (0.6741)	
Epoch: [16][320/391]	Time 0.089 (0.099)	Loss 0.8870 (0.9331)	Prec @1 0.6562 (0.6738)	
Epoch: [16][330/391]	Time 0.094 (0.099)	Loss 0.9405 (0.9329)	Prec @1 0.6797 (0.6741)	
Epoch: [16][340/391]	Time 0.088 (0.099)	Loss 0.9371 (0.9338)	Prec @1 0.6953 (0.6736)	
Epoch: [16][350/391]	Time 0.073 (0.098)	Loss 1.0557 (0.9350)	Prec @1 0.6172 (0.6733)	
Epoch: [16][360/391]	Time 0.104 (0.099)	Loss 0.8040 (0.9353)	Prec @1 0.7344 (0.6734)	
Epoch: [16][370/391]	Time 0.110 (0.098)	Loss 0.9823 (0.9349)	Prec @1 0.6562 (0.6736)	
Epoch: [16][380/391]	Time 0.089 (0.098)	Loss 0.9801 (0.9342)	Prec @1 0.6328 (0.6739)	
Epoch: [16][390/391]	Time 0.064 (0.098)	Loss 0.9103 (0.9338)	Prec @1 0.6750 (0.6741)	
Epoch: [16][0/100]	Time 0.047 (0.047)	
Epoch: [16][10/100]	Time 0.026 (0.033)	
Epoch: [16][20/100]	Time 0.030 (0.030)	
Epoch: [16][30/100]	Time 0.033 (0.030)	
Epoch: [16][40/100]	Time 0.020 (0.029)	
Epoch: [16][50/100]	Time 0.028 (0.028)	
Epoch: [16][60/100]	Time 0.029 (0.029)	
Epoch: [16][70/100]	Time 0.030 (0.030)	
Epoch: [16][80/100]	Time 0.035 (0.030)	
Epoch: [16][90/100]	Time 0.028 (0.030)	
Accuracy of Class 0: 0.7210
Accuracy of Class 1: 0.7960
Accuracy of Class 2: 0.5800
Accuracy of Class 3: 0.3960
Accuracy of Class 4: 0.6160
Accuracy of Class 5: 0.6730
Accuracy of Class 6: 0.8120
Accuracy of Class 7: 0.7380
Accuracy of Class 8: 0.8450
Accuracy of Class 9: 0.8260
* Prec @1: 0.7003
Epoch: [17][0/391]	Time 0.075 (0.075)	Loss 0.9430 (0.9430)	Prec @1 0.6250 (0.6250)	
Epoch: [17][10/391]	Time 6.791 (0.758)	Loss 1.0304 (0.9158)	Prec @1 0.6719 (0.6847)	
Epoch: [17][20/391]	Time 0.222 (0.809)	Loss 1.0611 (0.9224)	Prec @1 0.6328 (0.6860)	
Epoch: [17][30/391]	Time 0.173 (0.600)	Loss 1.0247 (0.9232)	Prec @1 0.6406 (0.6842)	
Epoch: [17][40/391]	Time 0.094 (0.488)	Loss 0.8210 (0.9156)	Prec @1 0.7031 (0.6869)	
Epoch: [17][50/391]	Time 0.146 (0.419)	Loss 0.9655 (0.9273)	Prec @1 0.6562 (0.6840)	
Epoch: [17][60/391]	Time 0.125 (0.374)	Loss 1.0259 (0.9329)	Prec @1 0.6484 (0.6812)	
Epoch: [17][70/391]	Time 0.135 (0.340)	Loss 0.9155 (0.9389)	Prec @1 0.7031 (0.6777)	
Epoch: [17][80/391]	Time 0.140 (0.314)	Loss 1.0347 (0.9398)	Prec @1 0.6719 (0.6757)	
Epoch: [17][90/391]	Time 0.129 (0.294)	Loss 0.9188 (0.9375)	Prec @1 0.6875 (0.6757)	
Epoch: [17][100/391]	Time 0.114 (0.277)	Loss 0.8043 (0.9370)	Prec @1 0.7266 (0.6767)	
Epoch: [17][110/391]	Time 0.129 (0.264)	Loss 0.8594 (0.9342)	Prec @1 0.7109 (0.6778)	
Epoch: [17][120/391]	Time 0.139 (0.252)	Loss 0.8232 (0.9337)	Prec @1 0.7266 (0.6772)	
Epoch: [17][130/391]	Time 0.134 (0.242)	Loss 0.7973 (0.9301)	Prec @1 0.6797 (0.6763)	
Epoch: [17][140/391]	Time 0.128 (0.233)	Loss 0.8506 (0.9294)	Prec @1 0.6875 (0.6765)	
Epoch: [17][150/391]	Time 0.095 (0.225)	Loss 1.0581 (0.9259)	Prec @1 0.6250 (0.6778)	
Epoch: [17][160/391]	Time 0.079 (0.217)	Loss 1.0083 (0.9276)	Prec @1 0.6719 (0.6776)	
Epoch: [17][170/391]	Time 0.078 (0.209)	Loss 0.9179 (0.9262)	Prec @1 0.7031 (0.6772)	
Epoch: [17][180/391]	Time 0.112 (0.203)	Loss 1.1188 (0.9278)	Prec @1 0.6016 (0.6768)	
Epoch: [17][190/391]	Time 0.088 (0.197)	Loss 0.8682 (0.9304)	Prec @1 0.6172 (0.6751)	
Epoch: [17][200/391]	Time 0.116 (0.192)	Loss 1.0268 (0.9325)	Prec @1 0.6641 (0.6744)	
Epoch: [17][210/391]	Time 0.126 (0.188)	Loss 0.9791 (0.9325)	Prec @1 0.6562 (0.6738)	
Epoch: [17][220/391]	Time 0.097 (0.184)	Loss 0.9304 (0.9312)	Prec @1 0.7188 (0.6746)	
Epoch: [17][230/391]	Time 0.075 (0.180)	Loss 0.8269 (0.9312)	Prec @1 0.6953 (0.6743)	
Epoch: [17][240/391]	Time 0.083 (0.176)	Loss 0.8250 (0.9301)	Prec @1 0.6953 (0.6744)	
Epoch: [17][250/391]	Time 0.100 (0.173)	Loss 0.8092 (0.9282)	Prec @1 0.7344 (0.6755)	
Epoch: [17][260/391]	Time 0.082 (0.170)	Loss 0.9526 (0.9282)	Prec @1 0.6719 (0.6754)	
Epoch: [17][270/391]	Time 0.074 (0.166)	Loss 0.8898 (0.9281)	Prec @1 0.6953 (0.6752)	
Epoch: [17][280/391]	Time 0.090 (0.163)	Loss 1.0293 (0.9281)	Prec @1 0.6172 (0.6755)	
Epoch: [17][290/391]	Time 0.080 (0.161)	Loss 0.9261 (0.9276)	Prec @1 0.6875 (0.6758)	
Epoch: [17][300/391]	Time 0.102 (0.158)	Loss 0.9819 (0.9268)	Prec @1 0.6641 (0.6756)	
Epoch: [17][310/391]	Time 0.098 (0.156)	Loss 0.9134 (0.9276)	Prec @1 0.6719 (0.6756)	
Epoch: [17][320/391]	Time 0.109 (0.154)	Loss 0.9800 (0.9275)	Prec @1 0.7109 (0.6763)	
Epoch: [17][330/391]	Time 0.110 (0.152)	Loss 0.8511 (0.9277)	Prec @1 0.6797 (0.6767)	
Epoch: [17][340/391]	Time 0.071 (0.150)	Loss 0.9512 (0.9262)	Prec @1 0.6641 (0.6775)	
Epoch: [17][350/391]	Time 0.108 (0.148)	Loss 0.8739 (0.9261)	Prec @1 0.6641 (0.6775)	
Epoch: [17][360/391]	Time 0.082 (0.146)	Loss 0.8474 (0.9265)	Prec @1 0.7109 (0.6771)	
Epoch: [17][370/391]	Time 0.096 (0.144)	Loss 0.8573 (0.9262)	Prec @1 0.7266 (0.6773)	
Epoch: [17][380/391]	Time 0.081 (0.143)	Loss 0.9134 (0.9270)	Prec @1 0.7109 (0.6773)	
Epoch: [17][390/391]	Time 0.083 (0.142)	Loss 1.1433 (0.9275)	Prec @1 0.5875 (0.6773)	
Epoch: [17][0/100]	Time 0.028 (0.028)	
Epoch: [17][10/100]	Time 0.031 (0.027)	
Epoch: [17][20/100]	Time 0.026 (0.028)	
Epoch: [17][30/100]	Time 0.023 (0.030)	
Epoch: [17][40/100]	Time 0.036 (0.029)	
Epoch: [17][50/100]	Time 0.032 (0.029)	
Epoch: [17][60/100]	Time 0.029 (0.029)	
Epoch: [17][70/100]	Time 0.018 (0.029)	
Epoch: [17][80/100]	Time 0.026 (0.029)	
Epoch: [17][90/100]	Time 0.016 (0.028)	
Accuracy of Class 0: 0.7350
Accuracy of Class 1: 0.8490
Accuracy of Class 2: 0.5160
Accuracy of Class 3: 0.4470
Accuracy of Class 4: 0.6320
Accuracy of Class 5: 0.7000
Accuracy of Class 6: 0.7710
Accuracy of Class 7: 0.7350
Accuracy of Class 8: 0.8230
Accuracy of Class 9: 0.8530
* Prec @1: 0.7061
Epoch: [18][0/391]	Time 0.082 (0.082)	Loss 0.9185 (0.9185)	Prec @1 0.6953 (0.6953)	
Epoch: [18][10/391]	Time 0.096 (0.095)	Loss 0.7774 (0.9545)	Prec @1 0.7266 (0.6726)	
Epoch: [18][20/391]	Time 0.105 (0.095)	Loss 0.9829 (0.9509)	Prec @1 0.6562 (0.6685)	
Epoch: [18][30/391]	Time 0.080 (0.093)	Loss 0.8335 (0.9448)	Prec @1 0.6953 (0.6711)	
Epoch: [18][40/391]	Time 0.079 (0.093)	Loss 0.7983 (0.9494)	Prec @1 0.7344 (0.6667)	
Epoch: [18][50/391]	Time 0.086 (0.093)	Loss 1.0209 (0.9432)	Prec @1 0.6328 (0.6680)	
Epoch: [18][60/391]	Time 0.103 (0.095)	Loss 0.8724 (0.9378)	Prec @1 0.7188 (0.6717)	
Epoch: [18][70/391]	Time 0.080 (0.094)	Loss 0.7251 (0.9332)	Prec @1 0.7812 (0.6737)	
Epoch: [18][80/391]	Time 0.115 (0.093)	Loss 0.9553 (0.9263)	Prec @1 0.6641 (0.6757)	
Epoch: [18][90/391]	Time 0.084 (0.093)	Loss 1.0388 (0.9322)	Prec @1 0.6562 (0.6745)	
Epoch: [18][100/391]	Time 0.095 (0.093)	Loss 0.9399 (0.9314)	Prec @1 0.6719 (0.6749)	
Epoch: [18][110/391]	Time 0.091 (0.092)	Loss 0.9842 (0.9274)	Prec @1 0.6797 (0.6769)	
Epoch: [18][120/391]	Time 0.087 (0.092)	Loss 1.0833 (0.9247)	Prec @1 0.6016 (0.6778)	
Epoch: [18][130/391]	Time 0.095 (0.092)	Loss 0.8701 (0.9228)	Prec @1 0.6562 (0.6783)	
Epoch: [18][140/391]	Time 0.084 (0.091)	Loss 0.8538 (0.9229)	Prec @1 0.7188 (0.6786)	
Epoch: [18][150/391]	Time 0.083 (0.092)	Loss 0.8960 (0.9222)	Prec @1 0.6875 (0.6784)	
Epoch: [18][160/391]	Time 0.103 (0.091)	Loss 0.7676 (0.9214)	Prec @1 0.7109 (0.6790)	
Epoch: [18][170/391]	Time 0.089 (0.091)	Loss 0.8819 (0.9186)	Prec @1 0.6797 (0.6796)	
Epoch: [18][180/391]	Time 0.091 (0.091)	Loss 0.9732 (0.9183)	Prec @1 0.6641 (0.6786)	
Epoch: [18][190/391]	Time 0.100 (0.091)	Loss 0.8743 (0.9189)	Prec @1 0.6797 (0.6790)	
Epoch: [18][200/391]	Time 0.090 (0.091)	Loss 0.8301 (0.9190)	Prec @1 0.7188 (0.6791)	
Epoch: [18][210/391]	Time 0.093 (0.091)	Loss 0.9109 (0.9196)	Prec @1 0.6875 (0.6787)	
Epoch: [18][220/391]	Time 0.096 (0.091)	Loss 0.9239 (0.9212)	Prec @1 0.6797 (0.6780)	
Epoch: [18][230/391]	Time 0.087 (0.091)	Loss 0.8898 (0.9235)	Prec @1 0.6719 (0.6768)	
Epoch: [18][240/391]	Time 0.111 (0.092)	Loss 0.8022 (0.9223)	Prec @1 0.7578 (0.6777)	
Epoch: [18][250/391]	Time 0.072 (0.091)	Loss 0.9766 (0.9228)	Prec @1 0.6328 (0.6770)	
Epoch: [18][260/391]	Time 0.122 (0.092)	Loss 0.8041 (0.9211)	Prec @1 0.6875 (0.6778)	
Epoch: [18][270/391]	Time 0.087 (0.092)	Loss 0.8652 (0.9240)	Prec @1 0.7109 (0.6771)	
Epoch: [18][280/391]	Time 0.129 (0.093)	Loss 1.0206 (0.9237)	Prec @1 0.6484 (0.6779)	
Epoch: [18][290/391]	Time 0.088 (0.093)	Loss 0.9259 (0.9250)	Prec @1 0.6562 (0.6770)	
Epoch: [18][300/391]	Time 0.089 (0.093)	Loss 0.8719 (0.9255)	Prec @1 0.7188 (0.6770)	
Epoch: [18][310/391]	Time 0.079 (0.092)	Loss 1.0175 (0.9263)	Prec @1 0.6719 (0.6768)	
Epoch: [18][320/391]	Time 0.079 (0.092)	Loss 1.0296 (0.9261)	Prec @1 0.6328 (0.6767)	
Epoch: [18][330/391]	Time 0.093 (0.092)	Loss 1.0692 (0.9253)	Prec @1 0.5781 (0.6771)	
Epoch: [18][340/391]	Time 0.078 (0.092)	Loss 0.8235 (0.9243)	Prec @1 0.7031 (0.6774)	
Epoch: [18][350/391]	Time 0.085 (0.092)	Loss 0.9905 (0.9237)	Prec @1 0.6562 (0.6775)	
Epoch: [18][360/391]	Time 0.079 (0.092)	Loss 0.9481 (0.9241)	Prec @1 0.6875 (0.6773)	
Epoch: [18][370/391]	Time 0.083 (0.091)	Loss 0.8939 (0.9243)	Prec @1 0.6562 (0.6767)	
Epoch: [18][380/391]	Time 0.091 (0.091)	Loss 0.8973 (0.9250)	Prec @1 0.6484 (0.6762)	
Epoch: [18][390/391]	Time 0.071 (0.091)	Loss 0.8430 (0.9241)	Prec @1 0.7250 (0.6762)	
Epoch: [18][0/100]	Time 0.034 (0.034)	
Epoch: [18][10/100]	Time 0.034 (0.034)	
Epoch: [18][20/100]	Time 0.034 (0.033)	
Epoch: [18][30/100]	Time 0.029 (0.034)	
Epoch: [18][40/100]	Time 0.035 (0.034)	
Epoch: [18][50/100]	Time 0.031 (0.034)	
Epoch: [18][60/100]	Time 0.041 (0.034)	
Epoch: [18][70/100]	Time 0.031 (0.035)	
Epoch: [18][80/100]	Time 0.065 (0.036)	
Epoch: [18][90/100]	Time 0.034 (0.036)	
Accuracy of Class 0: 0.7500
Accuracy of Class 1: 0.8130
Accuracy of Class 2: 0.5910
Accuracy of Class 3: 0.4430
Accuracy of Class 4: 0.6520
Accuracy of Class 5: 0.6840
Accuracy of Class 6: 0.7770
Accuracy of Class 7: 0.7200
Accuracy of Class 8: 0.8320
Accuracy of Class 9: 0.8080
* Prec @1: 0.7070
Epoch: [19][0/391]	Time 0.122 (0.122)	Loss 0.7534 (0.7534)	Prec @1 0.7578 (0.7578)	
Epoch: [19][10/391]	Time 0.199 (0.148)	Loss 0.9478 (0.9137)	Prec @1 0.6719 (0.6825)	
Epoch: [19][20/391]	Time 0.109 (0.138)	Loss 0.8917 (0.8988)	Prec @1 0.6484 (0.6842)	
Epoch: [19][30/391]	Time 0.122 (0.127)	Loss 1.0294 (0.9153)	Prec @1 0.6328 (0.6767)	
Epoch: [19][40/391]	Time 0.081 (0.118)	Loss 0.8293 (0.9001)	Prec @1 0.6797 (0.6845)	
Epoch: [19][50/391]	Time 0.092 (0.113)	Loss 0.8241 (0.8990)	Prec @1 0.7031 (0.6843)	
Epoch: [19][60/391]	Time 0.085 (0.109)	Loss 0.9826 (0.9004)	Prec @1 0.6484 (0.6847)	
Epoch: [19][70/391]	Time 0.091 (0.109)	Loss 1.1193 (0.9045)	Prec @1 0.6641 (0.6830)	
Epoch: [19][80/391]	Time 0.096 (0.106)	Loss 0.9299 (0.9068)	Prec @1 0.7188 (0.6823)	
Epoch: [19][90/391]	Time 0.098 (0.105)	Loss 0.9533 (0.9091)	Prec @1 0.6406 (0.6803)	
Epoch: [19][100/391]	Time 0.118 (0.105)	Loss 0.8777 (0.9110)	Prec @1 0.6953 (0.6774)	
Epoch: [19][110/391]	Time 0.100 (0.104)	Loss 1.0792 (0.9120)	Prec @1 0.6641 (0.6773)	
Epoch: [19][120/391]	Time 0.068 (0.102)	Loss 0.9641 (0.9119)	Prec @1 0.6875 (0.6791)	
Epoch: [19][130/391]	Time 0.086 (0.101)	Loss 0.8862 (0.9118)	Prec @1 0.6875 (0.6798)	
Epoch: [19][140/391]	Time 0.086 (0.100)	Loss 0.9088 (0.9134)	Prec @1 0.6875 (0.6792)	
Epoch: [19][150/391]	Time 0.089 (0.100)	Loss 0.8643 (0.9118)	Prec @1 0.6953 (0.6794)	
Epoch: [19][160/391]	Time 0.107 (0.100)	Loss 0.8842 (0.9133)	Prec @1 0.6875 (0.6798)	
Epoch: [19][170/391]	Time 0.098 (0.100)	Loss 0.8755 (0.9133)	Prec @1 0.6953 (0.6789)	
Epoch: [19][180/391]	Time 0.082 (0.099)	Loss 0.8819 (0.9124)	Prec @1 0.6719 (0.6778)	
Epoch: [19][190/391]	Time 0.082 (0.098)	Loss 0.9479 (0.9129)	Prec @1 0.6719 (0.6783)	
Epoch: [19][200/391]	Time 0.085 (0.098)	Loss 0.9883 (0.9118)	Prec @1 0.6875 (0.6789)	
Epoch: [19][210/391]	Time 0.078 (0.097)	Loss 0.8935 (0.9133)	Prec @1 0.7188 (0.6784)	
Epoch: [19][220/391]	Time 0.089 (0.096)	Loss 0.9050 (0.9133)	Prec @1 0.7031 (0.6783)	
Epoch: [19][230/391]	Time 0.074 (0.095)	Loss 0.9149 (0.9139)	Prec @1 0.6562 (0.6780)	
Epoch: [19][240/391]	Time 0.082 (0.095)	Loss 0.7919 (0.9134)	Prec @1 0.7422 (0.6784)	
Epoch: [19][250/391]	Time 0.102 (0.095)	Loss 1.1262 (0.9168)	Prec @1 0.6406 (0.6777)	
Epoch: [19][260/391]	Time 0.091 (0.095)	Loss 0.9408 (0.9182)	Prec @1 0.6875 (0.6774)	
Epoch: [19][270/391]	Time 0.097 (0.095)	Loss 0.8990 (0.9170)	Prec @1 0.6719 (0.6781)	
Epoch: [19][280/391]	Time 0.081 (0.095)	Loss 0.7827 (0.9161)	Prec @1 0.7422 (0.6785)	
Epoch: [19][290/391]	Time 0.083 (0.094)	Loss 0.9144 (0.9168)	Prec @1 0.7031 (0.6784)	
Epoch: [19][300/391]	Time 0.087 (0.093)	Loss 0.7583 (0.9166)	Prec @1 0.7656 (0.6787)	
Epoch: [19][310/391]	Time 0.087 (0.093)	Loss 0.8067 (0.9167)	Prec @1 0.7422 (0.6789)	
Epoch: [19][320/391]	Time 0.086 (0.093)	Loss 0.8790 (0.9143)	Prec @1 0.6953 (0.6796)	
Epoch: [19][330/391]	Time 0.091 (0.092)	Loss 0.9380 (0.9147)	Prec @1 0.6719 (0.6797)	
Epoch: [19][340/391]	Time 0.092 (0.092)	Loss 0.8619 (0.9136)	Prec @1 0.7344 (0.6802)	
Epoch: [19][350/391]	Time 0.084 (0.092)	Loss 0.8165 (0.9143)	Prec @1 0.6797 (0.6796)	
Epoch: [19][360/391]	Time 0.084 (0.092)	Loss 1.0130 (0.9149)	Prec @1 0.6797 (0.6793)	
Epoch: [19][370/391]	Time 0.092 (0.092)	Loss 0.9155 (0.9149)	Prec @1 0.6328 (0.6790)	
Epoch: [19][380/391]	Time 0.080 (0.092)	Loss 1.1532 (0.9166)	Prec @1 0.5312 (0.6784)	
Epoch: [19][390/391]	Time 0.059 (0.091)	Loss 1.0447 (0.9181)	Prec @1 0.6250 (0.6777)	
Epoch: [19][0/100]	Time 0.037 (0.037)	
Epoch: [19][10/100]	Time 0.027 (0.030)	
Epoch: [19][20/100]	Time 0.031 (0.028)	
Epoch: [19][30/100]	Time 0.017 (0.028)	
Epoch: [19][40/100]	Time 0.026 (0.027)	
Epoch: [19][50/100]	Time 0.027 (0.027)	
Epoch: [19][60/100]	Time 0.026 (0.027)	
Epoch: [19][70/100]	Time 0.027 (0.027)	
Epoch: [19][80/100]	Time 0.027 (0.027)	
Epoch: [19][90/100]	Time 0.027 (0.027)	
Accuracy of Class 0: 0.7320
Accuracy of Class 1: 0.8580
Accuracy of Class 2: 0.5780
Accuracy of Class 3: 0.4660
Accuracy of Class 4: 0.5500
Accuracy of Class 5: 0.7010
Accuracy of Class 6: 0.7440
Accuracy of Class 7: 0.7270
Accuracy of Class 8: 0.8150
Accuracy of Class 9: 0.8450
* Prec @1: 0.7016
Epoch: [20][0/391]	Time 0.086 (0.086)	Loss 0.9241 (0.9241)	Prec @1 0.6719 (0.6719)	
Epoch: [20][10/391]	Time 0.094 (0.084)	Loss 0.9386 (0.9303)	Prec @1 0.5938 (0.6584)	
Epoch: [20][20/391]	Time 0.079 (0.084)	Loss 0.8758 (0.9337)	Prec @1 0.6875 (0.6648)	
Epoch: [20][30/391]	Time 0.123 (0.086)	Loss 1.0003 (0.9310)	Prec @1 0.6641 (0.6686)	
Epoch: [20][40/391]	Time 0.085 (0.085)	Loss 1.0271 (0.9310)	Prec @1 0.6484 (0.6736)	
Epoch: [20][50/391]	Time 0.079 (0.084)	Loss 0.9013 (0.9328)	Prec @1 0.6719 (0.6739)	
Epoch: [20][60/391]	Time 0.072 (0.084)	Loss 1.0361 (0.9380)	Prec @1 0.6406 (0.6723)	
Epoch: [20][70/391]	Time 0.106 (0.085)	Loss 1.0218 (0.9354)	Prec @1 0.6016 (0.6755)	
Epoch: [20][80/391]	Time 0.076 (0.084)	Loss 0.8195 (0.9315)	Prec @1 0.7109 (0.6765)	
Epoch: [20][90/391]	Time 0.095 (0.085)	Loss 0.8799 (0.9244)	Prec @1 0.6953 (0.6784)	
Epoch: [20][100/391]	Time 0.078 (0.085)	Loss 0.9450 (0.9216)	Prec @1 0.6641 (0.6798)	
Epoch: [20][110/391]	Time 0.085 (0.085)	Loss 0.8848 (0.9186)	Prec @1 0.6484 (0.6809)	
Epoch: [20][120/391]	Time 0.075 (0.084)	Loss 1.0777 (0.9204)	Prec @1 0.5938 (0.6786)	
Epoch: [20][130/391]	Time 0.089 (0.085)	Loss 0.8461 (0.9179)	Prec @1 0.6797 (0.6805)	
Epoch: [20][140/391]	Time 0.091 (0.085)	Loss 0.8086 (0.9162)	Prec @1 0.7031 (0.6813)	
Epoch: [20][150/391]	Time 0.091 (0.085)	Loss 0.9163 (0.9182)	Prec @1 0.6562 (0.6800)	
Epoch: [20][160/391]	Time 0.084 (0.086)	Loss 0.7555 (0.9178)	Prec @1 0.7344 (0.6803)	
Epoch: [20][170/391]	Time 0.077 (0.086)	Loss 0.9324 (0.9151)	Prec @1 0.6641 (0.6808)	
Epoch: [20][180/391]	Time 0.072 (0.085)	Loss 0.9013 (0.9144)	Prec @1 0.6641 (0.6804)	
Epoch: [20][190/391]	Time 0.071 (0.085)	Loss 0.9396 (0.9154)	Prec @1 0.6875 (0.6808)	
Epoch: [20][200/391]	Time 0.074 (0.085)	Loss 0.7587 (0.9133)	Prec @1 0.7656 (0.6815)	
Epoch: [20][210/391]	Time 0.078 (0.085)	Loss 0.9025 (0.9117)	Prec @1 0.6797 (0.6826)	
Epoch: [20][220/391]	Time 0.090 (0.085)	Loss 0.9733 (0.9131)	Prec @1 0.6484 (0.6819)	
Epoch: [20][230/391]	Time 0.097 (0.085)	Loss 0.9030 (0.9144)	Prec @1 0.6875 (0.6809)	
Epoch: [20][240/391]	Time 0.085 (0.085)	Loss 0.8729 (0.9131)	Prec @1 0.7188 (0.6811)	
Epoch: [20][250/391]	Time 0.076 (0.085)	Loss 0.8921 (0.9134)	Prec @1 0.6328 (0.6806)	
Epoch: [20][260/391]	Time 0.075 (0.084)	Loss 0.8552 (0.9119)	Prec @1 0.6797 (0.6811)	
Epoch: [20][270/391]	Time 0.098 (0.085)	Loss 1.0015 (0.9102)	Prec @1 0.6562 (0.6818)	
Epoch: [20][280/391]	Time 0.093 (0.085)	Loss 0.8330 (0.9103)	Prec @1 0.7109 (0.6817)	
Epoch: [20][290/391]	Time 0.075 (0.085)	Loss 0.8561 (0.9103)	Prec @1 0.7266 (0.6817)	
Epoch: [20][300/391]	Time 0.094 (0.085)	Loss 0.8514 (0.9092)	Prec @1 0.7500 (0.6825)	
Epoch: [20][310/391]	Time 0.087 (0.084)	Loss 1.0953 (0.9089)	Prec @1 0.6172 (0.6831)	
Epoch: [20][320/391]	Time 0.070 (0.084)	Loss 0.8706 (0.9084)	Prec @1 0.6641 (0.6831)	
Epoch: [20][330/391]	Time 0.089 (0.084)	Loss 0.8891 (0.9087)	Prec @1 0.6562 (0.6824)	
Epoch: [20][340/391]	Time 0.073 (0.084)	Loss 1.0185 (0.9088)	Prec @1 0.6875 (0.6828)	
Epoch: [20][350/391]	Time 0.076 (0.084)	Loss 0.8940 (0.9090)	Prec @1 0.7031 (0.6833)	
Epoch: [20][360/391]	Time 0.073 (0.084)	Loss 0.8542 (0.9084)	Prec @1 0.7109 (0.6833)	
Epoch: [20][370/391]	Time 0.121 (0.084)	Loss 0.9177 (0.9085)	Prec @1 0.6797 (0.6833)	
Epoch: [20][380/391]	Time 0.084 (0.084)	Loss 0.9888 (0.9089)	Prec @1 0.6641 (0.6832)	
Epoch: [20][390/391]	Time 0.059 (0.085)	Loss 1.0032 (0.9098)	Prec @1 0.6500 (0.6826)	
Epoch: [20][0/100]	Time 0.037 (0.037)	
Epoch: [20][10/100]	Time 0.036 (0.037)	
Epoch: [20][20/100]	Time 0.041 (0.039)	
Epoch: [20][30/100]	Time 0.035 (0.038)	
Epoch: [20][40/100]	Time 0.037 (0.038)	
Epoch: [20][50/100]	Time 0.033 (0.037)	
Epoch: [20][60/100]	Time 0.029 (0.036)	
Epoch: [20][70/100]	Time 0.036 (0.036)	
Epoch: [20][80/100]	Time 0.030 (0.035)	
Epoch: [20][90/100]	Time 0.035 (0.035)	
Accuracy of Class 0: 0.7370
Accuracy of Class 1: 0.8470
Accuracy of Class 2: 0.5540
Accuracy of Class 3: 0.4570
Accuracy of Class 4: 0.6180
Accuracy of Class 5: 0.6980
Accuracy of Class 6: 0.7730
Accuracy of Class 7: 0.7450
Accuracy of Class 8: 0.8350
Accuracy of Class 9: 0.8560
* Prec @1: 0.7120
Epoch: [21][0/391]	Time 0.077 (0.077)	Loss 0.7900 (0.7900)	Prec @1 0.7656 (0.7656)	
Epoch: [21][10/391]	Time 0.079 (0.087)	Loss 1.0136 (0.9100)	Prec @1 0.6641 (0.6854)	
Epoch: [21][20/391]	Time 0.078 (0.086)	Loss 0.9375 (0.9079)	Prec @1 0.6797 (0.6894)	
Epoch: [21][30/391]	Time 0.087 (0.087)	Loss 0.8933 (0.9117)	Prec @1 0.7266 (0.6860)	
Epoch: [21][40/391]	Time 0.089 (0.090)	Loss 0.9791 (0.9113)	Prec @1 0.6484 (0.6858)	
Epoch: [21][50/391]	Time 0.089 (0.092)	Loss 0.6993 (0.9078)	Prec @1 0.7422 (0.6821)	
Epoch: [21][60/391]	Time 0.094 (0.093)	Loss 0.9816 (0.9071)	Prec @1 0.6562 (0.6820)	
Epoch: [21][70/391]	Time 0.083 (0.093)	Loss 0.7725 (0.9031)	Prec @1 0.7891 (0.6853)	
Epoch: [21][80/391]	Time 0.086 (0.092)	Loss 0.8363 (0.9053)	Prec @1 0.7188 (0.6836)	
Epoch: [21][90/391]	Time 0.087 (0.093)	Loss 0.8933 (0.9046)	Prec @1 0.6562 (0.6836)	
Epoch: [21][100/391]	Time 0.081 (0.092)	Loss 1.0430 (0.9091)	Prec @1 0.6797 (0.6824)	
Epoch: [21][110/391]	Time 0.082 (0.091)	Loss 0.9137 (0.9096)	Prec @1 0.6875 (0.6819)	
Epoch: [21][120/391]	Time 0.088 (0.091)	Loss 0.8977 (0.9070)	Prec @1 0.7188 (0.6844)	
Epoch: [21][130/391]	Time 0.099 (0.091)	Loss 0.9391 (0.9093)	Prec @1 0.6094 (0.6825)	
Epoch: [21][140/391]	Time 0.101 (0.091)	Loss 0.9918 (0.9076)	Prec @1 0.6562 (0.6830)	
Epoch: [21][150/391]	Time 0.098 (0.092)	Loss 0.9452 (0.9096)	Prec @1 0.7500 (0.6823)	
Epoch: [21][160/391]	Time 0.089 (0.092)	Loss 0.9383 (0.9095)	Prec @1 0.6953 (0.6828)	
Epoch: [21][170/391]	Time 0.088 (0.092)	Loss 1.0436 (0.9112)	Prec @1 0.6641 (0.6817)	
Epoch: [21][180/391]	Time 0.088 (0.092)	Loss 0.9003 (0.9108)	Prec @1 0.6641 (0.6821)	
Epoch: [21][190/391]	Time 0.103 (0.092)	Loss 0.8547 (0.9099)	Prec @1 0.6953 (0.6821)	
Epoch: [21][200/391]	Time 0.106 (0.092)	Loss 0.8331 (0.9099)	Prec @1 0.6797 (0.6812)	
Epoch: [21][210/391]	Time 0.084 (0.092)	Loss 0.8649 (0.9085)	Prec @1 0.6484 (0.6811)	
Epoch: [21][220/391]	Time 0.103 (0.092)	Loss 0.9681 (0.9073)	Prec @1 0.6875 (0.6813)	
Epoch: [21][230/391]	Time 0.092 (0.092)	Loss 0.9160 (0.9059)	Prec @1 0.7188 (0.6824)	
Epoch: [21][240/391]	Time 0.092 (0.091)	Loss 0.7594 (0.9065)	Prec @1 0.6953 (0.6818)	
Epoch: [21][250/391]	Time 0.092 (0.091)	Loss 0.8293 (0.9067)	Prec @1 0.7422 (0.6816)	
Epoch: [21][260/391]	Time 0.082 (0.091)	Loss 1.0394 (0.9069)	Prec @1 0.6953 (0.6815)	
Epoch: [21][270/391]	Time 0.079 (0.091)	Loss 0.9365 (0.9079)	Prec @1 0.7031 (0.6816)	
Epoch: [21][280/391]	Time 0.096 (0.091)	Loss 0.9604 (0.9090)	Prec @1 0.6562 (0.6816)	
Epoch: [21][290/391]	Time 0.079 (0.091)	Loss 1.0138 (0.9095)	Prec @1 0.6328 (0.6816)	
Epoch: [21][300/391]	Time 0.087 (0.091)	Loss 1.0733 (0.9115)	Prec @1 0.6719 (0.6808)	
Epoch: [21][310/391]	Time 0.083 (0.090)	Loss 0.7813 (0.9120)	Prec @1 0.7266 (0.6811)	
Epoch: [21][320/391]	Time 0.093 (0.090)	Loss 0.8382 (0.9123)	Prec @1 0.7109 (0.6812)	
Epoch: [21][330/391]	Time 0.091 (0.091)	Loss 0.9532 (0.9123)	Prec @1 0.6562 (0.6812)	
Epoch: [21][340/391]	Time 0.099 (0.091)	Loss 0.9058 (0.9117)	Prec @1 0.7031 (0.6811)	
Epoch: [21][350/391]	Time 0.077 (0.090)	Loss 1.0269 (0.9114)	Prec @1 0.6094 (0.6814)	
Epoch: [21][360/391]	Time 0.095 (0.090)	Loss 0.9487 (0.9113)	Prec @1 0.6641 (0.6818)	
Epoch: [21][370/391]	Time 0.131 (0.091)	Loss 0.7988 (0.9114)	Prec @1 0.7344 (0.6819)	
Epoch: [21][380/391]	Time 0.085 (0.091)	Loss 0.9019 (0.9115)	Prec @1 0.6797 (0.6812)	
Epoch: [21][390/391]	Time 0.053 (0.090)	Loss 0.7762 (0.9103)	Prec @1 0.7750 (0.6820)	
Epoch: [21][0/100]	Time 0.031 (0.031)	
Epoch: [21][10/100]	Time 0.039 (0.033)	
Epoch: [21][20/100]	Time 0.038 (0.035)	
Epoch: [21][30/100]	Time 0.034 (0.036)	
Epoch: [21][40/100]	Time 0.029 (0.048)	
Epoch: [21][50/100]	Time 0.030 (0.045)	
Epoch: [21][60/100]	Time 0.030 (0.042)	
Epoch: [21][70/100]	Time 0.046 (0.041)	
Epoch: [21][80/100]	Time 0.038 (0.040)	
Epoch: [21][90/100]	Time 0.028 (0.039)	
Accuracy of Class 0: 0.7340
Accuracy of Class 1: 0.8400
Accuracy of Class 2: 0.5750
Accuracy of Class 3: 0.4540
Accuracy of Class 4: 0.5940
Accuracy of Class 5: 0.7080
Accuracy of Class 6: 0.7710
Accuracy of Class 7: 0.7470
Accuracy of Class 8: 0.8340
Accuracy of Class 9: 0.8490
* Prec @1: 0.7106
Epoch: [22][0/391]	Time 0.093 (0.093)	Loss 0.8717 (0.8717)	Prec @1 0.7031 (0.7031)	
Epoch: [22][10/391]	Time 0.103 (0.093)	Loss 0.8543 (0.9250)	Prec @1 0.7188 (0.6918)	
Epoch: [22][20/391]	Time 0.170 (0.108)	Loss 0.7989 (0.9126)	Prec @1 0.7500 (0.6827)	
Epoch: [22][30/391]	Time 0.133 (0.116)	Loss 1.0070 (0.9303)	Prec @1 0.6641 (0.6741)	
Epoch: [22][40/391]	Time 0.085 (0.112)	Loss 0.9814 (0.9127)	Prec @1 0.6484 (0.6825)	
Epoch: [22][50/391]	Time 0.077 (0.108)	Loss 1.1032 (0.9189)	Prec @1 0.6094 (0.6806)	
Epoch: [22][60/391]	Time 0.087 (0.105)	Loss 0.8866 (0.9198)	Prec @1 0.6328 (0.6801)	
Epoch: [22][70/391]	Time 0.109 (0.104)	Loss 0.8514 (0.9094)	Prec @1 0.7344 (0.6829)	
Epoch: [22][80/391]	Time 0.093 (0.103)	Loss 1.0079 (0.9085)	Prec @1 0.6172 (0.6838)	
Epoch: [22][90/391]	Time 0.086 (0.102)	Loss 0.9772 (0.9152)	Prec @1 0.6484 (0.6817)	
Epoch: [22][100/391]	Time 0.091 (0.101)	Loss 0.8241 (0.9127)	Prec @1 0.7500 (0.6839)	
Epoch: [22][110/391]	Time 0.095 (0.100)	Loss 1.0153 (0.9141)	Prec @1 0.6328 (0.6843)	
Epoch: [22][120/391]	Time 0.078 (0.100)	Loss 0.9847 (0.9159)	Prec @1 0.6875 (0.6848)	
Epoch: [22][130/391]	Time 0.094 (0.099)	Loss 0.9049 (0.9164)	Prec @1 0.6562 (0.6836)	
Epoch: [22][140/391]	Time 0.091 (0.099)	Loss 0.9367 (0.9147)	Prec @1 0.6953 (0.6846)	
Epoch: [22][150/391]	Time 0.110 (0.099)	Loss 0.9349 (0.9153)	Prec @1 0.6797 (0.6846)	
Epoch: [22][160/391]	Time 0.084 (0.099)	Loss 0.9338 (0.9137)	Prec @1 0.6953 (0.6858)	
Epoch: [22][170/391]	Time 0.108 (0.099)	Loss 0.9436 (0.9129)	Prec @1 0.6875 (0.6862)	
Epoch: [22][180/391]	Time 0.109 (0.100)	Loss 0.8631 (0.9134)	Prec @1 0.6875 (0.6852)	
Epoch: [22][190/391]	Time 0.094 (0.100)	Loss 0.9072 (0.9133)	Prec @1 0.6719 (0.6850)	
Epoch: [22][200/391]	Time 0.126 (0.100)	Loss 0.9592 (0.9128)	Prec @1 0.6719 (0.6845)	
Epoch: [22][210/391]	Time 0.100 (0.100)	Loss 0.9423 (0.9139)	Prec @1 0.6328 (0.6835)	
Epoch: [22][220/391]	Time 0.099 (0.100)	Loss 0.9227 (0.9146)	Prec @1 0.6484 (0.6826)	
Epoch: [22][230/391]	Time 0.101 (0.100)	Loss 1.1029 (0.9161)	Prec @1 0.5781 (0.6816)	
Epoch: [22][240/391]	Time 0.090 (0.100)	Loss 1.0033 (0.9167)	Prec @1 0.6484 (0.6811)	
Epoch: [22][250/391]	Time 0.099 (0.100)	Loss 0.8545 (0.9144)	Prec @1 0.6953 (0.6813)	
Epoch: [22][260/391]	Time 0.188 (0.100)	Loss 0.9750 (0.9156)	Prec @1 0.6719 (0.6812)	
Epoch: [22][270/391]	Time 0.180 (0.102)	Loss 0.8537 (0.9154)	Prec @1 0.7109 (0.6816)	
Epoch: [22][280/391]	Time 0.112 (0.102)	Loss 0.9066 (0.9157)	Prec @1 0.6719 (0.6812)	
Epoch: [22][290/391]	Time 0.148 (0.103)	Loss 0.8791 (0.9147)	Prec @1 0.6953 (0.6820)	
Epoch: [22][300/391]	Time 0.083 (0.104)	Loss 0.8422 (0.9123)	Prec @1 0.7344 (0.6828)	
Epoch: [22][310/391]	Time 0.103 (0.103)	Loss 0.9421 (0.9126)	Prec @1 0.7188 (0.6825)	
Epoch: [22][320/391]	Time 0.103 (0.103)	Loss 0.9704 (0.9142)	Prec @1 0.6250 (0.6816)	
Epoch: [22][330/391]	Time 0.088 (0.103)	Loss 0.8704 (0.9141)	Prec @1 0.7188 (0.6814)	
Epoch: [22][340/391]	Time 0.120 (0.103)	Loss 0.9264 (0.9129)	Prec @1 0.6562 (0.6818)	
Epoch: [22][350/391]	Time 0.105 (0.103)	Loss 0.8104 (0.9121)	Prec @1 0.7344 (0.6823)	
Epoch: [22][360/391]	Time 0.113 (0.102)	Loss 0.9322 (0.9122)	Prec @1 0.6719 (0.6823)	
Epoch: [22][370/391]	Time 0.100 (0.102)	Loss 0.9402 (0.9102)	Prec @1 0.7031 (0.6833)	
Epoch: [22][380/391]	Time 0.099 (0.102)	Loss 0.8551 (0.9102)	Prec @1 0.6797 (0.6830)	
Epoch: [22][390/391]	Time 0.072 (0.102)	Loss 0.8893 (0.9088)	Prec @1 0.6500 (0.6837)	
Epoch: [22][0/100]	Time 0.044 (0.044)	
Epoch: [22][10/100]	Time 0.030 (0.033)	
Epoch: [22][20/100]	Time 0.034 (0.033)	
Epoch: [22][30/100]	Time 0.025 (0.034)	
Epoch: [22][40/100]	Time 0.041 (0.035)	
Epoch: [22][50/100]	Time 0.038 (0.036)	
Epoch: [22][60/100]	Time 0.051 (0.037)	
Epoch: [22][70/100]	Time 0.039 (0.038)	
Epoch: [22][80/100]	Time 0.042 (0.038)	
Epoch: [22][90/100]	Time 0.038 (0.038)	
Accuracy of Class 0: 0.7460
Accuracy of Class 1: 0.8350
Accuracy of Class 2: 0.5730
Accuracy of Class 3: 0.4270
Accuracy of Class 4: 0.6170
Accuracy of Class 5: 0.7130
Accuracy of Class 6: 0.7690
Accuracy of Class 7: 0.7520
Accuracy of Class 8: 0.8130
Accuracy of Class 9: 0.8440
* Prec @1: 0.7089
Epoch: [23][0/391]	Time 0.125 (0.125)	Loss 0.8954 (0.8954)	Prec @1 0.6719 (0.6719)	
Epoch: [23][10/391]	Time 0.082 (0.099)	Loss 0.8177 (0.9022)	Prec @1 0.7344 (0.6832)	
Epoch: [23][20/391]	Time 0.072 (0.093)	Loss 0.9243 (0.9101)	Prec @1 0.7109 (0.6815)	
Epoch: [23][30/391]	Time 0.092 (0.091)	Loss 1.0127 (0.9019)	Prec @1 0.6406 (0.6840)	
Epoch: [23][40/391]	Time 0.111 (0.097)	Loss 0.8784 (0.8977)	Prec @1 0.6641 (0.6909)	
Epoch: [23][50/391]	Time 0.110 (0.101)	Loss 0.8286 (0.9037)	Prec @1 0.7109 (0.6875)	
Epoch: [23][60/391]	Time 0.143 (0.105)	Loss 0.8771 (0.9085)	Prec @1 0.6797 (0.6869)	
Epoch: [23][70/391]	Time 0.114 (0.106)	Loss 0.9170 (0.9088)	Prec @1 0.6953 (0.6875)	
Epoch: [23][80/391]	Time 0.098 (0.105)	Loss 1.0104 (0.9116)	Prec @1 0.6562 (0.6859)	
Epoch: [23][90/391]	Time 0.100 (0.105)	Loss 0.8258 (0.9150)	Prec @1 0.7344 (0.6859)	
Epoch: [23][100/391]	Time 0.103 (0.105)	Loss 0.7153 (0.9088)	Prec @1 0.7812 (0.6888)	
Epoch: [23][110/391]	Time 0.100 (0.104)	Loss 0.7775 (0.9047)	Prec @1 0.6875 (0.6892)	
Epoch: [23][120/391]	Time 0.084 (0.103)	Loss 0.8742 (0.9061)	Prec @1 0.6953 (0.6890)	
Epoch: [23][130/391]	Time 0.100 (0.103)	Loss 0.8004 (0.9067)	Prec @1 0.7656 (0.6887)	
Epoch: [23][140/391]	Time 0.125 (0.103)	Loss 0.8958 (0.9058)	Prec @1 0.7109 (0.6889)	
Epoch: [23][150/391]	Time 0.120 (0.103)	Loss 0.8957 (0.9072)	Prec @1 0.6797 (0.6883)	
Epoch: [23][160/391]	Time 0.090 (0.103)	Loss 0.8313 (0.9054)	Prec @1 0.7422 (0.6885)	
Epoch: [23][170/391]	Time 0.104 (0.102)	Loss 0.7894 (0.9035)	Prec @1 0.7734 (0.6889)	
Epoch: [23][180/391]	Time 0.088 (0.102)	Loss 0.9117 (0.9028)	Prec @1 0.7109 (0.6892)	
Epoch: [23][190/391]	Time 0.098 (0.101)	Loss 0.8479 (0.9029)	Prec @1 0.7500 (0.6884)	
Epoch: [23][200/391]	Time 0.110 (0.102)	Loss 0.8292 (0.9023)	Prec @1 0.6797 (0.6878)	
Epoch: [23][210/391]	Time 0.106 (0.102)	Loss 0.9035 (0.9032)	Prec @1 0.7109 (0.6886)	
Epoch: [23][220/391]	Time 0.120 (0.104)	Loss 1.0071 (0.9039)	Prec @1 0.6406 (0.6882)	
Epoch: [23][230/391]	Time 0.105 (0.105)	Loss 1.2123 (0.9078)	Prec @1 0.5859 (0.6861)	
Epoch: [23][240/391]	Time 0.159 (0.106)	Loss 0.8997 (0.9088)	Prec @1 0.6797 (0.6857)	
Epoch: [23][250/391]	Time 0.108 (0.107)	Loss 0.8014 (0.9074)	Prec @1 0.7109 (0.6862)	
Epoch: [23][260/391]	Time 0.070 (0.105)	Loss 0.9375 (0.9102)	Prec @1 0.6797 (0.6849)	
Epoch: [23][270/391]	Time 0.072 (0.103)	Loss 0.8267 (0.9106)	Prec @1 0.6484 (0.6846)	
Epoch: [23][280/391]	Time 0.080 (0.102)	Loss 0.9011 (0.9115)	Prec @1 0.6406 (0.6842)	
Epoch: [23][290/391]	Time 0.063 (0.102)	Loss 0.9234 (0.9109)	Prec @1 0.6562 (0.6843)	
Epoch: [23][300/391]	Time 0.092 (0.102)	Loss 0.9838 (0.9113)	Prec @1 0.6641 (0.6841)	
Epoch: [23][310/391]	Time 0.116 (0.102)	Loss 0.9188 (0.9105)	Prec @1 0.7031 (0.6840)	
Epoch: [23][320/391]	Time 0.123 (0.103)	Loss 0.8491 (0.9117)	Prec @1 0.6797 (0.6835)	
Epoch: [23][330/391]	Time 0.091 (0.104)	Loss 0.9279 (0.9123)	Prec @1 0.6641 (0.6828)	
Epoch: [23][340/391]	Time 0.112 (0.104)	Loss 0.9053 (0.9120)	Prec @1 0.7031 (0.6828)	
Epoch: [23][350/391]	Time 0.159 (0.106)	Loss 1.0116 (0.9124)	Prec @1 0.6484 (0.6828)	
Epoch: [23][360/391]	Time 0.116 (0.106)	Loss 1.0234 (0.9134)	Prec @1 0.6406 (0.6824)	
Epoch: [23][370/391]	Time 0.113 (0.107)	Loss 1.0390 (0.9136)	Prec @1 0.6328 (0.6822)	
Epoch: [23][380/391]	Time 0.106 (0.107)	Loss 0.7440 (0.9127)	Prec @1 0.7422 (0.6825)	
Epoch: [23][390/391]	Time 0.071 (0.106)	Loss 0.7468 (0.9126)	Prec @1 0.7000 (0.6827)	
Epoch: [23][0/100]	Time 0.039 (0.039)	
Epoch: [23][10/100]	Time 0.036 (0.035)	
Epoch: [23][20/100]	Time 0.036 (0.035)	
Epoch: [23][30/100]	Time 0.035 (0.036)	
Epoch: [23][40/100]	Time 0.040 (0.037)	
Epoch: [23][50/100]	Time 0.038 (0.037)	
Epoch: [23][60/100]	Time 0.032 (0.037)	
Epoch: [23][70/100]	Time 0.039 (0.038)	
Epoch: [23][80/100]	Time 0.048 (0.039)	
Epoch: [23][90/100]	Time 0.049 (0.040)	
Accuracy of Class 0: 0.7350
Accuracy of Class 1: 0.8480
Accuracy of Class 2: 0.5670
Accuracy of Class 3: 0.4510
Accuracy of Class 4: 0.6100
Accuracy of Class 5: 0.7090
Accuracy of Class 6: 0.7790
Accuracy of Class 7: 0.7520
Accuracy of Class 8: 0.8230
Accuracy of Class 9: 0.8440
* Prec @1: 0.7118
Epoch: [24][0/391]	Time 0.100 (0.100)	Loss 0.9758 (0.9758)	Prec @1 0.6484 (0.6484)	
Epoch: [24][10/391]	Time 0.109 (0.103)	Loss 0.9767 (0.8929)	Prec @1 0.6719 (0.7010)	
Epoch: [24][20/391]	Time 0.097 (0.109)	Loss 0.9773 (0.9080)	Prec @1 0.6719 (0.6830)	
Epoch: [24][30/391]	Time 0.111 (0.109)	Loss 0.7493 (0.9139)	Prec @1 0.7656 (0.6804)	
Epoch: [24][40/391]	Time 0.091 (0.107)	Loss 0.8474 (0.9153)	Prec @1 0.6875 (0.6806)	
Epoch: [24][50/391]	Time 0.102 (0.108)	Loss 0.7668 (0.9037)	Prec @1 0.7734 (0.6873)	
Epoch: [24][60/391]	Time 0.105 (0.107)	Loss 0.8740 (0.9053)	Prec @1 0.7266 (0.6857)	
Epoch: [24][70/391]	Time 0.101 (0.108)	Loss 0.9403 (0.9111)	Prec @1 0.6719 (0.6821)	
Epoch: [24][80/391]	Time 0.111 (0.107)	Loss 0.8010 (0.9095)	Prec @1 0.6953 (0.6819)	
Epoch: [24][90/391]	Time 0.104 (0.107)	Loss 1.0408 (0.9088)	Prec @1 0.6562 (0.6819)	
Epoch: [24][100/391]	Time 0.092 (0.106)	Loss 0.9069 (0.9104)	Prec @1 0.6719 (0.6819)	
Epoch: [24][110/391]	Time 0.099 (0.106)	Loss 0.7249 (0.9103)	Prec @1 0.7422 (0.6823)	
Epoch: [24][120/391]	Time 0.131 (0.108)	Loss 0.7708 (0.9074)	Prec @1 0.7109 (0.6845)	
Epoch: [24][130/391]	Time 0.165 (0.110)	Loss 0.8643 (0.9057)	Prec @1 0.6797 (0.6841)	
Epoch: [24][140/391]	Time 0.072 (0.110)	Loss 0.8330 (0.9074)	Prec @1 0.7422 (0.6833)	
Epoch: [24][150/391]	Time 0.084 (0.108)	Loss 0.8666 (0.9084)	Prec @1 0.6484 (0.6829)	
Epoch: [24][160/391]	Time 0.122 (0.108)	Loss 0.9692 (0.9092)	Prec @1 0.6406 (0.6833)	
Epoch: [24][170/391]	Time 0.107 (0.108)	Loss 1.0272 (0.9079)	Prec @1 0.6406 (0.6830)	
Epoch: [24][180/391]	Time 0.100 (0.108)	Loss 0.8780 (0.9096)	Prec @1 0.7188 (0.6825)	
Epoch: [24][190/391]	Time 0.096 (0.108)	Loss 0.8375 (0.9069)	Prec @1 0.7500 (0.6839)	
Epoch: [24][200/391]	Time 0.116 (0.107)	Loss 0.9100 (0.9063)	Prec @1 0.7031 (0.6837)	
Epoch: [24][210/391]	Time 0.100 (0.107)	Loss 0.9260 (0.9060)	Prec @1 0.7109 (0.6839)	
Epoch: [24][220/391]	Time 0.109 (0.107)	Loss 0.7963 (0.9074)	Prec @1 0.7344 (0.6835)	
Epoch: [24][230/391]	Time 0.093 (0.107)	Loss 0.8627 (0.9075)	Prec @1 0.7969 (0.6836)	
Epoch: [24][240/391]	Time 0.094 (0.106)	Loss 1.0574 (0.9078)	Prec @1 0.6875 (0.6832)	
Epoch: [24][250/391]	Time 0.093 (0.106)	Loss 0.9904 (0.9096)	Prec @1 0.6250 (0.6829)	
Epoch: [24][260/391]	Time 0.103 (0.106)	Loss 0.8675 (0.9108)	Prec @1 0.6875 (0.6823)	
Epoch: [24][270/391]	Time 0.095 (0.106)	Loss 0.7487 (0.9113)	Prec @1 0.7031 (0.6819)	
Epoch: [24][280/391]	Time 0.112 (0.106)	Loss 0.8134 (0.9125)	Prec @1 0.7344 (0.6813)	
Epoch: [24][290/391]	Time 0.101 (0.105)	Loss 0.9982 (0.9121)	Prec @1 0.6484 (0.6809)	
Epoch: [24][300/391]	Time 0.083 (0.105)	Loss 0.9158 (0.9126)	Prec @1 0.7031 (0.6810)	
Epoch: [24][310/391]	Time 0.115 (0.105)	Loss 0.8935 (0.9118)	Prec @1 0.6875 (0.6812)	
Epoch: [24][320/391]	Time 0.108 (0.105)	Loss 1.0695 (0.9117)	Prec @1 0.6250 (0.6815)	
Epoch: [24][330/391]	Time 0.099 (0.105)	Loss 0.9968 (0.9116)	Prec @1 0.6641 (0.6816)	
Epoch: [24][340/391]	Time 0.086 (0.105)	Loss 0.8603 (0.9105)	Prec @1 0.7344 (0.6818)	
Epoch: [24][350/391]	Time 0.101 (0.105)	Loss 0.8467 (0.9098)	Prec @1 0.7578 (0.6819)	
Epoch: [24][360/391]	Time 0.100 (0.105)	Loss 0.9780 (0.9100)	Prec @1 0.6562 (0.6818)	
Epoch: [24][370/391]	Time 0.136 (0.105)	Loss 1.0759 (0.9112)	Prec @1 0.5859 (0.6812)	
Epoch: [24][380/391]	Time 0.093 (0.105)	Loss 0.9179 (0.9118)	Prec @1 0.6641 (0.6810)	
Epoch: [24][390/391]	Time 0.065 (0.105)	Loss 0.9310 (0.9124)	Prec @1 0.6500 (0.6809)	
Epoch: [24][0/100]	Time 0.044 (0.044)	
Epoch: [24][10/100]	Time 0.032 (0.034)	
Epoch: [24][20/100]	Time 0.026 (0.031)	
Epoch: [24][30/100]	Time 0.026 (0.029)	
Epoch: [24][40/100]	Time 0.026 (0.029)	
Epoch: [24][50/100]	Time 0.021 (0.028)	
Epoch: [24][60/100]	Time 0.029 (0.028)	
Epoch: [24][70/100]	Time 0.033 (0.029)	
Epoch: [24][80/100]	Time 0.049 (0.030)	
Epoch: [24][90/100]	Time 0.033 (0.031)	
Accuracy of Class 0: 0.7430
Accuracy of Class 1: 0.8430
Accuracy of Class 2: 0.5570
Accuracy of Class 3: 0.4480
Accuracy of Class 4: 0.6220
Accuracy of Class 5: 0.7030
Accuracy of Class 6: 0.7800
Accuracy of Class 7: 0.7460
Accuracy of Class 8: 0.8240
Accuracy of Class 9: 0.8500
* Prec @1: 0.7116
Best Prec @1 Acccuracy: 0.7120
Accuracy of Class 0: 0.7370
Accuracy of Class 1: 0.8470
Accuracy of Class 2: 0.5540
Accuracy of Class 3: 0.4570
Accuracy of Class 4: 0.6180
Accuracy of Class 5: 0.6980
Accuracy of Class 6: 0.7730
Accuracy of Class 7: 0.7450
Accuracy of Class 8: 0.8350
Accuracy of Class 9: 0.8560
