Files already downloaded and verified
Files already downloaded and verified
MyModel(
  (conv1): Conv2d(3, 32, kernel_size=(3, 3), stride=(1, 1), padding=(1, 1))
  (bn1): BatchNorm2d(32, eps=1e-05, momentum=0.1, affine=True, track_running_stats=True)
  (conv2): Conv2d(32, 64, kernel_size=(3, 3), stride=(1, 1), padding=(1, 1))
  (bn2): BatchNorm2d(64, eps=1e-05, momentum=0.1, affine=True, track_running_stats=True)
  (conv3): Conv2d(64, 128, kernel_size=(3, 3), stride=(1, 1), padding=(1, 1))
  (bn3): BatchNorm2d(128, eps=1e-05, momentum=0.1, affine=True, track_running_stats=True)
  (relu): ReLU()
  (pool): MaxPool2d(kernel_size=2, stride=2, padding=0, dilation=1, ceil_mode=False)
  (fc1): Linear(in_features=2048, out_features=256, bias=True)
  (dropout): Dropout(p=0.5, inplace=False)
  (fc2): Linear(in_features=256, out_features=10, bias=True)
)
Epoch: [0][0/391]	Time 0.170 (0.170)	Loss 2.3319 (2.3319)	Prec @1 0.0938 (0.0938)	
Epoch: [0][10/391]	Time 0.054 (0.067)	Loss 2.1546 (2.2568)	Prec @1 0.2812 (0.1513)	
Epoch: [0][20/391]	Time 0.055 (0.061)	Loss 1.9951 (2.1695)	Prec @1 0.2266 (0.1842)	
Epoch: [0][30/391]	Time 0.052 (0.059)	Loss 1.8614 (2.1039)	Prec @1 0.3125 (0.2137)	
Epoch: [0][40/391]	Time 0.057 (0.058)	Loss 1.9381 (2.0509)	Prec @1 0.2500 (0.2311)	
Epoch: [0][50/391]	Time 0.055 (0.058)	Loss 1.8453 (2.0081)	Prec @1 0.3281 (0.2509)	
Epoch: [0][60/391]	Time 0.054 (0.057)	Loss 1.8498 (1.9763)	Prec @1 0.3125 (0.2632)	
Epoch: [0][70/391]	Time 0.059 (0.058)	Loss 1.7953 (1.9483)	Prec @1 0.3438 (0.2742)	
Epoch: [0][80/391]	Time 0.058 (0.058)	Loss 1.7215 (1.9213)	Prec @1 0.3281 (0.2845)	
Epoch: [0][90/391]	Time 0.055 (0.058)	Loss 1.7902 (1.8991)	Prec @1 0.2891 (0.2928)	
Epoch: [0][100/391]	Time 0.077 (0.058)	Loss 1.6698 (1.8803)	Prec @1 0.3438 (0.3000)	
Epoch: [0][110/391]	Time 0.065 (0.058)	Loss 1.6726 (1.8613)	Prec @1 0.4062 (0.3080)	
Epoch: [0][120/391]	Time 0.053 (0.059)	Loss 1.7350 (1.8422)	Prec @1 0.3125 (0.3160)	
Epoch: [0][130/391]	Time 0.055 (0.058)	Loss 1.8252 (1.8237)	Prec @1 0.2891 (0.3225)	
Epoch: [0][140/391]	Time 0.057 (0.058)	Loss 1.6284 (1.8114)	Prec @1 0.3594 (0.3276)	
Epoch: [0][150/391]	Time 0.055 (0.058)	Loss 1.5634 (1.7977)	Prec @1 0.4141 (0.3325)	
Epoch: [0][160/391]	Time 0.068 (0.058)	Loss 1.6458 (1.7869)	Prec @1 0.4219 (0.3364)	
Epoch: [0][170/391]	Time 0.064 (0.059)	Loss 1.7131 (1.7760)	Prec @1 0.3125 (0.3402)	
Epoch: [0][180/391]	Time 0.059 (0.059)	Loss 1.7146 (1.7655)	Prec @1 0.4219 (0.3434)	
Epoch: [0][190/391]	Time 0.073 (0.059)	Loss 1.6289 (1.7550)	Prec @1 0.4062 (0.3475)	
Epoch: [0][200/391]	Time 0.096 (0.060)	Loss 1.4950 (1.7440)	Prec @1 0.4375 (0.3516)	
Epoch: [0][210/391]	Time 0.093 (0.062)	Loss 1.5462 (1.7360)	Prec @1 0.4531 (0.3543)	
Epoch: [0][220/391]	Time 0.086 (0.063)	Loss 1.6463 (1.7279)	Prec @1 0.4219 (0.3581)	
Epoch: [0][230/391]	Time 0.090 (0.064)	Loss 1.5897 (1.7178)	Prec @1 0.4375 (0.3615)	
Epoch: [0][240/391]	Time 0.080 (0.065)	Loss 1.3452 (1.7084)	Prec @1 0.4844 (0.3656)	
Epoch: [0][250/391]	Time 0.088 (0.066)	Loss 1.6551 (1.7017)	Prec @1 0.3594 (0.3684)	
Epoch: [0][260/391]	Time 0.080 (0.066)	Loss 1.7419 (1.6955)	Prec @1 0.4062 (0.3710)	
Epoch: [0][270/391]	Time 0.086 (0.067)	Loss 1.4529 (1.6892)	Prec @1 0.4453 (0.3736)	
Epoch: [0][280/391]	Time 0.083 (0.068)	Loss 1.5302 (1.6843)	Prec @1 0.4375 (0.3754)	
Epoch: [0][290/391]	Time 0.087 (0.068)	Loss 1.5344 (1.6774)	Prec @1 0.3984 (0.3777)	
Epoch: [0][300/391]	Time 0.101 (0.069)	Loss 1.6113 (1.6722)	Prec @1 0.4219 (0.3796)	
Epoch: [0][310/391]	Time 0.084 (0.069)	Loss 1.4655 (1.6659)	Prec @1 0.5000 (0.3821)	
Epoch: [0][320/391]	Time 0.078 (0.070)	Loss 1.4742 (1.6604)	Prec @1 0.4297 (0.3835)	
Epoch: [0][330/391]	Time 0.089 (0.070)	Loss 1.3554 (1.6534)	Prec @1 0.4531 (0.3864)	
Epoch: [0][340/391]	Time 0.100 (0.071)	Loss 1.4376 (1.6490)	Prec @1 0.4922 (0.3889)	
Epoch: [0][350/391]	Time 0.096 (0.072)	Loss 1.4292 (1.6416)	Prec @1 0.5078 (0.3916)	
Epoch: [0][360/391]	Time 0.088 (0.073)	Loss 1.4388 (1.6350)	Prec @1 0.4531 (0.3939)	
Epoch: [0][370/391]	Time 0.115 (0.073)	Loss 1.3093 (1.6294)	Prec @1 0.5156 (0.3964)	
Epoch: [0][380/391]	Time 0.098 (0.074)	Loss 1.2818 (1.6229)	Prec @1 0.5469 (0.3993)	
Epoch: [0][390/391]	Time 0.071 (0.074)	Loss 1.5697 (1.6173)	Prec @1 0.4750 (0.4018)	
Epoch: [0][0/100]	Time 0.038 (0.038)	
Epoch: [0][10/100]	Time 0.037 (0.038)	
Epoch: [0][20/100]	Time 0.034 (0.037)	
Epoch: [0][30/100]	Time 0.038 (0.038)	
Epoch: [0][40/100]	Time 0.038 (0.037)	
Epoch: [0][50/100]	Time 0.039 (0.037)	
Epoch: [0][60/100]	Time 0.044 (0.038)	
Epoch: [0][70/100]	Time 0.037 (0.038)	
Epoch: [0][80/100]	Time 0.035 (0.038)	
Epoch: [0][90/100]	Time 0.040 (0.038)	
Accuracy of Class 0: 0.5610
Accuracy of Class 1: 0.5480
Accuracy of Class 2: 0.4670
Accuracy of Class 3: 0.3560
Accuracy of Class 4: 0.3490
Accuracy of Class 5: 0.6020
Accuracy of Class 6: 0.5340
Accuracy of Class 7: 0.5860
Accuracy of Class 8: 0.6170
Accuracy of Class 9: 0.7550
* Prec @1: 0.5375
Epoch: [1][0/391]	Time 0.096 (0.096)	Loss 1.3834 (1.3834)	Prec @1 0.5156 (0.5156)	
Epoch: [1][10/391]	Time 0.099 (0.091)	Loss 1.5371 (1.4226)	Prec @1 0.4609 (0.4815)	
Epoch: [1][20/391]	Time 0.113 (0.093)	Loss 1.4691 (1.4035)	Prec @1 0.4922 (0.4877)	
Epoch: [1][30/391]	Time 0.094 (0.095)	Loss 1.4733 (1.3822)	Prec @1 0.4766 (0.4937)	
Epoch: [1][40/391]	Time 0.095 (0.095)	Loss 1.3541 (1.3805)	Prec @1 0.5234 (0.4960)	
Epoch: [1][50/391]	Time 0.091 (0.095)	Loss 1.4057 (1.3807)	Prec @1 0.5000 (0.4962)	
Epoch: [1][60/391]	Time 0.091 (0.095)	Loss 1.4609 (1.3762)	Prec @1 0.5391 (0.4990)	
Epoch: [1][70/391]	Time 0.108 (0.095)	Loss 1.3618 (1.3736)	Prec @1 0.5469 (0.5028)	
Epoch: [1][80/391]	Time 0.107 (0.097)	Loss 1.4076 (1.3713)	Prec @1 0.5156 (0.5020)	
Epoch: [1][90/391]	Time 0.096 (0.097)	Loss 1.4546 (1.3747)	Prec @1 0.4844 (0.5040)	
Epoch: [1][100/391]	Time 0.107 (0.097)	Loss 1.2902 (1.3783)	Prec @1 0.5781 (0.5015)	
Epoch: [1][110/391]	Time 0.107 (0.097)	Loss 1.2971 (1.3701)	Prec @1 0.5391 (0.5048)	
Epoch: [1][120/391]	Time 0.096 (0.097)	Loss 1.3027 (1.3684)	Prec @1 0.5469 (0.5069)	
Epoch: [1][130/391]	Time 0.097 (0.097)	Loss 1.3985 (1.3672)	Prec @1 0.4766 (0.5061)	
Epoch: [1][140/391]	Time 0.105 (0.097)	Loss 1.2080 (1.3597)	Prec @1 0.5547 (0.5079)	
Epoch: [1][150/391]	Time 0.110 (0.098)	Loss 1.1901 (1.3545)	Prec @1 0.5703 (0.5099)	
Epoch: [1][160/391]	Time 0.099 (0.098)	Loss 1.2673 (1.3518)	Prec @1 0.5469 (0.5114)	
Epoch: [1][170/391]	Time 0.094 (0.098)	Loss 1.1737 (1.3508)	Prec @1 0.5234 (0.5108)	
Epoch: [1][180/391]	Time 0.073 (0.097)	Loss 1.1997 (1.3467)	Prec @1 0.5391 (0.5109)	
Epoch: [1][190/391]	Time 0.070 (0.096)	Loss 1.5665 (1.3455)	Prec @1 0.4375 (0.5116)	
Epoch: [1][200/391]	Time 0.078 (0.095)	Loss 1.2638 (1.3454)	Prec @1 0.5625 (0.5124)	
Epoch: [1][210/391]	Time 0.092 (0.094)	Loss 1.5152 (1.3452)	Prec @1 0.4375 (0.5119)	
Epoch: [1][220/391]	Time 0.166 (0.094)	Loss 1.2295 (1.3417)	Prec @1 0.5391 (0.5137)	
Epoch: [1][230/391]	Time 0.082 (0.094)	Loss 1.1896 (1.3383)	Prec @1 0.6094 (0.5156)	
Epoch: [1][240/391]	Time 0.080 (0.094)	Loss 1.1767 (1.3334)	Prec @1 0.5938 (0.5177)	
Epoch: [1][250/391]	Time 0.075 (0.093)	Loss 1.2854 (1.3316)	Prec @1 0.5781 (0.5195)	
Epoch: [1][260/391]	Time 0.091 (0.093)	Loss 1.2029 (1.3293)	Prec @1 0.5781 (0.5204)	
Epoch: [1][270/391]	Time 0.083 (0.093)	Loss 1.3901 (1.3289)	Prec @1 0.5000 (0.5204)	
Epoch: [1][280/391]	Time 0.084 (0.093)	Loss 1.1924 (1.3259)	Prec @1 0.5781 (0.5211)	
Epoch: [1][290/391]	Time 0.081 (0.092)	Loss 1.3112 (1.3223)	Prec @1 0.5312 (0.5224)	
Epoch: [1][300/391]	Time 0.085 (0.092)	Loss 1.2261 (1.3227)	Prec @1 0.5312 (0.5222)	
Epoch: [1][310/391]	Time 0.081 (0.092)	Loss 1.3411 (1.3208)	Prec @1 0.5469 (0.5230)	
Epoch: [1][320/391]	Time 0.080 (0.091)	Loss 1.3200 (1.3192)	Prec @1 0.5078 (0.5234)	
Epoch: [1][330/391]	Time 0.075 (0.091)	Loss 1.1687 (1.3161)	Prec @1 0.6094 (0.5248)	
Epoch: [1][340/391]	Time 0.080 (0.091)	Loss 1.3297 (1.3141)	Prec @1 0.4922 (0.5251)	
Epoch: [1][350/391]	Time 0.097 (0.091)	Loss 1.1619 (1.3140)	Prec @1 0.5703 (0.5253)	
Epoch: [1][360/391]	Time 0.092 (0.091)	Loss 1.2919 (1.3122)	Prec @1 0.5156 (0.5261)	
Epoch: [1][370/391]	Time 0.088 (0.091)	Loss 1.2659 (1.3085)	Prec @1 0.5469 (0.5272)	
Epoch: [1][380/391]	Time 0.082 (0.090)	Loss 1.1599 (1.3064)	Prec @1 0.5859 (0.5279)	
Epoch: [1][390/391]	Time 0.100 (0.090)	Loss 1.3785 (1.3063)	Prec @1 0.5000 (0.5280)	
Epoch: [1][0/100]	Time 0.033 (0.033)	
Epoch: [1][10/100]	Time 0.032 (0.031)	
Epoch: [1][20/100]	Time 0.033 (0.032)	
Epoch: [1][30/100]	Time 0.035 (0.033)	
Epoch: [1][40/100]	Time 0.045 (0.034)	
Epoch: [1][50/100]	Time 0.048 (0.037)	
Epoch: [1][60/100]	Time 0.035 (0.037)	
Epoch: [1][70/100]	Time 0.039 (0.038)	
Epoch: [1][80/100]	Time 0.041 (0.038)	
Epoch: [1][90/100]	Time 0.041 (0.038)	
Accuracy of Class 0: 0.6410
Accuracy of Class 1: 0.6170
Accuracy of Class 2: 0.5150
Accuracy of Class 3: 0.3180
Accuracy of Class 4: 0.3930
Accuracy of Class 5: 0.7060
Accuracy of Class 6: 0.7220
Accuracy of Class 7: 0.7150
Accuracy of Class 8: 0.8010
Accuracy of Class 9: 0.7300
* Prec @1: 0.6158
Epoch: [2][0/391]	Time 0.101 (0.101)	Loss 1.2061 (1.2061)	Prec @1 0.5469 (0.5469)	
Epoch: [2][10/391]	Time 0.115 (0.103)	Loss 1.3033 (1.2108)	Prec @1 0.4766 (0.5668)	
Epoch: [2][20/391]	Time 0.088 (0.101)	Loss 1.2353 (1.2243)	Prec @1 0.5391 (0.5565)	
Epoch: [2][30/391]	Time 0.101 (0.101)	Loss 1.2862 (1.2277)	Prec @1 0.5625 (0.5557)	
Epoch: [2][40/391]	Time 0.109 (0.102)	Loss 1.1194 (1.2189)	Prec @1 0.6016 (0.5612)	
Epoch: [2][50/391]	Time 0.087 (0.101)	Loss 1.3642 (1.2282)	Prec @1 0.4453 (0.5555)	
Epoch: [2][60/391]	Time 0.101 (0.101)	Loss 1.2982 (1.2244)	Prec @1 0.5391 (0.5570)	
Epoch: [2][70/391]	Time 0.098 (0.101)	Loss 1.1660 (1.2187)	Prec @1 0.6016 (0.5586)	
Epoch: [2][80/391]	Time 0.107 (0.101)	Loss 1.2118 (1.2227)	Prec @1 0.6094 (0.5594)	
Epoch: [2][90/391]	Time 0.105 (0.101)	Loss 1.1321 (1.2201)	Prec @1 0.6016 (0.5604)	
Epoch: [2][100/391]	Time 0.109 (0.101)	Loss 1.1490 (1.2141)	Prec @1 0.6328 (0.5620)	
Epoch: [2][110/391]	Time 0.097 (0.101)	Loss 1.2283 (1.2156)	Prec @1 0.6094 (0.5640)	
Epoch: [2][120/391]	Time 0.104 (0.102)	Loss 1.2115 (1.2170)	Prec @1 0.5547 (0.5647)	
Epoch: [2][130/391]	Time 0.092 (0.101)	Loss 1.1784 (1.2143)	Prec @1 0.5469 (0.5658)	
Epoch: [2][140/391]	Time 0.106 (0.102)	Loss 1.0598 (1.2132)	Prec @1 0.6172 (0.5668)	
Epoch: [2][150/391]	Time 0.092 (0.101)	Loss 1.1658 (1.2111)	Prec @1 0.5859 (0.5676)	
Epoch: [2][160/391]	Time 0.098 (0.101)	Loss 1.1296 (1.2086)	Prec @1 0.5156 (0.5683)	
Epoch: [2][170/391]	Time 0.093 (0.101)	Loss 1.1736 (1.2031)	Prec @1 0.5469 (0.5695)	
Epoch: [2][180/391]	Time 0.107 (0.101)	Loss 1.1871 (1.2009)	Prec @1 0.6016 (0.5703)	
Epoch: [2][190/391]	Time 0.116 (0.102)	Loss 1.1686 (1.1993)	Prec @1 0.6172 (0.5713)	
Epoch: [2][200/391]	Time 0.128 (0.103)	Loss 1.1062 (1.1945)	Prec @1 0.5703 (0.5717)	
Epoch: [2][210/391]	Time 0.109 (0.104)	Loss 1.1245 (1.1920)	Prec @1 0.5781 (0.5729)	
Epoch: [2][220/391]	Time 0.051 (0.103)	Loss 1.2490 (1.1890)	Prec @1 0.5312 (0.5736)	
Epoch: [2][230/391]	Time 0.069 (0.101)	Loss 1.1753 (1.1850)	Prec @1 0.5938 (0.5753)	
Epoch: [2][240/391]	Time 0.111 (0.100)	Loss 1.1671 (1.1843)	Prec @1 0.5469 (0.5751)	
Epoch: [2][250/391]	Time 0.079 (0.099)	Loss 1.2814 (1.1818)	Prec @1 0.5234 (0.5758)	
Epoch: [2][260/391]	Time 0.078 (0.099)	Loss 1.1965 (1.1796)	Prec @1 0.5391 (0.5766)	
Epoch: [2][270/391]	Time 0.078 (0.098)	Loss 1.1149 (1.1755)	Prec @1 0.6094 (0.5789)	
Epoch: [2][280/391]	Time 0.079 (0.097)	Loss 1.0788 (1.1749)	Prec @1 0.6172 (0.5793)	
Epoch: [2][290/391]	Time 0.081 (0.097)	Loss 1.0778 (1.1742)	Prec @1 0.6406 (0.5797)	
Epoch: [2][300/391]	Time 0.078 (0.096)	Loss 1.2173 (1.1738)	Prec @1 0.5078 (0.5795)	
Epoch: [2][310/391]	Time 0.092 (0.096)	Loss 1.1273 (1.1731)	Prec @1 0.5703 (0.5799)	
Epoch: [2][320/391]	Time 0.076 (0.095)	Loss 1.0156 (1.1727)	Prec @1 0.6328 (0.5798)	
Epoch: [2][330/391]	Time 0.081 (0.095)	Loss 1.0979 (1.1716)	Prec @1 0.6328 (0.5807)	
Epoch: [2][340/391]	Time 0.077 (0.094)	Loss 1.2768 (1.1703)	Prec @1 0.5391 (0.5810)	
Epoch: [2][350/391]	Time 0.083 (0.094)	Loss 1.1992 (1.1694)	Prec @1 0.6016 (0.5813)	
Epoch: [2][360/391]	Time 0.094 (0.094)	Loss 1.0058 (1.1673)	Prec @1 0.6328 (0.5817)	
Epoch: [2][370/391]	Time 0.077 (0.093)	Loss 1.1198 (1.1666)	Prec @1 0.6016 (0.5819)	
Epoch: [2][380/391]	Time 0.084 (0.093)	Loss 1.0511 (1.1664)	Prec @1 0.5938 (0.5823)	
Epoch: [2][390/391]	Time 0.080 (0.093)	Loss 0.9540 (1.1639)	Prec @1 0.6250 (0.5834)	
Epoch: [2][0/100]	Time 0.024 (0.024)	
Epoch: [2][10/100]	Time 0.020 (0.023)	
Epoch: [2][20/100]	Time 0.021 (0.022)	
Epoch: [2][30/100]	Time 0.022 (0.021)	
Epoch: [2][40/100]	Time 0.021 (0.021)	
Epoch: [2][50/100]	Time 0.025 (0.021)	
Epoch: [2][60/100]	Time 0.021 (0.022)	
Epoch: [2][70/100]	Time 0.023 (0.022)	
Epoch: [2][80/100]	Time 0.023 (0.022)	
Epoch: [2][90/100]	Time 0.026 (0.022)	
Accuracy of Class 0: 0.5380
Accuracy of Class 1: 0.7910
Accuracy of Class 2: 0.5550
Accuracy of Class 3: 0.3930
Accuracy of Class 4: 0.4110
Accuracy of Class 5: 0.6780
Accuracy of Class 6: 0.8240
Accuracy of Class 7: 0.6980
Accuracy of Class 8: 0.8630
Accuracy of Class 9: 0.6350
* Prec @1: 0.6386
Epoch: [3][0/391]	Time 0.074 (0.074)	Loss 1.0761 (1.0761)	Prec @1 0.6016 (0.6016)	
Epoch: [3][10/391]	Time 0.056 (0.059)	Loss 1.0359 (1.0794)	Prec @1 0.6484 (0.6122)	
Epoch: [3][20/391]	Time 0.058 (0.059)	Loss 0.9387 (1.0847)	Prec @1 0.6094 (0.6083)	
Epoch: [3][30/391]	Time 0.057 (0.058)	Loss 1.0410 (1.0949)	Prec @1 0.5938 (0.6074)	
Epoch: [3][40/391]	Time 0.058 (0.058)	Loss 1.0118 (1.0992)	Prec @1 0.5859 (0.6033)	
Epoch: [3][50/391]	Time 0.063 (0.059)	Loss 1.2341 (1.1087)	Prec @1 0.5781 (0.6013)	
Epoch: [3][60/391]	Time 0.104 (0.062)	Loss 0.8165 (1.0969)	Prec @1 0.6719 (0.6058)	
Epoch: [3][70/391]	Time 0.068 (0.065)	Loss 1.0817 (1.0952)	Prec @1 0.6172 (0.6064)	
Epoch: [3][80/391]	Time 0.055 (0.064)	Loss 1.0751 (1.0869)	Prec @1 0.6328 (0.6101)	
Epoch: [3][90/391]	Time 0.053 (0.063)	Loss 1.1222 (1.0887)	Prec @1 0.6016 (0.6108)	
Epoch: [3][100/391]	Time 0.081 (0.065)	Loss 1.1967 (1.0886)	Prec @1 0.5781 (0.6088)	
Epoch: [3][110/391]	Time 0.057 (0.065)	Loss 0.9905 (1.0878)	Prec @1 0.6328 (0.6104)	
Epoch: [3][120/391]	Time 0.060 (0.065)	Loss 1.0529 (1.0850)	Prec @1 0.6172 (0.6123)	
Epoch: [3][130/391]	Time 0.074 (0.065)	Loss 1.0284 (1.0828)	Prec @1 0.6406 (0.6139)	
Epoch: [3][140/391]	Time 0.082 (0.066)	Loss 1.0675 (1.0837)	Prec @1 0.6562 (0.6142)	
Epoch: [3][150/391]	Time 0.062 (0.067)	Loss 1.0854 (1.0815)	Prec @1 0.5703 (0.6146)	
Epoch: [3][160/391]	Time 0.057 (0.066)	Loss 0.9156 (1.0825)	Prec @1 0.6250 (0.6136)	
Epoch: [3][170/391]	Time 0.075 (0.067)	Loss 1.0584 (1.0819)	Prec @1 0.5703 (0.6137)	
Epoch: [3][180/391]	Time 0.066 (0.067)	Loss 1.1361 (1.0799)	Prec @1 0.5547 (0.6151)	
Epoch: [3][190/391]	Time 0.064 (0.066)	Loss 1.1267 (1.0776)	Prec @1 0.6250 (0.6150)	
Epoch: [3][200/391]	Time 0.076 (0.066)	Loss 0.9863 (1.0762)	Prec @1 0.5938 (0.6162)	
Epoch: [3][210/391]	Time 0.089 (0.068)	Loss 1.0033 (1.0752)	Prec @1 0.6562 (0.6160)	
Epoch: [3][220/391]	Time 0.056 (0.069)	Loss 1.1034 (1.0736)	Prec @1 0.6328 (0.6169)	
Epoch: [3][230/391]	Time 0.056 (0.068)	Loss 0.9905 (1.0711)	Prec @1 0.6484 (0.6176)	
Epoch: [3][240/391]	Time 0.057 (0.068)	Loss 1.1549 (1.0709)	Prec @1 0.5938 (0.6177)	
Epoch: [3][250/391]	Time 0.055 (0.068)	Loss 1.0031 (1.0699)	Prec @1 0.6484 (0.6178)	
Epoch: [3][260/391]	Time 0.055 (0.067)	Loss 1.1493 (1.0702)	Prec @1 0.6406 (0.6180)	
Epoch: [3][270/391]	Time 0.055 (0.067)	Loss 1.1149 (1.0711)	Prec @1 0.5938 (0.6182)	
Epoch: [3][280/391]	Time 0.056 (0.066)	Loss 1.0878 (1.0723)	Prec @1 0.6094 (0.6177)	
Epoch: [3][290/391]	Time 0.059 (0.066)	Loss 1.0323 (1.0697)	Prec @1 0.6797 (0.6189)	
Epoch: [3][300/391]	Time 0.057 (0.066)	Loss 1.0361 (1.0705)	Prec @1 0.6172 (0.6189)	
Epoch: [3][310/391]	Time 0.069 (0.066)	Loss 0.9869 (1.0697)	Prec @1 0.6797 (0.6189)	
Epoch: [3][320/391]	Time 0.058 (0.066)	Loss 0.9955 (1.0677)	Prec @1 0.6406 (0.6198)	
Epoch: [3][330/391]	Time 0.058 (0.065)	Loss 1.0394 (1.0651)	Prec @1 0.6484 (0.6209)	
Epoch: [3][340/391]	Time 0.056 (0.065)	Loss 1.1011 (1.0644)	Prec @1 0.6172 (0.6212)	
Epoch: [3][350/391]	Time 0.058 (0.065)	Loss 0.9888 (1.0622)	Prec @1 0.6094 (0.6223)	
Epoch: [3][360/391]	Time 0.058 (0.065)	Loss 1.0408 (1.0611)	Prec @1 0.6172 (0.6224)	
Epoch: [3][370/391]	Time 0.058 (0.065)	Loss 0.9522 (1.0613)	Prec @1 0.6406 (0.6224)	
Epoch: [3][380/391]	Time 0.054 (0.065)	Loss 1.1677 (1.0610)	Prec @1 0.6094 (0.6224)	
Epoch: [3][390/391]	Time 0.038 (0.064)	Loss 1.0745 (1.0622)	Prec @1 0.6375 (0.6219)	
Epoch: [3][0/100]	Time 0.023 (0.023)	
Epoch: [3][10/100]	Time 0.021 (0.020)	
Epoch: [3][20/100]	Time 0.018 (0.020)	
Epoch: [3][30/100]	Time 0.020 (0.020)	
Epoch: [3][40/100]	Time 0.018 (0.020)	
Epoch: [3][50/100]	Time 0.019 (0.020)	
Epoch: [3][60/100]	Time 0.019 (0.020)	
Epoch: [3][70/100]	Time 0.023 (0.020)	
Epoch: [3][80/100]	Time 0.021 (0.020)	
Epoch: [3][90/100]	Time 0.024 (0.020)	
Accuracy of Class 0: 0.8350
Accuracy of Class 1: 0.8750
Accuracy of Class 2: 0.5900
Accuracy of Class 3: 0.2410
Accuracy of Class 4: 0.4530
Accuracy of Class 5: 0.6290
Accuracy of Class 6: 0.8900
Accuracy of Class 7: 0.6890
Accuracy of Class 8: 0.7110
Accuracy of Class 9: 0.8100
* Prec @1: 0.6723
Epoch: [4][0/391]	Time 0.059 (0.059)	Loss 0.8952 (0.8952)	Prec @1 0.7344 (0.7344)	
Epoch: [4][10/391]	Time 0.058 (0.058)	Loss 1.0483 (0.9856)	Prec @1 0.6250 (0.6399)	
Epoch: [4][20/391]	Time 0.067 (0.059)	Loss 1.1190 (0.9892)	Prec @1 0.6328 (0.6429)	
Epoch: [4][30/391]	Time 0.062 (0.060)	Loss 1.0220 (0.9808)	Prec @1 0.6562 (0.6487)	
Epoch: [4][40/391]	Time 0.060 (0.060)	Loss 0.9977 (0.9814)	Prec @1 0.6641 (0.6484)	
Epoch: [4][50/391]	Time 0.057 (0.060)	Loss 1.0295 (0.9892)	Prec @1 0.6562 (0.6438)	
Epoch: [4][60/391]	Time 0.077 (0.061)	Loss 1.0525 (0.9915)	Prec @1 0.6250 (0.6457)	
Epoch: [4][70/391]	Time 0.067 (0.062)	Loss 0.8771 (1.0000)	Prec @1 0.6953 (0.6435)	
Epoch: [4][80/391]	Time 0.059 (0.062)	Loss 1.0237 (1.0041)	Prec @1 0.6328 (0.6423)	
Epoch: [4][90/391]	Time 0.059 (0.062)	Loss 1.0546 (1.0094)	Prec @1 0.6484 (0.6410)	
Epoch: [4][100/391]	Time 0.062 (0.061)	Loss 1.0313 (1.0150)	Prec @1 0.6172 (0.6386)	
Epoch: [4][110/391]	Time 0.066 (0.062)	Loss 1.0196 (1.0130)	Prec @1 0.6016 (0.6387)	
Epoch: [4][120/391]	Time 0.062 (0.062)	Loss 1.0602 (1.0149)	Prec @1 0.5703 (0.6369)	
Epoch: [4][130/391]	Time 0.058 (0.062)	Loss 1.0696 (1.0165)	Prec @1 0.6016 (0.6366)	
Epoch: [4][140/391]	Time 0.062 (0.062)	Loss 1.2610 (1.0133)	Prec @1 0.5625 (0.6384)	
Epoch: [4][150/391]	Time 0.061 (0.062)	Loss 1.0205 (1.0125)	Prec @1 0.6094 (0.6389)	
Epoch: [4][160/391]	Time 0.060 (0.062)	Loss 0.9297 (1.0106)	Prec @1 0.6875 (0.6407)	
Epoch: [4][170/391]	Time 0.061 (0.062)	Loss 0.9231 (1.0073)	Prec @1 0.7109 (0.6416)	
Epoch: [4][180/391]	Time 0.066 (0.062)	Loss 1.1112 (1.0055)	Prec @1 0.6016 (0.6419)	
Epoch: [4][190/391]	Time 0.069 (0.062)	Loss 0.9278 (1.0074)	Prec @1 0.6719 (0.6424)	
Epoch: [4][200/391]	Time 0.106 (0.063)	Loss 0.8908 (1.0063)	Prec @1 0.6875 (0.6424)	
Epoch: [4][210/391]	Time 0.094 (0.065)	Loss 0.9878 (1.0057)	Prec @1 0.6484 (0.6430)	
Epoch: [4][220/391]	Time 0.157 (0.067)	Loss 0.9873 (1.0059)	Prec @1 0.6641 (0.6434)	
Epoch: [4][230/391]	Time 0.093 (0.068)	Loss 1.0634 (1.0051)	Prec @1 0.6094 (0.6434)	
Epoch: [4][240/391]	Time 0.097 (0.069)	Loss 1.0278 (1.0069)	Prec @1 0.6484 (0.6434)	
Epoch: [4][250/391]	Time 0.090 (0.070)	Loss 0.9645 (1.0073)	Prec @1 0.6328 (0.6428)	
Epoch: [4][260/391]	Time 0.077 (0.070)	Loss 0.8672 (1.0082)	Prec @1 0.6875 (0.6429)	
Epoch: [4][270/391]	Time 0.078 (0.071)	Loss 0.9141 (1.0061)	Prec @1 0.6875 (0.6437)	
Epoch: [4][280/391]	Time 0.084 (0.071)	Loss 0.9111 (1.0040)	Prec @1 0.6875 (0.6448)	
Epoch: [4][290/391]	Time 0.099 (0.071)	Loss 1.2343 (1.0043)	Prec @1 0.6016 (0.6449)	
Epoch: [4][300/391]	Time 0.081 (0.072)	Loss 0.8598 (1.0030)	Prec @1 0.6875 (0.6452)	
Epoch: [4][310/391]	Time 0.070 (0.072)	Loss 0.9893 (1.0023)	Prec @1 0.6641 (0.6454)	
Epoch: [4][320/391]	Time 0.085 (0.073)	Loss 1.3017 (1.0032)	Prec @1 0.5391 (0.6452)	
Epoch: [4][330/391]	Time 0.080 (0.073)	Loss 1.0033 (1.0026)	Prec @1 0.6406 (0.6455)	
Epoch: [4][340/391]	Time 0.078 (0.074)	Loss 0.9237 (1.0005)	Prec @1 0.6406 (0.6457)	
Epoch: [4][350/391]	Time 0.086 (0.074)	Loss 0.9434 (0.9990)	Prec @1 0.6484 (0.6461)	
Epoch: [4][360/391]	Time 0.076 (0.074)	Loss 1.0960 (0.9979)	Prec @1 0.6094 (0.6467)	
Epoch: [4][370/391]	Time 0.092 (0.075)	Loss 1.0475 (0.9969)	Prec @1 0.6641 (0.6472)	
Epoch: [4][380/391]	Time 0.086 (0.075)	Loss 0.9081 (0.9965)	Prec @1 0.6484 (0.6473)	
Epoch: [4][390/391]	Time 0.069 (0.075)	Loss 1.1227 (0.9964)	Prec @1 0.6500 (0.6476)	
Epoch: [4][0/100]	Time 0.034 (0.034)	
Epoch: [4][10/100]	Time 0.032 (0.030)	
Epoch: [4][20/100]	Time 0.033 (0.032)	
Epoch: [4][30/100]	Time 0.029 (0.031)	
Epoch: [4][40/100]	Time 0.034 (0.031)	
Epoch: [4][50/100]	Time 0.031 (0.032)	
Epoch: [4][60/100]	Time 0.028 (0.031)	
Epoch: [4][70/100]	Time 0.028 (0.031)	
Epoch: [4][80/100]	Time 0.029 (0.031)	
Epoch: [4][90/100]	Time 0.031 (0.031)	
Accuracy of Class 0: 0.7150
Accuracy of Class 1: 0.8630
Accuracy of Class 2: 0.6620
Accuracy of Class 3: 0.5380
Accuracy of Class 4: 0.5090
Accuracy of Class 5: 0.7110
Accuracy of Class 6: 0.7650
Accuracy of Class 7: 0.6780
Accuracy of Class 8: 0.8210
Accuracy of Class 9: 0.7800
* Prec @1: 0.7042
Epoch: [5][0/391]	Time 0.065 (0.065)	Loss 1.0099 (1.0099)	Prec @1 0.6094 (0.6094)	
Epoch: [5][10/391]	Time 0.052 (0.057)	Loss 1.0291 (0.9694)	Prec @1 0.6406 (0.6591)	
Epoch: [5][20/391]	Time 0.055 (0.057)	Loss 0.8745 (0.9363)	Prec @1 0.7031 (0.6749)	
Epoch: [5][30/391]	Time 0.051 (0.056)	Loss 0.8582 (0.9479)	Prec @1 0.7031 (0.6683)	
Epoch: [5][40/391]	Time 0.052 (0.056)	Loss 1.1128 (0.9562)	Prec @1 0.5625 (0.6641)	
Epoch: [5][50/391]	Time 0.067 (0.058)	Loss 0.9464 (0.9645)	Prec @1 0.6719 (0.6581)	
Epoch: [5][60/391]	Time 0.061 (0.059)	Loss 0.7083 (0.9597)	Prec @1 0.7266 (0.6602)	
Epoch: [5][70/391]	Time 0.071 (0.060)	Loss 0.8132 (0.9536)	Prec @1 0.6641 (0.6613)	
Epoch: [5][80/391]	Time 0.076 (0.062)	Loss 0.8058 (0.9489)	Prec @1 0.7266 (0.6627)	
Epoch: [5][90/391]	Time 0.082 (0.064)	Loss 0.9865 (0.9546)	Prec @1 0.6875 (0.6613)	
Epoch: [5][100/391]	Time 0.088 (0.067)	Loss 1.0834 (0.9568)	Prec @1 0.6562 (0.6603)	
Epoch: [5][110/391]	Time 0.106 (0.070)	Loss 0.8692 (0.9581)	Prec @1 0.7031 (0.6608)	
Epoch: [5][120/391]	Time 0.168 (0.074)	Loss 0.9069 (0.9544)	Prec @1 0.6641 (0.6626)	
Epoch: [5][130/391]	Time 0.082 (0.075)	Loss 0.9642 (0.9496)	Prec @1 0.6328 (0.6641)	
Epoch: [5][140/391]	Time 0.080 (0.076)	Loss 0.9050 (0.9497)	Prec @1 0.6719 (0.6652)	
Epoch: [5][150/391]	Time 0.083 (0.076)	Loss 1.0399 (0.9467)	Prec @1 0.6016 (0.6658)	
Epoch: [5][160/391]	Time 0.112 (0.078)	Loss 1.1695 (0.9460)	Prec @1 0.6406 (0.6662)	
Epoch: [5][170/391]	Time 0.119 (0.080)	Loss 0.8854 (0.9436)	Prec @1 0.7344 (0.6671)	
Epoch: [5][180/391]	Time 0.128 (0.082)	Loss 1.1478 (0.9470)	Prec @1 0.5859 (0.6661)	
Epoch: [5][190/391]	Time 0.111 (0.084)	Loss 0.9586 (0.9521)	Prec @1 0.6797 (0.6645)	
Epoch: [5][200/391]	Time 0.103 (0.086)	Loss 0.9454 (0.9521)	Prec @1 0.6328 (0.6648)	
Epoch: [5][210/391]	Time 0.113 (0.087)	Loss 0.8275 (0.9506)	Prec @1 0.6953 (0.6660)	
Epoch: [5][220/391]	Time 0.105 (0.088)	Loss 0.9197 (0.9496)	Prec @1 0.6562 (0.6661)	
Epoch: [5][230/391]	Time 0.089 (0.088)	Loss 0.7508 (0.9477)	Prec @1 0.7422 (0.6664)	
Epoch: [5][240/391]	Time 0.083 (0.088)	Loss 0.9754 (0.9465)	Prec @1 0.6641 (0.6664)	
Epoch: [5][250/391]	Time 0.086 (0.089)	Loss 1.0782 (0.9477)	Prec @1 0.6016 (0.6653)	
Epoch: [5][260/391]	Time 0.089 (0.089)	Loss 0.9951 (0.9496)	Prec @1 0.6641 (0.6646)	
Epoch: [5][270/391]	Time 0.103 (0.089)	Loss 0.9985 (0.9496)	Prec @1 0.6172 (0.6646)	
Epoch: [5][280/391]	Time 0.099 (0.089)	Loss 0.9862 (0.9490)	Prec @1 0.6250 (0.6653)	
Epoch: [5][290/391]	Time 0.115 (0.089)	Loss 0.8713 (0.9498)	Prec @1 0.6719 (0.6650)	
Epoch: [5][300/391]	Time 0.101 (0.090)	Loss 0.8888 (0.9494)	Prec @1 0.6953 (0.6655)	
Epoch: [5][310/391]	Time 0.085 (0.090)	Loss 0.8895 (0.9485)	Prec @1 0.6641 (0.6658)	
Epoch: [5][320/391]	Time 0.096 (0.090)	Loss 1.1685 (0.9484)	Prec @1 0.6250 (0.6661)	
Epoch: [5][330/391]	Time 0.113 (0.091)	Loss 1.0400 (0.9493)	Prec @1 0.6250 (0.6660)	
Epoch: [5][340/391]	Time 0.112 (0.091)	Loss 0.9684 (0.9504)	Prec @1 0.6562 (0.6656)	
Epoch: [5][350/391]	Time 0.107 (0.092)	Loss 0.8164 (0.9494)	Prec @1 0.7500 (0.6660)	
Epoch: [5][360/391]	Time 0.076 (0.092)	Loss 0.9504 (0.9488)	Prec @1 0.6641 (0.6664)	
Epoch: [5][370/391]	Time 0.106 (0.092)	Loss 0.7752 (0.9477)	Prec @1 0.7266 (0.6670)	
Epoch: [5][380/391]	Time 0.092 (0.091)	Loss 0.8653 (0.9471)	Prec @1 0.7344 (0.6672)	
Epoch: [5][390/391]	Time 0.059 (0.091)	Loss 0.8594 (0.9467)	Prec @1 0.7250 (0.6675)	
Epoch: [5][0/100]	Time 0.025 (0.025)	
Epoch: [5][10/100]	Time 0.027 (0.025)	
Epoch: [5][20/100]	Time 0.029 (0.027)	
Epoch: [5][30/100]	Time 0.032 (0.028)	
Epoch: [5][40/100]	Time 0.034 (0.029)	
Epoch: [5][50/100]	Time 0.034 (0.030)	
Epoch: [5][60/100]	Time 0.051 (0.032)	
Epoch: [5][70/100]	Time 0.040 (0.034)	
Epoch: [5][80/100]	Time 0.044 (0.035)	
Epoch: [5][90/100]	Time 0.042 (0.036)	
Accuracy of Class 0: 0.6380
Accuracy of Class 1: 0.9170
Accuracy of Class 2: 0.5780
Accuracy of Class 3: 0.5110
Accuracy of Class 4: 0.6880
Accuracy of Class 5: 0.6110
Accuracy of Class 6: 0.8180
Accuracy of Class 7: 0.7700
Accuracy of Class 8: 0.9290
Accuracy of Class 9: 0.7680
* Prec @1: 0.7228
Epoch: [6][0/391]	Time 0.083 (0.083)	Loss 0.9395 (0.9395)	Prec @1 0.6797 (0.6797)	
Epoch: [6][10/391]	Time 0.094 (0.092)	Loss 0.8368 (0.9136)	Prec @1 0.7344 (0.6832)	
Epoch: [6][20/391]	Time 0.095 (0.091)	Loss 1.0050 (0.9178)	Prec @1 0.6172 (0.6804)	
Epoch: [6][30/391]	Time 0.089 (0.092)	Loss 0.7441 (0.8958)	Prec @1 0.7500 (0.6895)	
Epoch: [6][40/391]	Time 0.084 (0.091)	Loss 1.0900 (0.9095)	Prec @1 0.6016 (0.6820)	
Epoch: [6][50/391]	Time 0.090 (0.089)	Loss 0.8994 (0.9000)	Prec @1 0.6719 (0.6866)	
Epoch: [6][60/391]	Time 0.079 (0.089)	Loss 1.0694 (0.9061)	Prec @1 0.6250 (0.6835)	
Epoch: [6][70/391]	Time 0.078 (0.087)	Loss 1.0458 (0.9130)	Prec @1 0.6719 (0.6781)	
Epoch: [6][80/391]	Time 0.076 (0.086)	Loss 0.9027 (0.9121)	Prec @1 0.6719 (0.6785)	
Epoch: [6][90/391]	Time 0.141 (0.088)	Loss 1.0680 (0.9084)	Prec @1 0.6250 (0.6787)	
Epoch: [6][100/391]	Time 0.097 (0.094)	Loss 1.1295 (0.9094)	Prec @1 0.6406 (0.6792)	
Epoch: [6][110/391]	Time 0.096 (0.096)	Loss 0.9781 (0.9151)	Prec @1 0.6172 (0.6741)	
Epoch: [6][120/391]	Time 0.075 (0.095)	Loss 1.0593 (0.9172)	Prec @1 0.5938 (0.6736)	
Epoch: [6][130/391]	Time 0.120 (0.094)	Loss 1.0362 (0.9154)	Prec @1 0.6719 (0.6765)	
Epoch: [6][140/391]	Time 0.079 (0.093)	Loss 0.7926 (0.9088)	Prec @1 0.7266 (0.6785)	
Epoch: [6][150/391]	Time 0.087 (0.093)	Loss 0.8774 (0.9051)	Prec @1 0.7344 (0.6798)	
Epoch: [6][160/391]	Time 0.074 (0.092)	Loss 1.0357 (0.9055)	Prec @1 0.6250 (0.6787)	
Epoch: [6][170/391]	Time 0.083 (0.092)	Loss 1.0340 (0.9067)	Prec @1 0.6719 (0.6798)	
Epoch: [6][180/391]	Time 0.087 (0.091)	Loss 0.6550 (0.9043)	Prec @1 0.7812 (0.6813)	
Epoch: [6][190/391]	Time 0.076 (0.091)	Loss 0.8966 (0.9048)	Prec @1 0.6719 (0.6812)	
Epoch: [6][200/391]	Time 0.077 (0.090)	Loss 0.8839 (0.9037)	Prec @1 0.7344 (0.6817)	
Epoch: [6][210/391]	Time 0.075 (0.090)	Loss 0.9748 (0.9036)	Prec @1 0.6172 (0.6810)	
Epoch: [6][220/391]	Time 0.079 (0.090)	Loss 0.7343 (0.9030)	Prec @1 0.7578 (0.6822)	
Epoch: [6][230/391]	Time 0.093 (0.090)	Loss 0.9098 (0.9022)	Prec @1 0.6953 (0.6824)	
Epoch: [6][240/391]	Time 0.082 (0.089)	Loss 0.8203 (0.8999)	Prec @1 0.7109 (0.6833)	
Epoch: [6][250/391]	Time 0.084 (0.089)	Loss 0.7849 (0.8960)	Prec @1 0.7109 (0.6846)	
Epoch: [6][260/391]	Time 0.084 (0.089)	Loss 0.9373 (0.8960)	Prec @1 0.6641 (0.6846)	
Epoch: [6][270/391]	Time 0.080 (0.088)	Loss 1.0101 (0.8970)	Prec @1 0.6328 (0.6839)	
Epoch: [6][280/391]	Time 0.084 (0.088)	Loss 0.8867 (0.8950)	Prec @1 0.6875 (0.6840)	
Epoch: [6][290/391]	Time 0.077 (0.088)	Loss 0.8770 (0.8936)	Prec @1 0.6719 (0.6847)	
Epoch: [6][300/391]	Time 0.074 (0.088)	Loss 0.7772 (0.8930)	Prec @1 0.7344 (0.6850)	
Epoch: [6][310/391]	Time 0.085 (0.088)	Loss 0.8733 (0.8937)	Prec @1 0.6953 (0.6846)	
Epoch: [6][320/391]	Time 0.093 (0.088)	Loss 0.7098 (0.8933)	Prec @1 0.7891 (0.6848)	
Epoch: [6][330/391]	Time 0.083 (0.088)	Loss 0.9710 (0.8939)	Prec @1 0.6562 (0.6847)	
Epoch: [6][340/391]	Time 0.086 (0.088)	Loss 0.9730 (0.8927)	Prec @1 0.6562 (0.6849)	
Epoch: [6][350/391]	Time 0.106 (0.088)	Loss 0.7829 (0.8911)	Prec @1 0.7188 (0.6853)	
Epoch: [6][360/391]	Time 0.083 (0.088)	Loss 0.8638 (0.8902)	Prec @1 0.6953 (0.6857)	
Epoch: [6][370/391]	Time 0.082 (0.088)	Loss 0.7412 (0.8898)	Prec @1 0.7969 (0.6859)	
Epoch: [6][380/391]	Time 0.102 (0.088)	Loss 0.7558 (0.8904)	Prec @1 0.7812 (0.6860)	
Epoch: [6][390/391]	Time 0.057 (0.088)	Loss 0.8883 (0.8887)	Prec @1 0.6750 (0.6863)	
Epoch: [6][0/100]	Time 0.030 (0.030)	
Epoch: [6][10/100]	Time 0.027 (0.029)	
Epoch: [6][20/100]	Time 0.031 (0.029)	
Epoch: [6][30/100]	Time 0.032 (0.029)	
Epoch: [6][40/100]	Time 0.030 (0.029)	
Epoch: [6][50/100]	Time 0.027 (0.029)	
Epoch: [6][60/100]	Time 0.027 (0.029)	
Epoch: [6][70/100]	Time 0.031 (0.029)	
Epoch: [6][80/100]	Time 0.027 (0.029)	
Epoch: [6][90/100]	Time 0.028 (0.029)	
Accuracy of Class 0: 0.7800
Accuracy of Class 1: 0.9240
Accuracy of Class 2: 0.6770
Accuracy of Class 3: 0.4900
Accuracy of Class 4: 0.6430
Accuracy of Class 5: 0.5150
Accuracy of Class 6: 0.7800
Accuracy of Class 7: 0.8780
Accuracy of Class 8: 0.8880
Accuracy of Class 9: 0.7550
* Prec @1: 0.7330
Epoch: [7][0/391]	Time 0.084 (0.084)	Loss 0.8158 (0.8158)	Prec @1 0.6875 (0.6875)	
Epoch: [7][10/391]	Time 0.081 (0.084)	Loss 0.8774 (0.8842)	Prec @1 0.6719 (0.6818)	
Epoch: [7][20/391]	Time 0.121 (0.086)	Loss 0.8884 (0.8665)	Prec @1 0.6875 (0.6916)	
Epoch: [7][30/391]	Time 0.063 (0.080)	Loss 0.7969 (0.8692)	Prec @1 0.7266 (0.6920)	
Epoch: [7][40/391]	Time 0.056 (0.074)	Loss 0.7802 (0.8633)	Prec @1 0.7344 (0.6955)	
Epoch: [7][50/391]	Time 0.070 (0.072)	Loss 0.8968 (0.8580)	Prec @1 0.6875 (0.6984)	
Epoch: [7][60/391]	Time 0.059 (0.071)	Loss 0.9895 (0.8538)	Prec @1 0.7031 (0.7004)	
Epoch: [7][70/391]	Time 0.076 (0.071)	Loss 0.8855 (0.8581)	Prec @1 0.6797 (0.7009)	
Epoch: [7][80/391]	Time 0.072 (0.072)	Loss 0.8133 (0.8575)	Prec @1 0.7188 (0.6993)	
Epoch: [7][90/391]	Time 0.067 (0.071)	Loss 0.7610 (0.8596)	Prec @1 0.7109 (0.6984)	
Epoch: [7][100/391]	Time 0.070 (0.071)	Loss 0.8175 (0.8629)	Prec @1 0.6875 (0.6962)	
Epoch: [7][110/391]	Time 0.084 (0.072)	Loss 0.9206 (0.8665)	Prec @1 0.6641 (0.6952)	
Epoch: [7][120/391]	Time 0.060 (0.071)	Loss 0.8659 (0.8680)	Prec @1 0.7266 (0.6954)	
Epoch: [7][130/391]	Time 0.058 (0.071)	Loss 0.7581 (0.8655)	Prec @1 0.7031 (0.6958)	
Epoch: [7][140/391]	Time 0.060 (0.070)	Loss 0.8725 (0.8649)	Prec @1 0.7031 (0.6966)	
Epoch: [7][150/391]	Time 0.066 (0.069)	Loss 1.1200 (0.8663)	Prec @1 0.5859 (0.6969)	
Epoch: [7][160/391]	Time 0.071 (0.069)	Loss 0.8805 (0.8648)	Prec @1 0.6484 (0.6969)	
Epoch: [7][170/391]	Time 0.085 (0.071)	Loss 0.8485 (0.8637)	Prec @1 0.7109 (0.6980)	
Epoch: [7][180/391]	Time 0.056 (0.071)	Loss 0.8275 (0.8633)	Prec @1 0.7031 (0.6979)	
Epoch: [7][190/391]	Time 0.137 (0.073)	Loss 0.8398 (0.8617)	Prec @1 0.6797 (0.6986)	
Epoch: [7][200/391]	Time 0.117 (0.074)	Loss 0.9852 (0.8632)	Prec @1 0.6484 (0.6978)	
Epoch: [7][210/391]	Time 0.082 (0.074)	Loss 1.1156 (0.8662)	Prec @1 0.6094 (0.6967)	
Epoch: [7][220/391]	Time 0.083 (0.075)	Loss 0.8597 (0.8648)	Prec @1 0.6953 (0.6973)	
Epoch: [7][230/391]	Time 0.085 (0.076)	Loss 0.7154 (0.8638)	Prec @1 0.7422 (0.6976)	
Epoch: [7][240/391]	Time 0.109 (0.076)	Loss 0.6757 (0.8610)	Prec @1 0.7656 (0.6990)	
Epoch: [7][250/391]	Time 0.087 (0.077)	Loss 0.8073 (0.8585)	Prec @1 0.7031 (0.7003)	
Epoch: [7][260/391]	Time 0.089 (0.077)	Loss 0.7965 (0.8570)	Prec @1 0.7188 (0.7011)	
Epoch: [7][270/391]	Time 0.090 (0.078)	Loss 0.8985 (0.8575)	Prec @1 0.7109 (0.7011)	
Epoch: [7][280/391]	Time 0.089 (0.079)	Loss 0.7430 (0.8566)	Prec @1 0.7109 (0.7011)	
Epoch: [7][290/391]	Time 0.095 (0.079)	Loss 0.9285 (0.8553)	Prec @1 0.6797 (0.7018)	
Epoch: [7][300/391]	Time 0.096 (0.079)	Loss 1.0653 (0.8550)	Prec @1 0.6406 (0.7016)	
Epoch: [7][310/391]	Time 0.093 (0.080)	Loss 0.8792 (0.8540)	Prec @1 0.6484 (0.7018)	
Epoch: [7][320/391]	Time 0.094 (0.080)	Loss 0.9826 (0.8538)	Prec @1 0.6172 (0.7016)	
Epoch: [7][330/391]	Time 0.103 (0.081)	Loss 1.0704 (0.8544)	Prec @1 0.6094 (0.7013)	
Epoch: [7][340/391]	Time 0.103 (0.082)	Loss 0.7410 (0.8543)	Prec @1 0.7422 (0.7019)	
Epoch: [7][350/391]	Time 0.119 (0.082)	Loss 0.7418 (0.8548)	Prec @1 0.7656 (0.7021)	
Epoch: [7][360/391]	Time 0.096 (0.083)	Loss 0.7260 (0.8529)	Prec @1 0.7422 (0.7030)	
Epoch: [7][370/391]	Time 0.091 (0.083)	Loss 0.7222 (0.8528)	Prec @1 0.8125 (0.7031)	
Epoch: [7][380/391]	Time 0.087 (0.083)	Loss 0.8423 (0.8542)	Prec @1 0.7422 (0.7023)	
Epoch: [7][390/391]	Time 0.073 (0.083)	Loss 0.9422 (0.8548)	Prec @1 0.6625 (0.7021)	
Epoch: [7][0/100]	Time 0.038 (0.038)	
Epoch: [7][10/100]	Time 0.027 (0.031)	
Epoch: [7][20/100]	Time 0.032 (0.030)	
Epoch: [7][30/100]	Time 0.028 (0.030)	
Epoch: [7][40/100]	Time 0.027 (0.029)	
Epoch: [7][50/100]	Time 0.027 (0.029)	
Epoch: [7][60/100]	Time 0.030 (0.029)	
Epoch: [7][70/100]	Time 0.032 (0.029)	
Epoch: [7][80/100]	Time 0.034 (0.030)	
Epoch: [7][90/100]	Time 0.038 (0.030)	
Accuracy of Class 0: 0.6460
Accuracy of Class 1: 0.8150
Accuracy of Class 2: 0.3640
Accuracy of Class 3: 0.6110
Accuracy of Class 4: 0.4830
Accuracy of Class 5: 0.7940
Accuracy of Class 6: 0.7950
Accuracy of Class 7: 0.5870
Accuracy of Class 8: 0.7910
Accuracy of Class 9: 0.9260
* Prec @1: 0.6812
Epoch: [8][0/391]	Time 0.099 (0.099)	Loss 0.8179 (0.8179)	Prec @1 0.7031 (0.7031)	
Epoch: [8][10/391]	Time 0.082 (0.098)	Loss 0.6709 (0.8304)	Prec @1 0.7500 (0.7116)	
Epoch: [8][20/391]	Time 0.075 (0.091)	Loss 0.7189 (0.7979)	Prec @1 0.7344 (0.7210)	
Epoch: [8][30/391]	Time 0.082 (0.086)	Loss 0.7975 (0.8206)	Prec @1 0.7266 (0.7137)	
Epoch: [8][40/391]	Time 0.082 (0.085)	Loss 0.7688 (0.8180)	Prec @1 0.6797 (0.7130)	
Epoch: [8][50/391]	Time 0.138 (0.090)	Loss 0.8531 (0.8231)	Prec @1 0.6484 (0.7108)	
Epoch: [8][60/391]	Time 0.064 (0.091)	Loss 0.8791 (0.8294)	Prec @1 0.7188 (0.7102)	
Epoch: [8][70/391]	Time 0.078 (0.088)	Loss 0.8069 (0.8317)	Prec @1 0.6875 (0.7097)	
Epoch: [8][80/391]	Time 0.108 (0.090)	Loss 0.7887 (0.8321)	Prec @1 0.7656 (0.7107)	
Epoch: [8][90/391]	Time 0.092 (0.092)	Loss 0.7597 (0.8253)	Prec @1 0.7500 (0.7145)	
Epoch: [8][100/391]	Time 0.112 (0.093)	Loss 0.7999 (0.8271)	Prec @1 0.7656 (0.7136)	
Epoch: [8][110/391]	Time 0.105 (0.095)	Loss 0.6133 (0.8238)	Prec @1 0.7422 (0.7140)	
Epoch: [8][120/391]	Time 0.113 (0.096)	Loss 0.8599 (0.8221)	Prec @1 0.7422 (0.7147)	
Epoch: [8][130/391]	Time 0.095 (0.096)	Loss 0.9702 (0.8251)	Prec @1 0.6172 (0.7132)	
Epoch: [8][140/391]	Time 0.110 (0.097)	Loss 0.8963 (0.8259)	Prec @1 0.7031 (0.7131)	
Epoch: [8][150/391]	Time 0.118 (0.098)	Loss 0.6531 (0.8238)	Prec @1 0.7969 (0.7147)	
Epoch: [8][160/391]	Time 0.093 (0.098)	Loss 0.8326 (0.8250)	Prec @1 0.7266 (0.7144)	
Epoch: [8][170/391]	Time 0.116 (0.099)	Loss 0.6733 (0.8257)	Prec @1 0.7578 (0.7138)	
Epoch: [8][180/391]	Time 0.104 (0.099)	Loss 0.8938 (0.8245)	Prec @1 0.6797 (0.7140)	
Epoch: [8][190/391]	Time 0.112 (0.099)	Loss 0.8077 (0.8255)	Prec @1 0.7344 (0.7138)	
Epoch: [8][200/391]	Time 0.089 (0.099)	Loss 0.7724 (0.8240)	Prec @1 0.7031 (0.7143)	
Epoch: [8][210/391]	Time 0.096 (0.099)	Loss 0.7343 (0.8230)	Prec @1 0.7109 (0.7146)	
Epoch: [8][220/391]	Time 0.115 (0.100)	Loss 0.6920 (0.8243)	Prec @1 0.7578 (0.7140)	
Epoch: [8][230/391]	Time 0.111 (0.100)	Loss 0.8464 (0.8257)	Prec @1 0.6562 (0.7136)	
Epoch: [8][240/391]	Time 0.089 (0.100)	Loss 0.7903 (0.8258)	Prec @1 0.7031 (0.7134)	
Epoch: [8][250/391]	Time 0.103 (0.100)	Loss 0.7116 (0.8264)	Prec @1 0.7500 (0.7136)	
Epoch: [8][260/391]	Time 0.079 (0.099)	Loss 1.0000 (0.8260)	Prec @1 0.7188 (0.7140)	
Epoch: [8][270/391]	Time 0.131 (0.100)	Loss 0.6710 (0.8245)	Prec @1 0.7656 (0.7145)	
Epoch: [8][280/391]	Time 0.122 (0.100)	Loss 0.8677 (0.8270)	Prec @1 0.6641 (0.7137)	
Epoch: [8][290/391]	Time 0.126 (0.101)	Loss 0.8914 (0.8269)	Prec @1 0.7109 (0.7134)	
Epoch: [8][300/391]	Time 0.086 (0.101)	Loss 0.8692 (0.8276)	Prec @1 0.6953 (0.7134)	
Epoch: [8][310/391]	Time 0.104 (0.101)	Loss 0.8077 (0.8267)	Prec @1 0.7578 (0.7139)	
Epoch: [8][320/391]	Time 0.120 (0.101)	Loss 0.7576 (0.8259)	Prec @1 0.7188 (0.7141)	
Epoch: [8][330/391]	Time 0.101 (0.102)	Loss 0.6735 (0.8247)	Prec @1 0.7969 (0.7144)	
Epoch: [8][340/391]	Time 0.109 (0.102)	Loss 0.7330 (0.8228)	Prec @1 0.7500 (0.7151)	
Epoch: [8][350/391]	Time 0.110 (0.102)	Loss 0.8182 (0.8239)	Prec @1 0.7109 (0.7151)	
Epoch: [8][360/391]	Time 0.098 (0.102)	Loss 0.7904 (0.8239)	Prec @1 0.7266 (0.7153)	
Epoch: [8][370/391]	Time 0.080 (0.101)	Loss 0.7469 (0.8230)	Prec @1 0.7031 (0.7155)	
Epoch: [8][380/391]	Time 0.073 (0.101)	Loss 0.7884 (0.8225)	Prec @1 0.6875 (0.7154)	
Epoch: [8][390/391]	Time 0.060 (0.100)	Loss 0.7403 (0.8228)	Prec @1 0.7375 (0.7148)	
Epoch: [8][0/100]	Time 0.035 (0.035)	
Epoch: [8][10/100]	Time 0.039 (0.032)	
Epoch: [8][20/100]	Time 0.044 (0.038)	
Epoch: [8][30/100]	Time 0.054 (0.040)	
Epoch: [8][40/100]	Time 0.059 (0.043)	
Epoch: [8][50/100]	Time 0.050 (0.044)	
Epoch: [8][60/100]	Time 0.048 (0.044)	
Epoch: [8][70/100]	Time 0.037 (0.043)	
Epoch: [8][80/100]	Time 0.041 (0.043)	
Epoch: [8][90/100]	Time 0.038 (0.042)	
Accuracy of Class 0: 0.7430
Accuracy of Class 1: 0.8740
Accuracy of Class 2: 0.7020
Accuracy of Class 3: 0.5190
Accuracy of Class 4: 0.6900
Accuracy of Class 5: 0.7230
Accuracy of Class 6: 0.7410
Accuracy of Class 7: 0.7990
Accuracy of Class 8: 0.9060
Accuracy of Class 9: 0.7770
* Prec @1: 0.7474
Epoch: [9][0/391]	Time 0.096 (0.096)	Loss 0.8310 (0.8310)	Prec @1 0.7109 (0.7109)	
Epoch: [9][10/391]	Time 0.061 (0.075)	Loss 0.7522 (0.8100)	Prec @1 0.7344 (0.7188)	
Epoch: [9][20/391]	Time 0.076 (0.071)	Loss 0.8172 (0.8059)	Prec @1 0.6797 (0.7180)	
Epoch: [9][30/391]	Time 0.100 (0.080)	Loss 0.8338 (0.7963)	Prec @1 0.7109 (0.7195)	
Epoch: [9][40/391]	Time 0.134 (0.086)	Loss 0.7867 (0.7902)	Prec @1 0.7266 (0.7212)	
Epoch: [9][50/391]	Time 0.107 (0.090)	Loss 0.5420 (0.7858)	Prec @1 0.8125 (0.7240)	
Epoch: [9][60/391]	Time 0.106 (0.093)	Loss 0.8819 (0.7950)	Prec @1 0.6797 (0.7202)	
Epoch: [9][70/391]	Time 0.128 (0.098)	Loss 1.1063 (0.8045)	Prec @1 0.6719 (0.7181)	
Epoch: [9][80/391]	Time 0.129 (0.100)	Loss 0.7445 (0.7989)	Prec @1 0.7344 (0.7192)	
Epoch: [9][90/391]	Time 0.113 (0.102)	Loss 0.7810 (0.8044)	Prec @1 0.6875 (0.7164)	
Epoch: [9][100/391]	Time 0.088 (0.102)	Loss 0.7685 (0.8031)	Prec @1 0.7422 (0.7174)	
Epoch: [9][110/391]	Time 0.121 (0.102)	Loss 0.7178 (0.8040)	Prec @1 0.7656 (0.7177)	
Epoch: [9][120/391]	Time 0.114 (0.103)	Loss 0.7793 (0.8002)	Prec @1 0.7422 (0.7198)	
Epoch: [9][130/391]	Time 0.130 (0.104)	Loss 0.9144 (0.8000)	Prec @1 0.6797 (0.7194)	
Epoch: [9][140/391]	Time 0.112 (0.105)	Loss 0.7986 (0.7982)	Prec @1 0.7031 (0.7200)	
Epoch: [9][150/391]	Time 0.118 (0.105)	Loss 0.7188 (0.7998)	Prec @1 0.7734 (0.7194)	
Epoch: [9][160/391]	Time 0.111 (0.106)	Loss 0.7996 (0.8012)	Prec @1 0.7266 (0.7193)	
Epoch: [9][170/391]	Time 0.117 (0.106)	Loss 0.8183 (0.8028)	Prec @1 0.7344 (0.7187)	
Epoch: [9][180/391]	Time 0.140 (0.107)	Loss 0.8553 (0.8027)	Prec @1 0.6484 (0.7175)	
Epoch: [9][190/391]	Time 0.163 (0.109)	Loss 0.9749 (0.8018)	Prec @1 0.6406 (0.7180)	
Epoch: [9][200/391]	Time 0.088 (0.110)	Loss 0.7742 (0.8017)	Prec @1 0.7266 (0.7178)	
Epoch: [9][210/391]	Time 0.093 (0.109)	Loss 0.8254 (0.8009)	Prec @1 0.6953 (0.7182)	
Epoch: [9][220/391]	Time 0.102 (0.108)	Loss 0.8937 (0.8002)	Prec @1 0.6797 (0.7184)	
Epoch: [9][230/391]	Time 0.101 (0.107)	Loss 0.9261 (0.8013)	Prec @1 0.6562 (0.7177)	
Epoch: [9][240/391]	Time 0.110 (0.108)	Loss 0.9373 (0.8015)	Prec @1 0.7031 (0.7186)	
Epoch: [9][250/391]	Time 0.123 (0.108)	Loss 0.9293 (0.8029)	Prec @1 0.7422 (0.7189)	
Epoch: [9][260/391]	Time 0.122 (0.108)	Loss 0.8429 (0.8044)	Prec @1 0.7109 (0.7183)	
Epoch: [9][270/391]	Time 0.165 (0.109)	Loss 0.8391 (0.8036)	Prec @1 0.7500 (0.7189)	
Epoch: [9][280/391]	Time 0.110 (0.110)	Loss 0.7415 (0.8044)	Prec @1 0.7734 (0.7188)	
Epoch: [9][290/391]	Time 0.079 (0.110)	Loss 0.7384 (0.8023)	Prec @1 0.7500 (0.7192)	
Epoch: [9][300/391]	Time 0.097 (0.110)	Loss 0.7801 (0.8037)	Prec @1 0.7344 (0.7192)	
Epoch: [9][310/391]	Time 0.081 (0.109)	Loss 0.8292 (0.8022)	Prec @1 0.7031 (0.7197)	
Epoch: [9][320/391]	Time 0.105 (0.109)	Loss 0.6956 (0.8016)	Prec @1 0.7734 (0.7201)	
Epoch: [9][330/391]	Time 0.107 (0.109)	Loss 0.7263 (0.8018)	Prec @1 0.7344 (0.7198)	
Epoch: [9][340/391]	Time 0.095 (0.108)	Loss 0.7826 (0.8015)	Prec @1 0.7109 (0.7199)	
Epoch: [9][350/391]	Time 0.110 (0.108)	Loss 0.8145 (0.8013)	Prec @1 0.7031 (0.7202)	
Epoch: [9][360/391]	Time 0.088 (0.108)	Loss 0.9427 (0.8014)	Prec @1 0.7188 (0.7203)	
Epoch: [9][370/391]	Time 0.116 (0.108)	Loss 0.6221 (0.7999)	Prec @1 0.8203 (0.7210)	
Epoch: [9][380/391]	Time 0.105 (0.108)	Loss 0.6095 (0.7999)	Prec @1 0.7969 (0.7211)	
Epoch: [9][390/391]	Time 0.063 (0.108)	Loss 0.7785 (0.7997)	Prec @1 0.7250 (0.7209)	
Epoch: [9][0/100]	Time 0.044 (0.044)	
Epoch: [9][10/100]	Time 0.042 (0.042)	
Epoch: [9][20/100]	Time 0.040 (0.041)	
Epoch: [9][30/100]	Time 0.042 (0.041)	
Epoch: [9][40/100]	Time 0.046 (0.041)	
Epoch: [9][50/100]	Time 0.041 (0.041)	
Epoch: [9][60/100]	Time 0.041 (0.041)	
Epoch: [9][70/100]	Time 0.040 (0.041)	
Epoch: [9][80/100]	Time 0.050 (0.042)	
Epoch: [9][90/100]	Time 0.049 (0.042)	
Accuracy of Class 0: 0.8340
Accuracy of Class 1: 0.9090
Accuracy of Class 2: 0.6700
Accuracy of Class 3: 0.4970
Accuracy of Class 4: 0.8130
Accuracy of Class 5: 0.6680
Accuracy of Class 6: 0.8190
Accuracy of Class 7: 0.8080
Accuracy of Class 8: 0.8650
Accuracy of Class 9: 0.8200
* Prec @1: 0.7703
Epoch: [10][0/391]	Time 0.137 (0.137)	Loss 0.7145 (0.7145)	Prec @1 0.7969 (0.7969)	
Epoch: [10][10/391]	Time 0.109 (0.109)	Loss 0.7753 (0.7369)	Prec @1 0.7188 (0.7379)	
Epoch: [10][20/391]	Time 0.119 (0.108)	Loss 0.6061 (0.7249)	Prec @1 0.7734 (0.7463)	
Epoch: [10][30/391]	Time 0.113 (0.105)	Loss 0.7373 (0.7487)	Prec @1 0.7500 (0.7407)	
Epoch: [10][40/391]	Time 0.105 (0.106)	Loss 0.8075 (0.7654)	Prec @1 0.7031 (0.7342)	
Epoch: [10][50/391]	Time 0.118 (0.106)	Loss 0.8324 (0.7592)	Prec @1 0.7109 (0.7353)	
Epoch: [10][60/391]	Time 0.097 (0.105)	Loss 0.6964 (0.7603)	Prec @1 0.7656 (0.7341)	
Epoch: [10][70/391]	Time 0.124 (0.108)	Loss 0.8364 (0.7691)	Prec @1 0.6641 (0.7302)	
Epoch: [10][80/391]	Time 0.108 (0.108)	Loss 0.8260 (0.7703)	Prec @1 0.7500 (0.7295)	
Epoch: [10][90/391]	Time 0.138 (0.111)	Loss 0.8953 (0.7703)	Prec @1 0.6641 (0.7282)	
Epoch: [10][100/391]	Time 0.107 (0.111)	Loss 0.6904 (0.7724)	Prec @1 0.8047 (0.7280)	
Epoch: [10][110/391]	Time 0.098 (0.110)	Loss 1.0269 (0.7777)	Prec @1 0.6250 (0.7264)	
Epoch: [10][120/391]	Time 0.110 (0.110)	Loss 0.7126 (0.7759)	Prec @1 0.7500 (0.7280)	
Epoch: [10][130/391]	Time 0.117 (0.109)	Loss 0.8841 (0.7791)	Prec @1 0.6641 (0.7270)	
Epoch: [10][140/391]	Time 0.119 (0.109)	Loss 0.7541 (0.7776)	Prec @1 0.7109 (0.7276)	
Epoch: [10][150/391]	Time 0.104 (0.108)	Loss 0.7106 (0.7769)	Prec @1 0.7578 (0.7282)	
Epoch: [10][160/391]	Time 0.132 (0.108)	Loss 0.7281 (0.7754)	Prec @1 0.7109 (0.7283)	
Epoch: [10][170/391]	Time 0.108 (0.109)	Loss 0.7398 (0.7716)	Prec @1 0.7656 (0.7292)	
Epoch: [10][180/391]	Time 0.101 (0.108)	Loss 0.6472 (0.7696)	Prec @1 0.8047 (0.7307)	
Epoch: [10][190/391]	Time 0.107 (0.108)	Loss 0.6840 (0.7687)	Prec @1 0.7578 (0.7314)	
Epoch: [10][200/391]	Time 0.101 (0.108)	Loss 0.9741 (0.7690)	Prec @1 0.7422 (0.7317)	
Epoch: [10][210/391]	Time 0.098 (0.108)	Loss 0.8075 (0.7683)	Prec @1 0.7422 (0.7321)	
Epoch: [10][220/391]	Time 0.102 (0.108)	Loss 0.7211 (0.7682)	Prec @1 0.7422 (0.7329)	
Epoch: [10][230/391]	Time 0.091 (0.107)	Loss 0.7027 (0.7670)	Prec @1 0.7578 (0.7333)	
Epoch: [10][240/391]	Time 0.115 (0.107)	Loss 0.7882 (0.7669)	Prec @1 0.7188 (0.7331)	
Epoch: [10][250/391]	Time 0.133 (0.108)	Loss 0.7359 (0.7646)	Prec @1 0.7422 (0.7338)	
Epoch: [10][260/391]	Time 0.109 (0.109)	Loss 0.7469 (0.7636)	Prec @1 0.7266 (0.7344)	
Epoch: [10][270/391]	Time 0.096 (0.108)	Loss 0.8638 (0.7634)	Prec @1 0.7266 (0.7343)	
Epoch: [10][280/391]	Time 0.126 (0.109)	Loss 0.7340 (0.7649)	Prec @1 0.7500 (0.7338)	
Epoch: [10][290/391]	Time 0.158 (0.110)	Loss 0.7114 (0.7642)	Prec @1 0.7344 (0.7334)	
Epoch: [10][300/391]	Time 0.075 (0.110)	Loss 0.7099 (0.7641)	Prec @1 0.7500 (0.7339)	
Epoch: [10][310/391]	Time 0.090 (0.109)	Loss 0.8092 (0.7638)	Prec @1 0.7266 (0.7338)	
Epoch: [10][320/391]	Time 0.086 (0.109)	Loss 0.7693 (0.7641)	Prec @1 0.7344 (0.7338)	
Epoch: [10][330/391]	Time 0.128 (0.108)	Loss 0.8399 (0.7660)	Prec @1 0.7109 (0.7328)	
Epoch: [10][340/391]	Time 0.122 (0.108)	Loss 0.9002 (0.7677)	Prec @1 0.6875 (0.7323)	
Epoch: [10][350/391]	Time 0.108 (0.108)	Loss 0.8084 (0.7678)	Prec @1 0.7109 (0.7323)	
Epoch: [10][360/391]	Time 0.110 (0.108)	Loss 0.9890 (0.7684)	Prec @1 0.6562 (0.7322)	
Epoch: [10][370/391]	Time 0.110 (0.108)	Loss 0.7636 (0.7691)	Prec @1 0.7344 (0.7317)	
Epoch: [10][380/391]	Time 0.114 (0.108)	Loss 0.7100 (0.7695)	Prec @1 0.8125 (0.7314)	
Epoch: [10][390/391]	Time 0.073 (0.108)	Loss 0.6394 (0.7693)	Prec @1 0.7875 (0.7311)	
Epoch: [10][0/100]	Time 0.045 (0.045)	
Epoch: [10][10/100]	Time 0.052 (0.051)	
Epoch: [10][20/100]	Time 0.059 (0.054)	
Epoch: [10][30/100]	Time 0.053 (0.054)	
Epoch: [10][40/100]	Time 0.053 (0.054)	
Epoch: [10][50/100]	Time 0.052 (0.054)	
Epoch: [10][60/100]	Time 0.054 (0.054)	
Epoch: [10][70/100]	Time 0.060 (0.054)	
Epoch: [10][80/100]	Time 0.050 (0.054)	
Epoch: [10][90/100]	Time 0.062 (0.054)	
Accuracy of Class 0: 0.7910
Accuracy of Class 1: 0.9080
Accuracy of Class 2: 0.6500
Accuracy of Class 3: 0.3900
Accuracy of Class 4: 0.7220
Accuracy of Class 5: 0.7920
Accuracy of Class 6: 0.8510
Accuracy of Class 7: 0.8940
Accuracy of Class 8: 0.8300
Accuracy of Class 9: 0.8710
* Prec @1: 0.7699
Epoch: [11][0/391]	Time 0.144 (0.144)	Loss 0.6764 (0.6764)	Prec @1 0.7812 (0.7812)	
Epoch: [11][10/391]	Time 0.144 (0.146)	Loss 0.6466 (0.7695)	Prec @1 0.7812 (0.7415)	
Epoch: [11][20/391]	Time 0.150 (0.152)	Loss 0.8144 (0.7595)	Prec @1 0.7188 (0.7433)	
Epoch: [11][30/391]	Time 0.142 (0.148)	Loss 0.7407 (0.7691)	Prec @1 0.7734 (0.7374)	
Epoch: [11][40/391]	Time 0.138 (0.144)	Loss 0.6628 (0.7668)	Prec @1 0.7734 (0.7367)	
Epoch: [11][50/391]	Time 0.132 (0.142)	Loss 0.6107 (0.7593)	Prec @1 0.7891 (0.7374)	
Epoch: [11][60/391]	Time 0.122 (0.140)	Loss 0.7834 (0.7556)	Prec @1 0.7266 (0.7401)	
Epoch: [11][70/391]	Time 0.200 (0.140)	Loss 0.7130 (0.7592)	Prec @1 0.7266 (0.7365)	
Epoch: [11][80/391]	Time 0.126 (0.138)	Loss 0.6841 (0.7539)	Prec @1 0.7734 (0.7378)	
Epoch: [11][90/391]	Time 0.116 (0.137)	Loss 0.8115 (0.7545)	Prec @1 0.6875 (0.7371)	
Epoch: [11][100/391]	Time 0.112 (0.135)	Loss 0.7532 (0.7529)	Prec @1 0.6953 (0.7373)	
Epoch: [11][110/391]	Time 0.117 (0.133)	Loss 0.7060 (0.7516)	Prec @1 0.7500 (0.7381)	
Epoch: [11][120/391]	Time 0.114 (0.132)	Loss 0.7879 (0.7521)	Prec @1 0.7422 (0.7382)	
Epoch: [11][130/391]	Time 0.130 (0.131)	Loss 0.6332 (0.7489)	Prec @1 0.8047 (0.7402)	
Epoch: [11][140/391]	Time 0.125 (0.130)	Loss 0.7194 (0.7477)	Prec @1 0.7812 (0.7403)	
Epoch: [11][150/391]	Time 0.119 (0.129)	Loss 0.6274 (0.7479)	Prec @1 0.7578 (0.7402)	
Epoch: [11][160/391]	Time 0.111 (0.129)	Loss 0.7388 (0.7485)	Prec @1 0.7109 (0.7402)	
Epoch: [11][170/391]	Time 0.111 (0.129)	Loss 0.7420 (0.7496)	Prec @1 0.7734 (0.7398)	
Epoch: [11][180/391]	Time 0.130 (0.129)	Loss 0.6595 (0.7484)	Prec @1 0.7500 (0.7402)	
Epoch: [11][190/391]	Time 0.125 (0.130)	Loss 0.7898 (0.7482)	Prec @1 0.7656 (0.7407)	
Epoch: [11][200/391]	Time 0.144 (0.131)	Loss 0.7573 (0.7499)	Prec @1 0.6953 (0.7404)	
Epoch: [11][210/391]	Time 0.141 (0.132)	Loss 0.7237 (0.7477)	Prec @1 0.7500 (0.7411)	
Epoch: [11][220/391]	Time 0.150 (0.133)	Loss 0.6801 (0.7499)	Prec @1 0.7344 (0.7397)	
Epoch: [11][230/391]	Time 0.110 (0.132)	Loss 0.7381 (0.7509)	Prec @1 0.7891 (0.7389)	
Epoch: [11][240/391]	Time 0.117 (0.132)	Loss 0.7644 (0.7517)	Prec @1 0.7344 (0.7388)	
Epoch: [11][250/391]	Time 0.135 (0.132)	Loss 0.8476 (0.7515)	Prec @1 0.6875 (0.7392)	
Epoch: [11][260/391]	Time 0.131 (0.132)	Loss 0.8109 (0.7525)	Prec @1 0.7266 (0.7394)	
Epoch: [11][270/391]	Time 0.131 (0.131)	Loss 0.7087 (0.7515)	Prec @1 0.7891 (0.7400)	
Epoch: [11][280/391]	Time 0.104 (0.131)	Loss 0.6506 (0.7509)	Prec @1 0.7500 (0.7401)	
Epoch: [11][290/391]	Time 0.122 (0.130)	Loss 0.6572 (0.7505)	Prec @1 0.7656 (0.7404)	
Epoch: [11][300/391]	Time 0.102 (0.130)	Loss 0.6876 (0.7499)	Prec @1 0.7656 (0.7405)	
Epoch: [11][310/391]	Time 0.106 (0.129)	Loss 0.6454 (0.7493)	Prec @1 0.8203 (0.7406)	
Epoch: [11][320/391]	Time 0.116 (0.128)	Loss 0.5783 (0.7489)	Prec @1 0.8047 (0.7406)	
Epoch: [11][330/391]	Time 0.107 (0.128)	Loss 0.6738 (0.7490)	Prec @1 0.7656 (0.7403)	
Epoch: [11][340/391]	Time 0.128 (0.127)	Loss 0.8574 (0.7499)	Prec @1 0.6953 (0.7401)	
Epoch: [11][350/391]	Time 0.132 (0.127)	Loss 0.8284 (0.7510)	Prec @1 0.7344 (0.7399)	
Epoch: [11][360/391]	Time 0.079 (0.128)	Loss 0.7217 (0.7503)	Prec @1 0.7422 (0.7399)	
Epoch: [11][370/391]	Time 0.079 (0.127)	Loss 0.7540 (0.7507)	Prec @1 0.7422 (0.7398)	
Epoch: [11][380/391]	Time 0.073 (0.125)	Loss 0.6824 (0.7511)	Prec @1 0.7578 (0.7396)	
Epoch: [11][390/391]	Time 0.064 (0.125)	Loss 0.8251 (0.7506)	Prec @1 0.6500 (0.7396)	
Epoch: [11][0/100]	Time 0.038 (0.038)	
Epoch: [11][10/100]	Time 0.030 (0.032)	
Epoch: [11][20/100]	Time 0.031 (0.031)	
Epoch: [11][30/100]	Time 0.033 (0.031)	
Epoch: [11][40/100]	Time 0.031 (0.031)	
Epoch: [11][50/100]	Time 0.030 (0.031)	
Epoch: [11][60/100]	Time 0.033 (0.032)	
Epoch: [11][70/100]	Time 0.030 (0.032)	
Epoch: [11][80/100]	Time 0.030 (0.032)	
Epoch: [11][90/100]	Time 0.028 (0.031)	
Accuracy of Class 0: 0.7120
Accuracy of Class 1: 0.8930
Accuracy of Class 2: 0.6320
Accuracy of Class 3: 0.5790
Accuracy of Class 4: 0.8590
Accuracy of Class 5: 0.6280
Accuracy of Class 6: 0.8210
Accuracy of Class 7: 0.7680
Accuracy of Class 8: 0.9550
Accuracy of Class 9: 0.8540
* Prec @1: 0.7701
Epoch: [12][0/391]	Time 0.091 (0.091)	Loss 0.7549 (0.7549)	Prec @1 0.7031 (0.7031)	
Epoch: [12][10/391]	Time 0.087 (0.087)	Loss 0.7521 (0.7096)	Prec @1 0.7500 (0.7614)	
Epoch: [12][20/391]	Time 0.094 (0.088)	Loss 0.7386 (0.6997)	Prec @1 0.7422 (0.7623)	
Epoch: [12][30/391]	Time 0.085 (0.087)	Loss 0.8447 (0.7155)	Prec @1 0.7266 (0.7560)	
Epoch: [12][40/391]	Time 0.087 (0.086)	Loss 0.7360 (0.7141)	Prec @1 0.7656 (0.7523)	
Epoch: [12][50/391]	Time 0.080 (0.087)	Loss 0.7627 (0.7156)	Prec @1 0.7500 (0.7514)	
Epoch: [12][60/391]	Time 0.085 (0.086)	Loss 0.8142 (0.7205)	Prec @1 0.7109 (0.7483)	
Epoch: [12][70/391]	Time 0.082 (0.086)	Loss 0.7235 (0.7157)	Prec @1 0.7344 (0.7482)	
Epoch: [12][80/391]	Time 0.084 (0.086)	Loss 0.5684 (0.7110)	Prec @1 0.7891 (0.7491)	
Epoch: [12][90/391]	Time 0.086 (0.086)	Loss 0.8345 (0.7105)	Prec @1 0.7422 (0.7502)	
Epoch: [12][100/391]	Time 0.096 (0.087)	Loss 0.8445 (0.7142)	Prec @1 0.6875 (0.7489)	
Epoch: [12][110/391]	Time 0.112 (0.089)	Loss 0.6816 (0.7152)	Prec @1 0.7266 (0.7488)	
Epoch: [12][120/391]	Time 0.087 (0.092)	Loss 0.7569 (0.7183)	Prec @1 0.7188 (0.7470)	
Epoch: [12][130/391]	Time 0.105 (0.093)	Loss 0.6943 (0.7151)	Prec @1 0.7500 (0.7487)	
Epoch: [12][140/391]	Time 0.096 (0.093)	Loss 0.8274 (0.7160)	Prec @1 0.7656 (0.7486)	
Epoch: [12][150/391]	Time 0.130 (0.094)	Loss 0.6855 (0.7156)	Prec @1 0.7734 (0.7484)	
Epoch: [12][160/391]	Time 0.115 (0.096)	Loss 0.7370 (0.7152)	Prec @1 0.7656 (0.7496)	
Epoch: [12][170/391]	Time 0.088 (0.095)	Loss 0.7979 (0.7134)	Prec @1 0.7344 (0.7505)	
Epoch: [12][180/391]	Time 0.088 (0.095)	Loss 0.7715 (0.7127)	Prec @1 0.7188 (0.7510)	
Epoch: [12][190/391]	Time 0.083 (0.094)	Loss 0.7511 (0.7159)	Prec @1 0.7188 (0.7498)	
Epoch: [12][200/391]	Time 0.083 (0.094)	Loss 0.7278 (0.7178)	Prec @1 0.7266 (0.7489)	
Epoch: [12][210/391]	Time 0.080 (0.094)	Loss 0.9332 (0.7181)	Prec @1 0.7344 (0.7486)	
Epoch: [12][220/391]	Time 0.102 (0.093)	Loss 0.7207 (0.7181)	Prec @1 0.7344 (0.7486)	
Epoch: [12][230/391]	Time 0.090 (0.093)	Loss 0.7382 (0.7204)	Prec @1 0.7812 (0.7477)	
Epoch: [12][240/391]	Time 0.085 (0.093)	Loss 0.8958 (0.7216)	Prec @1 0.6641 (0.7476)	
Epoch: [12][250/391]	Time 0.084 (0.093)	Loss 0.6923 (0.7210)	Prec @1 0.7891 (0.7481)	
Epoch: [12][260/391]	Time 0.091 (0.092)	Loss 0.7594 (0.7201)	Prec @1 0.7656 (0.7486)	
Epoch: [12][270/391]	Time 0.086 (0.092)	Loss 0.6531 (0.7209)	Prec @1 0.7734 (0.7484)	
Epoch: [12][280/391]	Time 0.090 (0.092)	Loss 0.5628 (0.7217)	Prec @1 0.8047 (0.7487)	
Epoch: [12][290/391]	Time 0.085 (0.092)	Loss 0.7539 (0.7213)	Prec @1 0.7578 (0.7492)	
Epoch: [12][300/391]	Time 0.084 (0.092)	Loss 0.9611 (0.7210)	Prec @1 0.6875 (0.7495)	
Epoch: [12][310/391]	Time 0.087 (0.092)	Loss 0.7428 (0.7210)	Prec @1 0.7422 (0.7495)	
Epoch: [12][320/391]	Time 0.089 (0.092)	Loss 0.7130 (0.7213)	Prec @1 0.7734 (0.7498)	
Epoch: [12][330/391]	Time 0.080 (0.092)	Loss 0.5934 (0.7208)	Prec @1 0.8203 (0.7501)	
Epoch: [12][340/391]	Time 0.085 (0.092)	Loss 0.5979 (0.7210)	Prec @1 0.8047 (0.7500)	
Epoch: [12][350/391]	Time 0.089 (0.091)	Loss 0.6716 (0.7207)	Prec @1 0.7266 (0.7499)	
Epoch: [12][360/391]	Time 0.102 (0.091)	Loss 0.6828 (0.7204)	Prec @1 0.7812 (0.7502)	
Epoch: [12][370/391]	Time 0.089 (0.091)	Loss 0.6350 (0.7207)	Prec @1 0.7578 (0.7501)	
Epoch: [12][380/391]	Time 0.093 (0.091)	Loss 0.6722 (0.7226)	Prec @1 0.8203 (0.7495)	
Epoch: [12][390/391]	Time 0.060 (0.091)	Loss 0.5620 (0.7218)	Prec @1 0.8125 (0.7495)	
Epoch: [12][0/100]	Time 0.038 (0.038)	
Epoch: [12][10/100]	Time 0.027 (0.034)	
Epoch: [12][20/100]	Time 0.027 (0.032)	
Epoch: [12][30/100]	Time 0.030 (0.031)	
Epoch: [12][40/100]	Time 0.029 (0.031)	
Epoch: [12][50/100]	Time 0.029 (0.031)	
Epoch: [12][60/100]	Time 0.029 (0.030)	
Epoch: [12][70/100]	Time 0.030 (0.030)	
Epoch: [12][80/100]	Time 0.029 (0.030)	
Epoch: [12][90/100]	Time 0.029 (0.030)	
Accuracy of Class 0: 0.8140
Accuracy of Class 1: 0.8510
Accuracy of Class 2: 0.7170
Accuracy of Class 3: 0.5520
Accuracy of Class 4: 0.8110
Accuracy of Class 5: 0.6240
Accuracy of Class 6: 0.9050
Accuracy of Class 7: 0.7510
Accuracy of Class 8: 0.9180
Accuracy of Class 9: 0.8540
* Prec @1: 0.7797
Epoch: [13][0/391]	Time 0.084 (0.084)	Loss 0.5698 (0.5698)	Prec @1 0.8125 (0.8125)	
Epoch: [13][10/391]	Time 0.088 (0.085)	Loss 0.7301 (0.6706)	Prec @1 0.7422 (0.7678)	
Epoch: [13][20/391]	Time 0.091 (0.087)	Loss 0.6056 (0.7033)	Prec @1 0.7812 (0.7563)	
Epoch: [13][30/391]	Time 0.095 (0.088)	Loss 0.4939 (0.7068)	Prec @1 0.8438 (0.7560)	
Epoch: [13][40/391]	Time 0.087 (0.088)	Loss 0.8120 (0.7123)	Prec @1 0.7109 (0.7506)	
Epoch: [13][50/391]	Time 0.082 (0.090)	Loss 0.7104 (0.7116)	Prec @1 0.7578 (0.7505)	
Epoch: [13][60/391]	Time 0.099 (0.089)	Loss 0.5336 (0.7113)	Prec @1 0.8359 (0.7506)	
Epoch: [13][70/391]	Time 0.087 (0.089)	Loss 0.7391 (0.7103)	Prec @1 0.7656 (0.7518)	
Epoch: [13][80/391]	Time 0.090 (0.089)	Loss 0.7986 (0.7148)	Prec @1 0.7266 (0.7518)	
Epoch: [13][90/391]	Time 0.085 (0.089)	Loss 0.6473 (0.7127)	Prec @1 0.7969 (0.7527)	
Epoch: [13][100/391]	Time 0.089 (0.089)	Loss 0.6829 (0.7088)	Prec @1 0.7344 (0.7539)	
Epoch: [13][110/391]	Time 0.079 (0.089)	Loss 0.5428 (0.7009)	Prec @1 0.7969 (0.7568)	
Epoch: [13][120/391]	Time 0.084 (0.089)	Loss 0.8109 (0.7014)	Prec @1 0.7188 (0.7557)	
Epoch: [13][130/391]	Time 0.094 (0.089)	Loss 0.7619 (0.7027)	Prec @1 0.7109 (0.7555)	
Epoch: [13][140/391]	Time 0.089 (0.089)	Loss 0.7238 (0.7034)	Prec @1 0.7656 (0.7554)	
Epoch: [13][150/391]	Time 0.088 (0.089)	Loss 0.8019 (0.7040)	Prec @1 0.7266 (0.7557)	
Epoch: [13][160/391]	Time 0.087 (0.089)	Loss 0.7923 (0.7030)	Prec @1 0.7266 (0.7565)	
Epoch: [13][170/391]	Time 0.092 (0.090)	Loss 0.7532 (0.7036)	Prec @1 0.7188 (0.7563)	
Epoch: [13][180/391]	Time 0.093 (0.090)	Loss 0.7391 (0.7024)	Prec @1 0.7500 (0.7566)	
Epoch: [13][190/391]	Time 0.095 (0.090)	Loss 0.8286 (0.7033)	Prec @1 0.7031 (0.7554)	
Epoch: [13][200/391]	Time 0.091 (0.090)	Loss 0.5945 (0.7032)	Prec @1 0.7969 (0.7559)	
Epoch: [13][210/391]	Time 0.087 (0.090)	Loss 0.7614 (0.7048)	Prec @1 0.7500 (0.7553)	
Epoch: [13][220/391]	Time 0.083 (0.090)	Loss 0.4987 (0.7021)	Prec @1 0.8047 (0.7567)	
Epoch: [13][230/391]	Time 0.089 (0.090)	Loss 0.5456 (0.7000)	Prec @1 0.8359 (0.7578)	
Epoch: [13][240/391]	Time 0.089 (0.090)	Loss 0.7931 (0.7010)	Prec @1 0.7188 (0.7576)	
Epoch: [13][250/391]	Time 0.086 (0.090)	Loss 0.6399 (0.7020)	Prec @1 0.7734 (0.7572)	
Epoch: [13][260/391]	Time 0.087 (0.090)	Loss 0.8275 (0.7031)	Prec @1 0.7031 (0.7565)	
Epoch: [13][270/391]	Time 0.080 (0.090)	Loss 0.8301 (0.7043)	Prec @1 0.7500 (0.7561)	
Epoch: [13][280/391]	Time 0.089 (0.090)	Loss 0.7381 (0.7051)	Prec @1 0.7578 (0.7562)	
Epoch: [13][290/391]	Time 0.086 (0.090)	Loss 0.7276 (0.7065)	Prec @1 0.7266 (0.7560)	
Epoch: [13][300/391]	Time 0.078 (0.090)	Loss 0.6409 (0.7060)	Prec @1 0.7969 (0.7564)	
Epoch: [13][310/391]	Time 0.102 (0.090)	Loss 0.6046 (0.7055)	Prec @1 0.8359 (0.7570)	
Epoch: [13][320/391]	Time 0.117 (0.090)	Loss 0.8637 (0.7065)	Prec @1 0.7031 (0.7566)	
Epoch: [13][330/391]	Time 0.106 (0.090)	Loss 0.7640 (0.7070)	Prec @1 0.7344 (0.7566)	
Epoch: [13][340/391]	Time 0.090 (0.090)	Loss 0.8086 (0.7075)	Prec @1 0.7266 (0.7568)	
Epoch: [13][350/391]	Time 0.078 (0.090)	Loss 0.6385 (0.7074)	Prec @1 0.7656 (0.7569)	
Epoch: [13][360/391]	Time 0.094 (0.091)	Loss 0.6366 (0.7076)	Prec @1 0.8203 (0.7569)	
Epoch: [13][370/391]	Time 0.094 (0.091)	Loss 0.6929 (0.7070)	Prec @1 0.7734 (0.7574)	
Epoch: [13][380/391]	Time 0.091 (0.091)	Loss 0.7175 (0.7065)	Prec @1 0.7422 (0.7577)	
Epoch: [13][390/391]	Time 0.073 (0.091)	Loss 0.6989 (0.7054)	Prec @1 0.7125 (0.7579)	
Epoch: [13][0/100]	Time 0.034 (0.034)	
Epoch: [13][10/100]	Time 0.026 (0.031)	
Epoch: [13][20/100]	Time 0.029 (0.030)	
Epoch: [13][30/100]	Time 0.031 (0.030)	
Epoch: [13][40/100]	Time 0.031 (0.030)	
Epoch: [13][50/100]	Time 0.032 (0.030)	
Epoch: [13][60/100]	Time 0.025 (0.029)	
Epoch: [13][70/100]	Time 0.016 (0.029)	
Epoch: [13][80/100]	Time 0.033 (0.029)	
Epoch: [13][90/100]	Time 0.029 (0.029)	
Accuracy of Class 0: 0.7620
Accuracy of Class 1: 0.8710
Accuracy of Class 2: 0.6960
Accuracy of Class 3: 0.6360
Accuracy of Class 4: 0.7800
Accuracy of Class 5: 0.6840
Accuracy of Class 6: 0.8510
Accuracy of Class 7: 0.7760
Accuracy of Class 8: 0.8980
Accuracy of Class 9: 0.9330
* Prec @1: 0.7887
Epoch: [14][0/391]	Time 0.091 (0.091)	Loss 0.5066 (0.5066)	Prec @1 0.8359 (0.8359)	
Epoch: [14][10/391]	Time 0.073 (0.089)	Loss 0.6518 (0.6587)	Prec @1 0.7656 (0.7635)	
Epoch: [14][20/391]	Time 0.096 (0.087)	Loss 0.6004 (0.6801)	Prec @1 0.8125 (0.7649)	
Epoch: [14][30/391]	Time 0.092 (0.093)	Loss 0.7000 (0.7024)	Prec @1 0.7500 (0.7583)	
Epoch: [14][40/391]	Time 0.081 (0.096)	Loss 0.7583 (0.6943)	Prec @1 0.7422 (0.7626)	
Epoch: [14][50/391]	Time 0.080 (0.095)	Loss 0.6367 (0.6891)	Prec @1 0.7891 (0.7639)	
Epoch: [14][60/391]	Time 0.103 (0.095)	Loss 0.8103 (0.6900)	Prec @1 0.7734 (0.7637)	
Epoch: [14][70/391]	Time 0.092 (0.096)	Loss 0.6944 (0.6913)	Prec @1 0.7656 (0.7629)	
Epoch: [14][80/391]	Time 0.095 (0.095)	Loss 0.6054 (0.6953)	Prec @1 0.7734 (0.7620)	
Epoch: [14][90/391]	Time 0.089 (0.095)	Loss 0.6969 (0.6950)	Prec @1 0.7812 (0.7614)	
Epoch: [14][100/391]	Time 0.083 (0.095)	Loss 0.6770 (0.6969)	Prec @1 0.7812 (0.7613)	
Epoch: [14][110/391]	Time 0.095 (0.096)	Loss 0.7046 (0.6980)	Prec @1 0.7812 (0.7617)	
Epoch: [14][120/391]	Time 0.094 (0.096)	Loss 0.5695 (0.6980)	Prec @1 0.7734 (0.7608)	
Epoch: [14][130/391]	Time 0.106 (0.097)	Loss 0.6603 (0.6992)	Prec @1 0.7422 (0.7604)	
Epoch: [14][140/391]	Time 0.095 (0.097)	Loss 0.6597 (0.6980)	Prec @1 0.7891 (0.7604)	
Epoch: [14][150/391]	Time 0.092 (0.098)	Loss 0.6434 (0.6953)	Prec @1 0.7500 (0.7610)	
Epoch: [14][160/391]	Time 0.107 (0.098)	Loss 0.7169 (0.6899)	Prec @1 0.8203 (0.7636)	
Epoch: [14][170/391]	Time 0.110 (0.099)	Loss 0.6993 (0.6882)	Prec @1 0.7344 (0.7638)	
Epoch: [14][180/391]	Time 0.109 (0.099)	Loss 0.6440 (0.6843)	Prec @1 0.7578 (0.7655)	
Epoch: [14][190/391]	Time 0.094 (0.099)	Loss 0.5893 (0.6848)	Prec @1 0.7578 (0.7649)	
Epoch: [14][200/391]	Time 0.078 (0.098)	Loss 0.4947 (0.6843)	Prec @1 0.8672 (0.7658)	
Epoch: [14][210/391]	Time 0.081 (0.098)	Loss 0.6426 (0.6842)	Prec @1 0.7734 (0.7657)	
Epoch: [14][220/391]	Time 0.091 (0.097)	Loss 0.7982 (0.6870)	Prec @1 0.7344 (0.7651)	
Epoch: [14][230/391]	Time 0.111 (0.097)	Loss 0.7200 (0.6864)	Prec @1 0.7188 (0.7649)	
Epoch: [14][240/391]	Time 0.082 (0.097)	Loss 0.8336 (0.6904)	Prec @1 0.6953 (0.7638)	
Epoch: [14][250/391]	Time 0.112 (0.097)	Loss 0.8469 (0.6902)	Prec @1 0.6953 (0.7640)	
Epoch: [14][260/391]	Time 0.086 (0.097)	Loss 0.6912 (0.6895)	Prec @1 0.7344 (0.7640)	
Epoch: [14][270/391]	Time 0.091 (0.097)	Loss 0.5783 (0.6875)	Prec @1 0.7969 (0.7648)	
Epoch: [14][280/391]	Time 0.096 (0.096)	Loss 0.7905 (0.6872)	Prec @1 0.6719 (0.7646)	
Epoch: [14][290/391]	Time 0.083 (0.096)	Loss 0.8408 (0.6881)	Prec @1 0.7422 (0.7647)	
Epoch: [14][300/391]	Time 0.081 (0.096)	Loss 0.5816 (0.6887)	Prec @1 0.8203 (0.7646)	
Epoch: [14][310/391]	Time 0.110 (0.096)	Loss 0.8262 (0.6897)	Prec @1 0.7031 (0.7641)	
Epoch: [14][320/391]	Time 0.107 (0.096)	Loss 0.8087 (0.6893)	Prec @1 0.6953 (0.7644)	
Epoch: [14][330/391]	Time 0.109 (0.096)	Loss 0.7748 (0.6883)	Prec @1 0.6953 (0.7644)	
Epoch: [14][340/391]	Time 0.106 (0.096)	Loss 0.6573 (0.6876)	Prec @1 0.7734 (0.7643)	
Epoch: [14][350/391]	Time 0.087 (0.096)	Loss 0.5847 (0.6875)	Prec @1 0.7812 (0.7645)	
Epoch: [14][360/391]	Time 0.085 (0.096)	Loss 0.8381 (0.6867)	Prec @1 0.7500 (0.7646)	
Epoch: [14][370/391]	Time 0.120 (0.096)	Loss 0.5307 (0.6857)	Prec @1 0.8359 (0.7651)	
Epoch: [14][380/391]	Time 0.079 (0.096)	Loss 0.7211 (0.6853)	Prec @1 0.7578 (0.7651)	
Epoch: [14][390/391]	Time 0.066 (0.096)	Loss 0.6676 (0.6850)	Prec @1 0.8250 (0.7657)	
Epoch: [14][0/100]	Time 0.035 (0.035)	
Epoch: [14][10/100]	Time 0.034 (0.032)	
Epoch: [14][20/100]	Time 0.031 (0.031)	
Epoch: [14][30/100]	Time 0.024 (0.030)	
Epoch: [14][40/100]	Time 0.030 (0.030)	
Epoch: [14][50/100]	Time 0.028 (0.030)	
Epoch: [14][60/100]	Time 0.035 (0.030)	
Epoch: [14][70/100]	Time 0.029 (0.030)	
Epoch: [14][80/100]	Time 0.027 (0.030)	
Epoch: [14][90/100]	Time 0.024 (0.029)	
Accuracy of Class 0: 0.8380
Accuracy of Class 1: 0.9080
Accuracy of Class 2: 0.6830
Accuracy of Class 3: 0.6460
Accuracy of Class 4: 0.7170
Accuracy of Class 5: 0.5320
Accuracy of Class 6: 0.9220
Accuracy of Class 7: 0.7840
Accuracy of Class 8: 0.9210
Accuracy of Class 9: 0.8370
* Prec @1: 0.7788
Epoch: [15][0/391]	Time 0.083 (0.083)	Loss 0.9455 (0.9455)	Prec @1 0.7109 (0.7109)	
Epoch: [15][10/391]	Time 0.082 (0.089)	Loss 0.5955 (0.6959)	Prec @1 0.8125 (0.7692)	
Epoch: [15][20/391]	Time 0.087 (0.091)	Loss 0.7675 (0.6788)	Prec @1 0.7422 (0.7734)	
Epoch: [15][30/391]	Time 0.127 (0.092)	Loss 0.6084 (0.6534)	Prec @1 0.7656 (0.7792)	
Epoch: [15][40/391]	Time 0.117 (0.095)	Loss 0.4958 (0.6390)	Prec @1 0.8125 (0.7826)	
Epoch: [15][50/391]	Time 0.085 (0.094)	Loss 0.6246 (0.6328)	Prec @1 0.7891 (0.7832)	
Epoch: [15][60/391]	Time 0.089 (0.094)	Loss 0.5206 (0.6258)	Prec @1 0.8359 (0.7841)	
Epoch: [15][70/391]	Time 0.097 (0.095)	Loss 0.5523 (0.6275)	Prec @1 0.8125 (0.7851)	
Epoch: [15][80/391]	Time 0.081 (0.095)	Loss 0.6309 (0.6259)	Prec @1 0.7891 (0.7863)	
Epoch: [15][90/391]	Time 0.095 (0.095)	Loss 0.5571 (0.6195)	Prec @1 0.8047 (0.7886)	
Epoch: [15][100/391]	Time 0.079 (0.095)	Loss 0.6424 (0.6213)	Prec @1 0.7344 (0.7869)	
Epoch: [15][110/391]	Time 0.112 (0.095)	Loss 0.4858 (0.6225)	Prec @1 0.8203 (0.7858)	
Epoch: [15][120/391]	Time 0.084 (0.095)	Loss 0.5618 (0.6258)	Prec @1 0.7891 (0.7840)	
Epoch: [15][130/391]	Time 0.095 (0.096)	Loss 0.5932 (0.6253)	Prec @1 0.7578 (0.7829)	
Epoch: [15][140/391]	Time 0.085 (0.095)	Loss 0.5338 (0.6232)	Prec @1 0.8438 (0.7837)	
Epoch: [15][150/391]	Time 0.112 (0.095)	Loss 0.4991 (0.6214)	Prec @1 0.8125 (0.7847)	
Epoch: [15][160/391]	Time 0.117 (0.096)	Loss 0.5579 (0.6180)	Prec @1 0.8125 (0.7857)	
Epoch: [15][170/391]	Time 0.088 (0.095)	Loss 0.5886 (0.6166)	Prec @1 0.7969 (0.7857)	
Epoch: [15][180/391]	Time 0.116 (0.096)	Loss 0.6565 (0.6149)	Prec @1 0.7344 (0.7861)	
Epoch: [15][190/391]	Time 0.103 (0.095)	Loss 0.5833 (0.6118)	Prec @1 0.7969 (0.7869)	
Epoch: [15][200/391]	Time 0.106 (0.095)	Loss 0.5514 (0.6099)	Prec @1 0.7969 (0.7874)	
Epoch: [15][210/391]	Time 0.086 (0.095)	Loss 0.5866 (0.6103)	Prec @1 0.7969 (0.7872)	
Epoch: [15][220/391]	Time 0.080 (0.095)	Loss 0.5922 (0.6088)	Prec @1 0.7734 (0.7874)	
Epoch: [15][230/391]	Time 0.084 (0.095)	Loss 0.7927 (0.6100)	Prec @1 0.6953 (0.7873)	
Epoch: [15][240/391]	Time 0.088 (0.095)	Loss 0.7495 (0.6095)	Prec @1 0.7656 (0.7874)	
Epoch: [15][250/391]	Time 0.104 (0.094)	Loss 0.4429 (0.6090)	Prec @1 0.8438 (0.7879)	
Epoch: [15][260/391]	Time 0.100 (0.095)	Loss 0.4819 (0.6084)	Prec @1 0.8516 (0.7886)	
Epoch: [15][270/391]	Time 0.086 (0.095)	Loss 0.7487 (0.6093)	Prec @1 0.7266 (0.7881)	
Epoch: [15][280/391]	Time 0.081 (0.095)	Loss 0.7005 (0.6102)	Prec @1 0.7344 (0.7873)	
Epoch: [15][290/391]	Time 0.085 (0.095)	Loss 0.5624 (0.6088)	Prec @1 0.8438 (0.7882)	
Epoch: [15][300/391]	Time 0.091 (0.095)	Loss 0.4599 (0.6090)	Prec @1 0.8203 (0.7884)	
Epoch: [15][310/391]	Time 0.101 (0.095)	Loss 0.6501 (0.6076)	Prec @1 0.7969 (0.7890)	
Epoch: [15][320/391]	Time 0.111 (0.095)	Loss 0.6047 (0.6065)	Prec @1 0.7812 (0.7894)	
Epoch: [15][330/391]	Time 0.091 (0.095)	Loss 0.6736 (0.6057)	Prec @1 0.7891 (0.7900)	
Epoch: [15][340/391]	Time 0.095 (0.095)	Loss 0.5932 (0.6057)	Prec @1 0.7734 (0.7896)	
Epoch: [15][350/391]	Time 0.103 (0.095)	Loss 0.7638 (0.6060)	Prec @1 0.7109 (0.7897)	
Epoch: [15][360/391]	Time 0.100 (0.095)	Loss 0.5428 (0.6054)	Prec @1 0.8203 (0.7901)	
Epoch: [15][370/391]	Time 0.079 (0.095)	Loss 0.5449 (0.6053)	Prec @1 0.8203 (0.7903)	
Epoch: [15][380/391]	Time 0.089 (0.095)	Loss 0.5068 (0.6045)	Prec @1 0.8125 (0.7906)	
Epoch: [15][390/391]	Time 0.061 (0.094)	Loss 0.4228 (0.6038)	Prec @1 0.9000 (0.7910)	
Epoch: [15][0/100]	Time 0.038 (0.038)	
Epoch: [15][10/100]	Time 0.033 (0.034)	
Epoch: [15][20/100]	Time 0.030 (0.032)	
Epoch: [15][30/100]	Time 0.030 (0.031)	
Epoch: [15][40/100]	Time 0.029 (0.030)	
Epoch: [15][50/100]	Time 0.031 (0.030)	
Epoch: [15][60/100]	Time 0.036 (0.030)	
Epoch: [15][70/100]	Time 0.024 (0.030)	
Epoch: [15][80/100]	Time 0.032 (0.030)	
Epoch: [15][90/100]	Time 0.028 (0.030)	
Accuracy of Class 0: 0.8210
Accuracy of Class 1: 0.9120
Accuracy of Class 2: 0.7260
Accuracy of Class 3: 0.6430
Accuracy of Class 4: 0.8030
Accuracy of Class 5: 0.7520
Accuracy of Class 6: 0.8710
Accuracy of Class 7: 0.8340
Accuracy of Class 8: 0.8890
Accuracy of Class 9: 0.8970
* Prec @1: 0.8148
Epoch: [16][0/391]	Time 0.090 (0.090)	Loss 0.7362 (0.7362)	Prec @1 0.7656 (0.7656)	
Epoch: [16][10/391]	Time 0.096 (0.089)	Loss 0.6890 (0.6266)	Prec @1 0.7500 (0.7884)	
Epoch: [16][20/391]	Time 0.116 (0.091)	Loss 0.5873 (0.6112)	Prec @1 0.7656 (0.7868)	
Epoch: [16][30/391]	Time 0.090 (0.092)	Loss 0.5902 (0.6013)	Prec @1 0.7812 (0.7908)	
Epoch: [16][40/391]	Time 0.104 (0.092)	Loss 0.6732 (0.6080)	Prec @1 0.7422 (0.7896)	
Epoch: [16][50/391]	Time 0.088 (0.092)	Loss 0.4856 (0.5968)	Prec @1 0.8359 (0.7952)	
Epoch: [16][60/391]	Time 0.095 (0.092)	Loss 0.5211 (0.5995)	Prec @1 0.8125 (0.7918)	
Epoch: [16][70/391]	Time 0.111 (0.091)	Loss 0.5200 (0.6007)	Prec @1 0.7969 (0.7916)	
Epoch: [16][80/391]	Time 0.097 (0.091)	Loss 0.6808 (0.6026)	Prec @1 0.7891 (0.7898)	
Epoch: [16][90/391]	Time 0.079 (0.091)	Loss 0.6297 (0.6080)	Prec @1 0.7656 (0.7890)	
Epoch: [16][100/391]	Time 0.097 (0.092)	Loss 0.5567 (0.6048)	Prec @1 0.8125 (0.7912)	
Epoch: [16][110/391]	Time 0.097 (0.091)	Loss 0.4727 (0.5999)	Prec @1 0.8281 (0.7935)	
Epoch: [16][120/391]	Time 0.082 (0.091)	Loss 0.6967 (0.5980)	Prec @1 0.7656 (0.7941)	
Epoch: [16][130/391]	Time 0.095 (0.091)	Loss 0.5370 (0.5954)	Prec @1 0.8203 (0.7949)	
Epoch: [16][140/391]	Time 0.082 (0.090)	Loss 0.6427 (0.5949)	Prec @1 0.7969 (0.7957)	
Epoch: [16][150/391]	Time 0.095 (0.090)	Loss 0.6422 (0.5930)	Prec @1 0.7812 (0.7960)	
Epoch: [16][160/391]	Time 0.117 (0.090)	Loss 0.6450 (0.5934)	Prec @1 0.7812 (0.7955)	
Epoch: [16][170/391]	Time 0.086 (0.090)	Loss 0.6915 (0.5908)	Prec @1 0.7812 (0.7970)	
Epoch: [16][180/391]	Time 0.090 (0.090)	Loss 0.7088 (0.5896)	Prec @1 0.7266 (0.7968)	
Epoch: [16][190/391]	Time 0.100 (0.090)	Loss 0.7245 (0.5894)	Prec @1 0.7578 (0.7970)	
Epoch: [16][200/391]	Time 0.077 (0.090)	Loss 0.6302 (0.5887)	Prec @1 0.7734 (0.7974)	
Epoch: [16][210/391]	Time 0.076 (0.090)	Loss 0.5752 (0.5882)	Prec @1 0.8438 (0.7977)	
Epoch: [16][220/391]	Time 0.084 (0.090)	Loss 0.5790 (0.5866)	Prec @1 0.7812 (0.7981)	
Epoch: [16][230/391]	Time 0.094 (0.090)	Loss 0.7950 (0.5883)	Prec @1 0.7266 (0.7975)	
Epoch: [16][240/391]	Time 0.099 (0.090)	Loss 0.5611 (0.5894)	Prec @1 0.7812 (0.7972)	
Epoch: [16][250/391]	Time 0.094 (0.090)	Loss 0.6454 (0.5890)	Prec @1 0.7969 (0.7978)	
Epoch: [16][260/391]	Time 0.081 (0.090)	Loss 0.5786 (0.5877)	Prec @1 0.7969 (0.7984)	
Epoch: [16][270/391]	Time 0.094 (0.090)	Loss 0.6303 (0.5887)	Prec @1 0.8125 (0.7977)	
Epoch: [16][280/391]	Time 0.075 (0.090)	Loss 0.4748 (0.5893)	Prec @1 0.8594 (0.7979)	
Epoch: [16][290/391]	Time 0.093 (0.090)	Loss 0.7837 (0.5897)	Prec @1 0.7578 (0.7980)	
Epoch: [16][300/391]	Time 0.089 (0.090)	Loss 0.5316 (0.5898)	Prec @1 0.8281 (0.7982)	
Epoch: [16][310/391]	Time 0.080 (0.090)	Loss 0.6374 (0.5908)	Prec @1 0.8047 (0.7980)	
Epoch: [16][320/391]	Time 0.080 (0.090)	Loss 0.5081 (0.5915)	Prec @1 0.8516 (0.7979)	
Epoch: [16][330/391]	Time 0.098 (0.090)	Loss 0.4972 (0.5915)	Prec @1 0.8203 (0.7980)	
Epoch: [16][340/391]	Time 0.085 (0.090)	Loss 0.6015 (0.5928)	Prec @1 0.7656 (0.7976)	
Epoch: [16][350/391]	Time 0.097 (0.090)	Loss 0.4108 (0.5921)	Prec @1 0.8516 (0.7980)	
Epoch: [16][360/391]	Time 0.086 (0.090)	Loss 0.5746 (0.5916)	Prec @1 0.7656 (0.7979)	
Epoch: [16][370/391]	Time 0.087 (0.090)	Loss 0.6268 (0.5915)	Prec @1 0.7734 (0.7978)	
Epoch: [16][380/391]	Time 0.099 (0.090)	Loss 0.5248 (0.5919)	Prec @1 0.8281 (0.7977)	
Epoch: [16][390/391]	Time 0.057 (0.091)	Loss 0.4402 (0.5913)	Prec @1 0.8375 (0.7980)	
Epoch: [16][0/100]	Time 0.052 (0.052)	
Epoch: [16][10/100]	Time 0.020 (0.030)	
Epoch: [16][20/100]	Time 0.020 (0.030)	
Epoch: [16][30/100]	Time 0.027 (0.030)	
Epoch: [16][40/100]	Time 0.026 (0.033)	
Epoch: [16][50/100]	Time 0.032 (0.032)	
Epoch: [16][60/100]	Time 0.030 (0.032)	
Epoch: [16][70/100]	Time 0.028 (0.031)	
Epoch: [16][80/100]	Time 0.017 (0.031)	
Epoch: [16][90/100]	Time 0.022 (0.031)	
Accuracy of Class 0: 0.8280
Accuracy of Class 1: 0.9220
Accuracy of Class 2: 0.7110
Accuracy of Class 3: 0.6470
Accuracy of Class 4: 0.8200
Accuracy of Class 5: 0.7480
Accuracy of Class 6: 0.8570
Accuracy of Class 7: 0.8480
Accuracy of Class 8: 0.8820
Accuracy of Class 9: 0.8970
* Prec @1: 0.8160
Epoch: [17][0/391]	Time 0.095 (0.095)	Loss 0.5623 (0.5623)	Prec @1 0.8125 (0.8125)	
Epoch: [17][10/391]	Time 0.115 (0.098)	Loss 0.4885 (0.5808)	Prec @1 0.8281 (0.7947)	
Epoch: [17][20/391]	Time 0.096 (0.094)	Loss 0.5659 (0.5868)	Prec @1 0.8281 (0.7935)	
Epoch: [17][30/391]	Time 0.095 (0.094)	Loss 0.5184 (0.5736)	Prec @1 0.8281 (0.7996)	
Epoch: [17][40/391]	Time 0.081 (0.092)	Loss 0.6078 (0.5743)	Prec @1 0.8047 (0.8007)	
Epoch: [17][50/391]	Time 0.119 (0.093)	Loss 0.4773 (0.5682)	Prec @1 0.8125 (0.8024)	
Epoch: [17][60/391]	Time 0.085 (0.095)	Loss 0.5661 (0.5735)	Prec @1 0.8047 (0.8023)	
Epoch: [17][70/391]	Time 0.084 (0.094)	Loss 0.7033 (0.5751)	Prec @1 0.7656 (0.8036)	
Epoch: [17][80/391]	Time 0.103 (0.095)	Loss 0.5726 (0.5808)	Prec @1 0.7656 (0.8010)	
Epoch: [17][90/391]	Time 0.112 (0.096)	Loss 0.6890 (0.5824)	Prec @1 0.7734 (0.8000)	
Epoch: [17][100/391]	Time 0.100 (0.097)	Loss 0.4778 (0.5821)	Prec @1 0.8203 (0.7987)	
Epoch: [17][110/391]	Time 0.099 (0.097)	Loss 0.5979 (0.5812)	Prec @1 0.8047 (0.7995)	
Epoch: [17][120/391]	Time 0.086 (0.097)	Loss 0.6353 (0.5815)	Prec @1 0.8125 (0.7992)	
Epoch: [17][130/391]	Time 0.112 (0.098)	Loss 0.5577 (0.5773)	Prec @1 0.8203 (0.8008)	
Epoch: [17][140/391]	Time 0.127 (0.099)	Loss 0.5769 (0.5806)	Prec @1 0.8047 (0.8002)	
Epoch: [17][150/391]	Time 0.104 (0.099)	Loss 0.6079 (0.5806)	Prec @1 0.8047 (0.8004)	
Epoch: [17][160/391]	Time 0.095 (0.099)	Loss 0.6357 (0.5800)	Prec @1 0.8125 (0.8002)	
Epoch: [17][170/391]	Time 0.097 (0.099)	Loss 0.6428 (0.5791)	Prec @1 0.7734 (0.7997)	
Epoch: [17][180/391]	Time 0.095 (0.099)	Loss 0.5700 (0.5797)	Prec @1 0.7891 (0.7997)	
Epoch: [17][190/391]	Time 0.113 (0.099)	Loss 0.4648 (0.5822)	Prec @1 0.8828 (0.7988)	
Epoch: [17][200/391]	Time 0.110 (0.099)	Loss 0.6023 (0.5827)	Prec @1 0.7891 (0.7979)	
Epoch: [17][210/391]	Time 0.119 (0.100)	Loss 0.5552 (0.5844)	Prec @1 0.8047 (0.7976)	
Epoch: [17][220/391]	Time 0.097 (0.100)	Loss 0.7626 (0.5841)	Prec @1 0.7500 (0.7976)	
Epoch: [17][230/391]	Time 0.117 (0.101)	Loss 0.6581 (0.5835)	Prec @1 0.7734 (0.7973)	
Epoch: [17][240/391]	Time 0.096 (0.101)	Loss 0.6240 (0.5835)	Prec @1 0.7812 (0.7976)	
Epoch: [17][250/391]	Time 0.095 (0.101)	Loss 0.5890 (0.5823)	Prec @1 0.7812 (0.7982)	
Epoch: [17][260/391]	Time 0.100 (0.101)	Loss 0.6877 (0.5834)	Prec @1 0.7734 (0.7978)	
Epoch: [17][270/391]	Time 0.087 (0.101)	Loss 0.5709 (0.5831)	Prec @1 0.8047 (0.7981)	
Epoch: [17][280/391]	Time 0.078 (0.100)	Loss 0.5250 (0.5832)	Prec @1 0.7734 (0.7981)	
Epoch: [17][290/391]	Time 0.097 (0.100)	Loss 0.8065 (0.5845)	Prec @1 0.7031 (0.7981)	
Epoch: [17][300/391]	Time 0.096 (0.099)	Loss 0.4906 (0.5827)	Prec @1 0.8281 (0.7989)	
Epoch: [17][310/391]	Time 0.095 (0.100)	Loss 0.6493 (0.5838)	Prec @1 0.7578 (0.7986)	
Epoch: [17][320/391]	Time 0.095 (0.100)	Loss 0.5979 (0.5845)	Prec @1 0.8281 (0.7981)	
Epoch: [17][330/391]	Time 0.096 (0.100)	Loss 0.5597 (0.5846)	Prec @1 0.7734 (0.7979)	
Epoch: [17][340/391]	Time 0.099 (0.099)	Loss 0.6759 (0.5848)	Prec @1 0.7812 (0.7980)	
Epoch: [17][350/391]	Time 0.099 (0.099)	Loss 0.6906 (0.5853)	Prec @1 0.7656 (0.7979)	
Epoch: [17][360/391]	Time 0.108 (0.099)	Loss 0.5926 (0.5844)	Prec @1 0.7891 (0.7982)	
Epoch: [17][370/391]	Time 0.109 (0.099)	Loss 0.7329 (0.5837)	Prec @1 0.7344 (0.7984)	
Epoch: [17][380/391]	Time 0.111 (0.099)	Loss 0.5409 (0.5838)	Prec @1 0.7969 (0.7988)	
Epoch: [17][390/391]	Time 0.068 (0.099)	Loss 0.6473 (0.5849)	Prec @1 0.7875 (0.7985)	
Epoch: [17][0/100]	Time 0.033 (0.033)	
Epoch: [17][10/100]	Time 0.029 (0.033)	
Epoch: [17][20/100]	Time 0.031 (0.031)	
Epoch: [17][30/100]	Time 0.032 (0.030)	
Epoch: [17][40/100]	Time 0.021 (0.030)	
Epoch: [17][50/100]	Time 0.027 (0.029)	
Epoch: [17][60/100]	Time 0.034 (0.029)	
Epoch: [17][70/100]	Time 0.034 (0.030)	
Epoch: [17][80/100]	Time 0.029 (0.030)	
Epoch: [17][90/100]	Time 0.037 (0.030)	
Accuracy of Class 0: 0.8360
Accuracy of Class 1: 0.9280
Accuracy of Class 2: 0.7240
Accuracy of Class 3: 0.6280
Accuracy of Class 4: 0.8050
Accuracy of Class 5: 0.7630
Accuracy of Class 6: 0.8820
Accuracy of Class 7: 0.8440
Accuracy of Class 8: 0.8860
Accuracy of Class 9: 0.8760
* Prec @1: 0.8172
Epoch: [18][0/391]	Time 0.084 (0.084)	Loss 0.6319 (0.6319)	Prec @1 0.7344 (0.7344)	
Epoch: [18][10/391]	Time 0.076 (0.094)	Loss 0.6897 (0.6338)	Prec @1 0.7656 (0.7720)	
Epoch: [18][20/391]	Time 0.079 (0.092)	Loss 0.5824 (0.5977)	Prec @1 0.7969 (0.7868)	
Epoch: [18][30/391]	Time 0.100 (0.093)	Loss 0.6251 (0.5906)	Prec @1 0.8047 (0.7906)	
Epoch: [18][40/391]	Time 0.084 (0.092)	Loss 0.4777 (0.5901)	Prec @1 0.8594 (0.7917)	
Epoch: [18][50/391]	Time 0.085 (0.092)	Loss 0.6173 (0.5844)	Prec @1 0.7891 (0.7950)	
Epoch: [18][60/391]	Time 0.104 (0.093)	Loss 0.6957 (0.5921)	Prec @1 0.7891 (0.7948)	
Epoch: [18][70/391]	Time 0.089 (0.092)	Loss 0.4553 (0.5879)	Prec @1 0.8281 (0.7953)	
Epoch: [18][80/391]	Time 0.085 (0.093)	Loss 0.6367 (0.5887)	Prec @1 0.7578 (0.7968)	
Epoch: [18][90/391]	Time 0.088 (0.093)	Loss 0.5081 (0.5856)	Prec @1 0.8203 (0.7977)	
Epoch: [18][100/391]	Time 0.095 (0.094)	Loss 0.5118 (0.5839)	Prec @1 0.8125 (0.7974)	
Epoch: [18][110/391]	Time 0.080 (0.094)	Loss 0.4252 (0.5814)	Prec @1 0.8516 (0.7976)	
Epoch: [18][120/391]	Time 0.103 (0.094)	Loss 0.5899 (0.5808)	Prec @1 0.8203 (0.7987)	
Epoch: [18][130/391]	Time 0.105 (0.094)	Loss 0.6388 (0.5798)	Prec @1 0.7656 (0.7992)	
Epoch: [18][140/391]	Time 0.104 (0.095)	Loss 0.5411 (0.5805)	Prec @1 0.8281 (0.7990)	
Epoch: [18][150/391]	Time 0.083 (0.096)	Loss 0.4658 (0.5804)	Prec @1 0.8359 (0.7989)	
Epoch: [18][160/391]	Time 0.104 (0.096)	Loss 0.6179 (0.5805)	Prec @1 0.7500 (0.7989)	
Epoch: [18][170/391]	Time 0.099 (0.096)	Loss 0.4962 (0.5761)	Prec @1 0.8203 (0.8004)	
Epoch: [18][180/391]	Time 0.084 (0.096)	Loss 0.5948 (0.5749)	Prec @1 0.8281 (0.8010)	
Epoch: [18][190/391]	Time 0.088 (0.096)	Loss 0.5205 (0.5750)	Prec @1 0.8203 (0.8001)	
Epoch: [18][200/391]	Time 0.077 (0.095)	Loss 0.4784 (0.5759)	Prec @1 0.8438 (0.8006)	
Epoch: [18][210/391]	Time 0.093 (0.095)	Loss 0.5665 (0.5768)	Prec @1 0.7812 (0.8004)	
Epoch: [18][220/391]	Time 0.106 (0.095)	Loss 0.6500 (0.5791)	Prec @1 0.7578 (0.7992)	
Epoch: [18][230/391]	Time 0.106 (0.095)	Loss 0.5922 (0.5790)	Prec @1 0.7891 (0.7995)	
Epoch: [18][240/391]	Time 0.126 (0.096)	Loss 0.5883 (0.5779)	Prec @1 0.7969 (0.7998)	
Epoch: [18][250/391]	Time 0.097 (0.097)	Loss 0.4711 (0.5776)	Prec @1 0.8594 (0.7997)	
Epoch: [18][260/391]	Time 0.111 (0.097)	Loss 0.5768 (0.5786)	Prec @1 0.8047 (0.7989)	
Epoch: [18][270/391]	Time 0.095 (0.097)	Loss 0.7595 (0.5794)	Prec @1 0.6953 (0.7985)	
Epoch: [18][280/391]	Time 0.096 (0.097)	Loss 0.4616 (0.5799)	Prec @1 0.8438 (0.7982)	
Epoch: [18][290/391]	Time 0.087 (0.096)	Loss 0.5463 (0.5790)	Prec @1 0.8125 (0.7989)	
Epoch: [18][300/391]	Time 0.117 (0.096)	Loss 0.6338 (0.5798)	Prec @1 0.8125 (0.7988)	
Epoch: [18][310/391]	Time 0.078 (0.096)	Loss 0.6468 (0.5789)	Prec @1 0.8047 (0.7996)	
Epoch: [18][320/391]	Time 0.091 (0.096)	Loss 0.4466 (0.5777)	Prec @1 0.8359 (0.8000)	
Epoch: [18][330/391]	Time 0.086 (0.096)	Loss 0.5539 (0.5767)	Prec @1 0.7969 (0.8005)	
Epoch: [18][340/391]	Time 0.082 (0.096)	Loss 0.5951 (0.5757)	Prec @1 0.8125 (0.8008)	
Epoch: [18][350/391]	Time 0.095 (0.096)	Loss 0.6293 (0.5752)	Prec @1 0.7656 (0.8011)	
Epoch: [18][360/391]	Time 0.097 (0.096)	Loss 0.7301 (0.5761)	Prec @1 0.7500 (0.8009)	
Epoch: [18][370/391]	Time 0.087 (0.096)	Loss 0.4342 (0.5759)	Prec @1 0.8359 (0.8007)	
Epoch: [18][380/391]	Time 0.100 (0.096)	Loss 0.4357 (0.5772)	Prec @1 0.8438 (0.8005)	
Epoch: [18][390/391]	Time 0.063 (0.096)	Loss 0.3556 (0.5768)	Prec @1 0.8750 (0.8004)	
Epoch: [18][0/100]	Time 0.035 (0.035)	
Epoch: [18][10/100]	Time 0.032 (0.031)	
Epoch: [18][20/100]	Time 0.032 (0.035)	
Epoch: [18][30/100]	Time 0.042 (0.038)	
Epoch: [18][40/100]	Time 0.033 (0.037)	
Epoch: [18][50/100]	Time 0.040 (0.038)	
Epoch: [18][60/100]	Time 0.037 (0.038)	
Epoch: [18][70/100]	Time 0.043 (0.038)	
Epoch: [18][80/100]	Time 0.044 (0.039)	
Epoch: [18][90/100]	Time 0.042 (0.039)	
Accuracy of Class 0: 0.7970
Accuracy of Class 1: 0.9090
Accuracy of Class 2: 0.7240
Accuracy of Class 3: 0.5940
Accuracy of Class 4: 0.8400
Accuracy of Class 5: 0.7800
Accuracy of Class 6: 0.8810
Accuracy of Class 7: 0.8240
Accuracy of Class 8: 0.9150
Accuracy of Class 9: 0.9010
* Prec @1: 0.8165
Epoch: [19][0/391]	Time 0.097 (0.097)	Loss 0.4760 (0.4760)	Prec @1 0.8516 (0.8516)	
Epoch: [19][10/391]	Time 0.108 (0.098)	Loss 0.6754 (0.5844)	Prec @1 0.7500 (0.7990)	
Epoch: [19][20/391]	Time 0.084 (0.094)	Loss 0.5799 (0.6123)	Prec @1 0.8203 (0.7872)	
Epoch: [19][30/391]	Time 0.093 (0.095)	Loss 0.5281 (0.5954)	Prec @1 0.8281 (0.7969)	
Epoch: [19][40/391]	Time 0.097 (0.095)	Loss 0.4845 (0.5871)	Prec @1 0.8594 (0.7988)	
Epoch: [19][50/391]	Time 0.106 (0.097)	Loss 0.4934 (0.5810)	Prec @1 0.7891 (0.7976)	
Epoch: [19][60/391]	Time 0.104 (0.097)	Loss 0.6025 (0.5778)	Prec @1 0.8125 (0.7979)	
Epoch: [19][70/391]	Time 0.085 (0.096)	Loss 0.7196 (0.5782)	Prec @1 0.7422 (0.7975)	
Epoch: [19][80/391]	Time 0.082 (0.095)	Loss 0.6385 (0.5795)	Prec @1 0.7500 (0.7972)	
Epoch: [19][90/391]	Time 0.110 (0.094)	Loss 0.5468 (0.5787)	Prec @1 0.8359 (0.7985)	
Epoch: [19][100/391]	Time 0.088 (0.094)	Loss 0.4812 (0.5776)	Prec @1 0.8438 (0.7990)	
Epoch: [19][110/391]	Time 0.095 (0.093)	Loss 0.4642 (0.5773)	Prec @1 0.8281 (0.7995)	
Epoch: [19][120/391]	Time 0.082 (0.093)	Loss 0.5956 (0.5810)	Prec @1 0.7969 (0.7982)	
Epoch: [19][130/391]	Time 0.145 (0.097)	Loss 0.6325 (0.5796)	Prec @1 0.7500 (0.7986)	
Epoch: [19][140/391]	Time 0.115 (0.098)	Loss 0.5042 (0.5816)	Prec @1 0.8125 (0.7983)	
Epoch: [19][150/391]	Time 0.108 (0.099)	Loss 0.6562 (0.5818)	Prec @1 0.7656 (0.7983)	
Epoch: [19][160/391]	Time 0.105 (0.099)	Loss 0.5433 (0.5809)	Prec @1 0.8047 (0.7983)	
Epoch: [19][170/391]	Time 0.141 (0.100)	Loss 0.5097 (0.5805)	Prec @1 0.8203 (0.7985)	
Epoch: [19][180/391]	Time 0.097 (0.101)	Loss 0.4082 (0.5785)	Prec @1 0.8594 (0.7996)	
Epoch: [19][190/391]	Time 0.097 (0.102)	Loss 0.6757 (0.5797)	Prec @1 0.7656 (0.7987)	
Epoch: [19][200/391]	Time 0.107 (0.102)	Loss 0.5673 (0.5784)	Prec @1 0.8125 (0.7990)	
Epoch: [19][210/391]	Time 0.084 (0.102)	Loss 0.7031 (0.5789)	Prec @1 0.7891 (0.7990)	
Epoch: [19][220/391]	Time 0.095 (0.101)	Loss 0.6162 (0.5802)	Prec @1 0.7969 (0.7988)	
Epoch: [19][230/391]	Time 0.114 (0.101)	Loss 0.5058 (0.5791)	Prec @1 0.8516 (0.7994)	
Epoch: [19][240/391]	Time 0.107 (0.101)	Loss 0.4897 (0.5785)	Prec @1 0.7891 (0.7992)	
Epoch: [19][250/391]	Time 0.159 (0.103)	Loss 0.6140 (0.5812)	Prec @1 0.7812 (0.7985)	
Epoch: [19][260/391]	Time 0.092 (0.103)	Loss 0.5416 (0.5797)	Prec @1 0.7734 (0.7990)	
Epoch: [19][270/391]	Time 0.095 (0.103)	Loss 0.5125 (0.5793)	Prec @1 0.7812 (0.7985)	
Epoch: [19][280/391]	Time 0.120 (0.102)	Loss 0.4979 (0.5785)	Prec @1 0.8672 (0.7985)	
Epoch: [19][290/391]	Time 0.137 (0.103)	Loss 0.5675 (0.5776)	Prec @1 0.7891 (0.7988)	
Epoch: [19][300/391]	Time 0.107 (0.104)	Loss 0.5856 (0.5773)	Prec @1 0.7969 (0.7989)	
Epoch: [19][310/391]	Time 0.087 (0.104)	Loss 0.6717 (0.5772)	Prec @1 0.7422 (0.7993)	
Epoch: [19][320/391]	Time 0.113 (0.104)	Loss 0.7023 (0.5764)	Prec @1 0.7422 (0.7995)	
Epoch: [19][330/391]	Time 0.133 (0.104)	Loss 0.6447 (0.5762)	Prec @1 0.7891 (0.7998)	
Epoch: [19][340/391]	Time 0.100 (0.104)	Loss 0.6629 (0.5768)	Prec @1 0.7500 (0.7994)	
Epoch: [19][350/391]	Time 0.105 (0.104)	Loss 0.5790 (0.5766)	Prec @1 0.7578 (0.7991)	
Epoch: [19][360/391]	Time 0.108 (0.104)	Loss 0.4759 (0.5759)	Prec @1 0.8750 (0.7994)	
Epoch: [19][370/391]	Time 0.087 (0.104)	Loss 0.5420 (0.5760)	Prec @1 0.8125 (0.7996)	
Epoch: [19][380/391]	Time 0.106 (0.104)	Loss 0.6054 (0.5750)	Prec @1 0.8203 (0.8000)	
Epoch: [19][390/391]	Time 0.064 (0.104)	Loss 0.4324 (0.5746)	Prec @1 0.8625 (0.8001)	
Epoch: [19][0/100]	Time 0.024 (0.024)	
Epoch: [19][10/100]	Time 0.030 (0.032)	
Epoch: [19][20/100]	Time 0.021 (0.031)	
Epoch: [19][30/100]	Time 0.029 (0.031)	
Epoch: [19][40/100]	Time 0.032 (0.031)	
Epoch: [19][50/100]	Time 0.032 (0.031)	
Epoch: [19][60/100]	Time 0.036 (0.033)	
Epoch: [19][70/100]	Time 0.033 (0.034)	
Epoch: [19][80/100]	Time 0.042 (0.034)	
Epoch: [19][90/100]	Time 0.044 (0.035)	
Accuracy of Class 0: 0.8360
Accuracy of Class 1: 0.9100
Accuracy of Class 2: 0.7180
Accuracy of Class 3: 0.6390
Accuracy of Class 4: 0.8110
Accuracy of Class 5: 0.7620
Accuracy of Class 6: 0.8640
Accuracy of Class 7: 0.8560
Accuracy of Class 8: 0.8910
Accuracy of Class 9: 0.9110
* Prec @1: 0.8198
Epoch: [20][0/391]	Time 0.118 (0.118)	Loss 0.4468 (0.4468)	Prec @1 0.8516 (0.8516)	
Epoch: [20][10/391]	Time 0.087 (0.098)	Loss 0.5498 (0.5497)	Prec @1 0.8281 (0.8253)	
Epoch: [20][20/391]	Time 0.110 (0.098)	Loss 0.5584 (0.5647)	Prec @1 0.8047 (0.8110)	
Epoch: [20][30/391]	Time 0.147 (0.114)	Loss 0.5836 (0.5684)	Prec @1 0.7891 (0.8047)	
Epoch: [20][40/391]	Time 0.081 (0.111)	Loss 0.7076 (0.5662)	Prec @1 0.7500 (0.8047)	
Epoch: [20][50/391]	Time 0.095 (0.110)	Loss 0.5767 (0.5625)	Prec @1 0.8125 (0.8078)	
Epoch: [20][60/391]	Time 0.084 (0.108)	Loss 0.5506 (0.5701)	Prec @1 0.8203 (0.8057)	
Epoch: [20][70/391]	Time 0.136 (0.109)	Loss 0.5563 (0.5711)	Prec @1 0.7891 (0.8053)	
Epoch: [20][80/391]	Time 0.091 (0.109)	Loss 0.5896 (0.5727)	Prec @1 0.7578 (0.8033)	
Epoch: [20][90/391]	Time 0.100 (0.108)	Loss 0.5600 (0.5706)	Prec @1 0.8047 (0.8036)	
Epoch: [20][100/391]	Time 0.095 (0.107)	Loss 0.6250 (0.5729)	Prec @1 0.7500 (0.8018)	
Epoch: [20][110/391]	Time 0.089 (0.105)	Loss 0.7187 (0.5736)	Prec @1 0.7734 (0.8012)	
Epoch: [20][120/391]	Time 0.095 (0.104)	Loss 0.4306 (0.5710)	Prec @1 0.8750 (0.8025)	
Epoch: [20][130/391]	Time 0.109 (0.103)	Loss 0.6065 (0.5712)	Prec @1 0.8203 (0.8025)	
Epoch: [20][140/391]	Time 0.087 (0.103)	Loss 0.5241 (0.5687)	Prec @1 0.8750 (0.8042)	
Epoch: [20][150/391]	Time 0.083 (0.103)	Loss 0.6547 (0.5680)	Prec @1 0.7656 (0.8048)	
Epoch: [20][160/391]	Time 0.108 (0.102)	Loss 0.5493 (0.5703)	Prec @1 0.8281 (0.8043)	
Epoch: [20][170/391]	Time 0.097 (0.101)	Loss 0.5651 (0.5708)	Prec @1 0.7812 (0.8046)	
Epoch: [20][180/391]	Time 0.100 (0.101)	Loss 0.5310 (0.5706)	Prec @1 0.8516 (0.8051)	
Epoch: [20][190/391]	Time 0.114 (0.101)	Loss 0.5078 (0.5664)	Prec @1 0.8281 (0.8058)	
Epoch: [20][200/391]	Time 0.096 (0.101)	Loss 0.4236 (0.5657)	Prec @1 0.8438 (0.8057)	
Epoch: [20][210/391]	Time 0.099 (0.101)	Loss 0.5037 (0.5653)	Prec @1 0.8594 (0.8061)	
Epoch: [20][220/391]	Time 0.112 (0.101)	Loss 0.4940 (0.5644)	Prec @1 0.8594 (0.8065)	
Epoch: [20][230/391]	Time 0.095 (0.101)	Loss 0.5712 (0.5646)	Prec @1 0.8047 (0.8066)	
Epoch: [20][240/391]	Time 0.085 (0.100)	Loss 0.4466 (0.5617)	Prec @1 0.8750 (0.8074)	
Epoch: [20][250/391]	Time 0.097 (0.100)	Loss 0.5993 (0.5627)	Prec @1 0.7656 (0.8070)	
Epoch: [20][260/391]	Time 0.099 (0.101)	Loss 0.6249 (0.5639)	Prec @1 0.7734 (0.8065)	
Epoch: [20][270/391]	Time 0.095 (0.101)	Loss 0.5370 (0.5625)	Prec @1 0.7891 (0.8065)	
Epoch: [20][280/391]	Time 0.095 (0.100)	Loss 0.4568 (0.5619)	Prec @1 0.8516 (0.8067)	
Epoch: [20][290/391]	Time 0.107 (0.100)	Loss 0.5493 (0.5615)	Prec @1 0.8125 (0.8071)	
Epoch: [20][300/391]	Time 0.086 (0.100)	Loss 0.6901 (0.5617)	Prec @1 0.7734 (0.8069)	
Epoch: [20][310/391]	Time 0.121 (0.101)	Loss 0.6330 (0.5616)	Prec @1 0.7734 (0.8070)	
Epoch: [20][320/391]	Time 0.104 (0.101)	Loss 0.4474 (0.5604)	Prec @1 0.8359 (0.8075)	
Epoch: [20][330/391]	Time 0.085 (0.101)	Loss 0.4954 (0.5605)	Prec @1 0.8359 (0.8073)	
Epoch: [20][340/391]	Time 0.100 (0.101)	Loss 0.4710 (0.5613)	Prec @1 0.8359 (0.8071)	
Epoch: [20][350/391]	Time 0.101 (0.101)	Loss 0.5125 (0.5623)	Prec @1 0.8281 (0.8066)	
Epoch: [20][360/391]	Time 0.101 (0.101)	Loss 0.6750 (0.5619)	Prec @1 0.7812 (0.8069)	
Epoch: [20][370/391]	Time 0.102 (0.101)	Loss 0.6611 (0.5622)	Prec @1 0.7734 (0.8068)	
Epoch: [20][380/391]	Time 0.094 (0.101)	Loss 0.6525 (0.5627)	Prec @1 0.8125 (0.8067)	
Epoch: [20][390/391]	Time 0.072 (0.101)	Loss 0.4123 (0.5627)	Prec @1 0.8625 (0.8069)	
Epoch: [20][0/100]	Time 0.040 (0.040)	
Epoch: [20][10/100]	Time 0.025 (0.031)	
Epoch: [20][20/100]	Time 0.025 (0.029)	
Epoch: [20][30/100]	Time 0.030 (0.030)	
Epoch: [20][40/100]	Time 0.031 (0.029)	
Epoch: [20][50/100]	Time 0.032 (0.029)	
Epoch: [20][60/100]	Time 0.030 (0.029)	
Epoch: [20][70/100]	Time 0.024 (0.029)	
Epoch: [20][80/100]	Time 0.027 (0.029)	
Epoch: [20][90/100]	Time 0.029 (0.029)	
Accuracy of Class 0: 0.8430
Accuracy of Class 1: 0.9220
Accuracy of Class 2: 0.7180
Accuracy of Class 3: 0.6310
Accuracy of Class 4: 0.8250
Accuracy of Class 5: 0.7620
Accuracy of Class 6: 0.8650
Accuracy of Class 7: 0.8480
Accuracy of Class 8: 0.8970
Accuracy of Class 9: 0.8990
* Prec @1: 0.8210
Epoch: [21][0/391]	Time 0.128 (0.128)	Loss 0.5938 (0.5938)	Prec @1 0.8203 (0.8203)	
Epoch: [21][10/391]	Time 0.087 (0.096)	Loss 0.6196 (0.5800)	Prec @1 0.8047 (0.8125)	
Epoch: [21][20/391]	Time 0.089 (0.098)	Loss 0.4810 (0.5686)	Prec @1 0.8203 (0.8092)	
Epoch: [21][30/391]	Time 0.103 (0.097)	Loss 0.5562 (0.5512)	Prec @1 0.8125 (0.8102)	
Epoch: [21][40/391]	Time 0.096 (0.097)	Loss 0.4851 (0.5478)	Prec @1 0.8203 (0.8131)	
Epoch: [21][50/391]	Time 0.096 (0.097)	Loss 0.6079 (0.5531)	Prec @1 0.8203 (0.8131)	
Epoch: [21][60/391]	Time 0.102 (0.098)	Loss 0.6473 (0.5607)	Prec @1 0.7812 (0.8096)	
Epoch: [21][70/391]	Time 0.100 (0.099)	Loss 0.5612 (0.5627)	Prec @1 0.8281 (0.8081)	
Epoch: [21][80/391]	Time 0.099 (0.098)	Loss 0.5068 (0.5644)	Prec @1 0.8594 (0.8080)	
Epoch: [21][90/391]	Time 0.119 (0.098)	Loss 0.6208 (0.5681)	Prec @1 0.8203 (0.8066)	
Epoch: [21][100/391]	Time 0.088 (0.098)	Loss 0.4610 (0.5636)	Prec @1 0.8594 (0.8086)	
Epoch: [21][110/391]	Time 0.099 (0.098)	Loss 0.6025 (0.5635)	Prec @1 0.7812 (0.8085)	
Epoch: [21][120/391]	Time 0.110 (0.098)	Loss 0.4616 (0.5620)	Prec @1 0.8359 (0.8095)	
Epoch: [21][130/391]	Time 0.110 (0.099)	Loss 0.5614 (0.5634)	Prec @1 0.8203 (0.8093)	
Epoch: [21][140/391]	Time 0.096 (0.099)	Loss 0.5398 (0.5622)	Prec @1 0.7734 (0.8088)	
Epoch: [21][150/391]	Time 0.090 (0.098)	Loss 0.5463 (0.5634)	Prec @1 0.8281 (0.8084)	
Epoch: [21][160/391]	Time 0.103 (0.099)	Loss 0.5476 (0.5644)	Prec @1 0.8125 (0.8081)	
Epoch: [21][170/391]	Time 0.095 (0.098)	Loss 0.6751 (0.5651)	Prec @1 0.7891 (0.8079)	
Epoch: [21][180/391]	Time 0.104 (0.098)	Loss 0.5794 (0.5649)	Prec @1 0.7500 (0.8074)	
Epoch: [21][190/391]	Time 0.082 (0.098)	Loss 0.5225 (0.5641)	Prec @1 0.7891 (0.8073)	
Epoch: [21][200/391]	Time 0.094 (0.097)	Loss 0.6072 (0.5640)	Prec @1 0.7656 (0.8074)	
Epoch: [21][210/391]	Time 0.080 (0.097)	Loss 0.5757 (0.5655)	Prec @1 0.7891 (0.8064)	
Epoch: [21][220/391]	Time 0.088 (0.097)	Loss 0.6719 (0.5660)	Prec @1 0.7656 (0.8058)	
Epoch: [21][230/391]	Time 0.087 (0.096)	Loss 0.5042 (0.5658)	Prec @1 0.8047 (0.8058)	
Epoch: [21][240/391]	Time 0.070 (0.096)	Loss 0.5409 (0.5637)	Prec @1 0.8203 (0.8068)	
Epoch: [21][250/391]	Time 0.097 (0.095)	Loss 0.7644 (0.5640)	Prec @1 0.7344 (0.8064)	
Epoch: [21][260/391]	Time 0.108 (0.096)	Loss 0.5803 (0.5623)	Prec @1 0.8203 (0.8071)	
Epoch: [21][270/391]	Time 0.097 (0.096)	Loss 0.5500 (0.5618)	Prec @1 0.7969 (0.8072)	
Epoch: [21][280/391]	Time 0.093 (0.096)	Loss 0.5340 (0.5613)	Prec @1 0.8203 (0.8073)	
Epoch: [21][290/391]	Time 0.079 (0.095)	Loss 0.6312 (0.5618)	Prec @1 0.8125 (0.8070)	
Epoch: [21][300/391]	Time 0.081 (0.095)	Loss 0.6073 (0.5622)	Prec @1 0.7812 (0.8071)	
Epoch: [21][310/391]	Time 0.096 (0.095)	Loss 0.5164 (0.5617)	Prec @1 0.8359 (0.8075)	
Epoch: [21][320/391]	Time 0.119 (0.095)	Loss 0.6378 (0.5613)	Prec @1 0.8125 (0.8075)	
Epoch: [21][330/391]	Time 0.091 (0.096)	Loss 0.5266 (0.5618)	Prec @1 0.8047 (0.8076)	
Epoch: [21][340/391]	Time 0.081 (0.096)	Loss 0.4348 (0.5633)	Prec @1 0.8750 (0.8069)	
Epoch: [21][350/391]	Time 0.091 (0.095)	Loss 0.5736 (0.5631)	Prec @1 0.8359 (0.8073)	
Epoch: [21][360/391]	Time 0.081 (0.095)	Loss 0.4711 (0.5624)	Prec @1 0.8281 (0.8073)	
Epoch: [21][370/391]	Time 0.089 (0.095)	Loss 0.5695 (0.5634)	Prec @1 0.8203 (0.8070)	
Epoch: [21][380/391]	Time 0.082 (0.095)	Loss 0.4253 (0.5634)	Prec @1 0.8359 (0.8065)	
Epoch: [21][390/391]	Time 0.069 (0.095)	Loss 0.3776 (0.5632)	Prec @1 0.8875 (0.8063)	
Epoch: [21][0/100]	Time 0.030 (0.030)	
Epoch: [21][10/100]	Time 0.038 (0.032)	
Epoch: [21][20/100]	Time 0.047 (0.036)	
Epoch: [21][30/100]	Time 0.047 (0.038)	
Epoch: [21][40/100]	Time 0.035 (0.038)	
Epoch: [21][50/100]	Time 0.031 (0.039)	
Epoch: [21][60/100]	Time 0.042 (0.038)	
Epoch: [21][70/100]	Time 0.046 (0.039)	
Epoch: [21][80/100]	Time 0.031 (0.039)	
Epoch: [21][90/100]	Time 0.034 (0.039)	
Accuracy of Class 0: 0.8350
Accuracy of Class 1: 0.9190
Accuracy of Class 2: 0.7180
Accuracy of Class 3: 0.6340
Accuracy of Class 4: 0.8340
Accuracy of Class 5: 0.7660
Accuracy of Class 6: 0.8770
Accuracy of Class 7: 0.8490
Accuracy of Class 8: 0.8950
Accuracy of Class 9: 0.9020
* Prec @1: 0.8229
Epoch: [22][0/391]	Time 0.091 (0.091)	Loss 0.5740 (0.5740)	Prec @1 0.7891 (0.7891)	
Epoch: [22][10/391]	Time 0.084 (0.088)	Loss 0.5845 (0.5363)	Prec @1 0.8125 (0.8161)	
Epoch: [22][20/391]	Time 0.077 (0.090)	Loss 0.6497 (0.5387)	Prec @1 0.7656 (0.8144)	
Epoch: [22][30/391]	Time 0.099 (0.091)	Loss 0.5555 (0.5317)	Prec @1 0.8047 (0.8191)	
Epoch: [22][40/391]	Time 0.114 (0.094)	Loss 0.5733 (0.5398)	Prec @1 0.7969 (0.8144)	
Epoch: [22][50/391]	Time 0.086 (0.094)	Loss 0.5143 (0.5422)	Prec @1 0.8594 (0.8139)	
Epoch: [22][60/391]	Time 0.099 (0.095)	Loss 0.4778 (0.5440)	Prec @1 0.8438 (0.8130)	
Epoch: [22][70/391]	Time 0.082 (0.096)	Loss 0.5517 (0.5399)	Prec @1 0.7891 (0.8132)	
Epoch: [22][80/391]	Time 0.077 (0.097)	Loss 0.6025 (0.5435)	Prec @1 0.7734 (0.8111)	
Epoch: [22][90/391]	Time 0.079 (0.096)	Loss 0.4354 (0.5480)	Prec @1 0.8750 (0.8102)	
Epoch: [22][100/391]	Time 0.099 (0.095)	Loss 0.5509 (0.5498)	Prec @1 0.8281 (0.8096)	
Epoch: [22][110/391]	Time 0.104 (0.096)	Loss 0.4990 (0.5519)	Prec @1 0.8359 (0.8095)	
Epoch: [22][120/391]	Time 0.083 (0.095)	Loss 0.5307 (0.5524)	Prec @1 0.8047 (0.8099)	
Epoch: [22][130/391]	Time 0.095 (0.096)	Loss 0.5838 (0.5520)	Prec @1 0.7734 (0.8108)	
Epoch: [22][140/391]	Time 0.094 (0.095)	Loss 0.6878 (0.5553)	Prec @1 0.7578 (0.8101)	
Epoch: [22][150/391]	Time 0.108 (0.095)	Loss 0.5100 (0.5548)	Prec @1 0.8438 (0.8101)	
Epoch: [22][160/391]	Time 0.091 (0.095)	Loss 0.6673 (0.5557)	Prec @1 0.7500 (0.8105)	
Epoch: [22][170/391]	Time 0.097 (0.095)	Loss 0.7130 (0.5552)	Prec @1 0.7031 (0.8102)	
Epoch: [22][180/391]	Time 0.110 (0.095)	Loss 0.4692 (0.5536)	Prec @1 0.8438 (0.8110)	
Epoch: [22][190/391]	Time 0.105 (0.095)	Loss 0.5753 (0.5540)	Prec @1 0.8047 (0.8114)	
Epoch: [22][200/391]	Time 0.089 (0.095)	Loss 0.6570 (0.5540)	Prec @1 0.7734 (0.8110)	
Epoch: [22][210/391]	Time 0.104 (0.094)	Loss 0.4031 (0.5530)	Prec @1 0.8594 (0.8112)	
Epoch: [22][220/391]	Time 0.106 (0.095)	Loss 0.5114 (0.5527)	Prec @1 0.8438 (0.8113)	
Epoch: [22][230/391]	Time 0.094 (0.095)	Loss 0.6364 (0.5547)	Prec @1 0.7891 (0.8112)	
Epoch: [22][240/391]	Time 0.088 (0.095)	Loss 0.4838 (0.5557)	Prec @1 0.8203 (0.8106)	
Epoch: [22][250/391]	Time 0.109 (0.096)	Loss 0.5645 (0.5560)	Prec @1 0.8047 (0.8101)	
Epoch: [22][260/391]	Time 0.095 (0.096)	Loss 0.5367 (0.5565)	Prec @1 0.8281 (0.8101)	
Epoch: [22][270/391]	Time 0.101 (0.096)	Loss 0.6361 (0.5569)	Prec @1 0.7969 (0.8094)	
Epoch: [22][280/391]	Time 0.085 (0.096)	Loss 0.6159 (0.5581)	Prec @1 0.8203 (0.8092)	
Epoch: [22][290/391]	Time 0.118 (0.096)	Loss 0.6358 (0.5587)	Prec @1 0.7969 (0.8086)	
Epoch: [22][300/391]	Time 0.080 (0.096)	Loss 0.5371 (0.5579)	Prec @1 0.8125 (0.8088)	
Epoch: [22][310/391]	Time 0.091 (0.096)	Loss 0.5582 (0.5582)	Prec @1 0.7812 (0.8087)	
Epoch: [22][320/391]	Time 0.091 (0.096)	Loss 0.6098 (0.5581)	Prec @1 0.7734 (0.8084)	
Epoch: [22][330/391]	Time 0.120 (0.096)	Loss 0.7046 (0.5588)	Prec @1 0.7891 (0.8082)	
Epoch: [22][340/391]	Time 0.123 (0.096)	Loss 0.6198 (0.5590)	Prec @1 0.7812 (0.8083)	
Epoch: [22][350/391]	Time 0.086 (0.096)	Loss 0.4839 (0.5583)	Prec @1 0.8594 (0.8086)	
Epoch: [22][360/391]	Time 0.096 (0.096)	Loss 0.5811 (0.5576)	Prec @1 0.8047 (0.8086)	
Epoch: [22][370/391]	Time 0.086 (0.096)	Loss 0.5691 (0.5579)	Prec @1 0.8125 (0.8086)	
Epoch: [22][380/391]	Time 0.096 (0.096)	Loss 0.5526 (0.5572)	Prec @1 0.8203 (0.8091)	
Epoch: [22][390/391]	Time 0.084 (0.096)	Loss 0.6853 (0.5580)	Prec @1 0.8000 (0.8087)	
Epoch: [22][0/100]	Time 0.045 (0.045)	
Epoch: [22][10/100]	Time 0.031 (0.031)	
Epoch: [22][20/100]	Time 0.036 (0.031)	
Epoch: [22][30/100]	Time 0.028 (0.030)	
Epoch: [22][40/100]	Time 0.021 (0.030)	
Epoch: [22][50/100]	Time 0.040 (0.030)	
Epoch: [22][60/100]	Time 0.016 (0.029)	
Epoch: [22][70/100]	Time 0.030 (0.030)	
Epoch: [22][80/100]	Time 0.021 (0.029)	
Epoch: [22][90/100]	Time 0.040 (0.029)	
Accuracy of Class 0: 0.8480
Accuracy of Class 1: 0.9240
Accuracy of Class 2: 0.7340
Accuracy of Class 3: 0.6340
Accuracy of Class 4: 0.8290
Accuracy of Class 5: 0.7560
Accuracy of Class 6: 0.8660
Accuracy of Class 7: 0.8440
Accuracy of Class 8: 0.8980
Accuracy of Class 9: 0.9000
* Prec @1: 0.8233
Epoch: [23][0/391]	Time 0.084 (0.084)	Loss 0.4250 (0.4250)	Prec @1 0.8438 (0.8438)	
Epoch: [23][10/391]	Time 0.184 (0.134)	Loss 0.4872 (0.5604)	Prec @1 0.8047 (0.7976)	
Epoch: [23][20/391]	Time 0.121 (0.120)	Loss 0.5629 (0.5653)	Prec @1 0.8047 (0.7999)	
Epoch: [23][30/391]	Time 0.132 (0.118)	Loss 0.4706 (0.5621)	Prec @1 0.8203 (0.8029)	
Epoch: [23][40/391]	Time 0.105 (0.115)	Loss 0.5103 (0.5645)	Prec @1 0.8125 (0.8030)	
Epoch: [23][50/391]	Time 0.144 (0.116)	Loss 0.5938 (0.5630)	Prec @1 0.7891 (0.8056)	
Epoch: [23][60/391]	Time 0.118 (0.117)	Loss 0.6127 (0.5650)	Prec @1 0.7969 (0.8048)	
Epoch: [23][70/391]	Time 0.084 (0.115)	Loss 0.5839 (0.5677)	Prec @1 0.8125 (0.8049)	
Epoch: [23][80/391]	Time 0.095 (0.113)	Loss 0.5049 (0.5637)	Prec @1 0.8281 (0.8064)	
Epoch: [23][90/391]	Time 0.100 (0.112)	Loss 0.4528 (0.5580)	Prec @1 0.8438 (0.8087)	
Epoch: [23][100/391]	Time 0.081 (0.109)	Loss 0.6319 (0.5608)	Prec @1 0.7734 (0.8086)	
Epoch: [23][110/391]	Time 0.095 (0.108)	Loss 0.5873 (0.5562)	Prec @1 0.7812 (0.8100)	
Epoch: [23][120/391]	Time 0.098 (0.106)	Loss 0.5776 (0.5580)	Prec @1 0.8125 (0.8097)	
Epoch: [23][130/391]	Time 0.095 (0.105)	Loss 0.5092 (0.5565)	Prec @1 0.8125 (0.8099)	
Epoch: [23][140/391]	Time 0.094 (0.105)	Loss 0.6163 (0.5568)	Prec @1 0.7891 (0.8098)	
Epoch: [23][150/391]	Time 0.084 (0.105)	Loss 0.4986 (0.5582)	Prec @1 0.8516 (0.8089)	
Epoch: [23][160/391]	Time 0.126 (0.104)	Loss 0.4781 (0.5595)	Prec @1 0.8203 (0.8081)	
Epoch: [23][170/391]	Time 0.089 (0.104)	Loss 0.5930 (0.5598)	Prec @1 0.7812 (0.8080)	
Epoch: [23][180/391]	Time 0.090 (0.103)	Loss 0.6064 (0.5603)	Prec @1 0.7969 (0.8077)	
Epoch: [23][190/391]	Time 0.093 (0.103)	Loss 0.5020 (0.5609)	Prec @1 0.8125 (0.8078)	
Epoch: [23][200/391]	Time 0.145 (0.105)	Loss 0.4195 (0.5602)	Prec @1 0.8438 (0.8082)	
Epoch: [23][210/391]	Time 0.092 (0.104)	Loss 0.5370 (0.5600)	Prec @1 0.8359 (0.8082)	
Epoch: [23][220/391]	Time 0.087 (0.104)	Loss 0.4894 (0.5594)	Prec @1 0.8516 (0.8088)	
Epoch: [23][230/391]	Time 0.100 (0.104)	Loss 0.5648 (0.5602)	Prec @1 0.8203 (0.8085)	
Epoch: [23][240/391]	Time 0.131 (0.104)	Loss 0.5278 (0.5593)	Prec @1 0.8438 (0.8085)	
Epoch: [23][250/391]	Time 0.085 (0.105)	Loss 0.5035 (0.5596)	Prec @1 0.8281 (0.8089)	
Epoch: [23][260/391]	Time 0.100 (0.105)	Loss 0.5414 (0.5593)	Prec @1 0.8047 (0.8090)	
Epoch: [23][270/391]	Time 0.089 (0.105)	Loss 0.5719 (0.5582)	Prec @1 0.7969 (0.8092)	
Epoch: [23][280/391]	Time 0.116 (0.104)	Loss 0.4685 (0.5586)	Prec @1 0.8359 (0.8089)	
Epoch: [23][290/391]	Time 0.080 (0.104)	Loss 0.4941 (0.5569)	Prec @1 0.8203 (0.8094)	
Epoch: [23][300/391]	Time 0.082 (0.104)	Loss 0.6864 (0.5574)	Prec @1 0.7578 (0.8091)	
Epoch: [23][310/391]	Time 0.098 (0.104)	Loss 0.5998 (0.5578)	Prec @1 0.8047 (0.8088)	
Epoch: [23][320/391]	Time 0.094 (0.104)	Loss 0.5803 (0.5583)	Prec @1 0.8359 (0.8091)	
Epoch: [23][330/391]	Time 0.117 (0.103)	Loss 0.5444 (0.5587)	Prec @1 0.8047 (0.8088)	
Epoch: [23][340/391]	Time 0.093 (0.103)	Loss 0.5920 (0.5601)	Prec @1 0.7891 (0.8083)	
Epoch: [23][350/391]	Time 0.090 (0.103)	Loss 0.5246 (0.5598)	Prec @1 0.8203 (0.8083)	
Epoch: [23][360/391]	Time 0.105 (0.103)	Loss 0.4997 (0.5599)	Prec @1 0.8203 (0.8085)	
Epoch: [23][370/391]	Time 0.080 (0.102)	Loss 0.5126 (0.5591)	Prec @1 0.8125 (0.8085)	
Epoch: [23][380/391]	Time 0.174 (0.102)	Loss 0.4305 (0.5585)	Prec @1 0.8750 (0.8089)	
Epoch: [23][390/391]	Time 0.057 (0.103)	Loss 0.6026 (0.5581)	Prec @1 0.7875 (0.8091)	
Epoch: [23][0/100]	Time 0.049 (0.049)	
Epoch: [23][10/100]	Time 0.036 (0.037)	
Epoch: [23][20/100]	Time 0.035 (0.035)	
Epoch: [23][30/100]	Time 0.047 (0.035)	
Epoch: [23][40/100]	Time 0.039 (0.036)	
Epoch: [23][50/100]	Time 0.042 (0.037)	
Epoch: [23][60/100]	Time 0.045 (0.038)	
Epoch: [23][70/100]	Time 0.035 (0.038)	
Epoch: [23][80/100]	Time 0.034 (0.039)	
Epoch: [23][90/100]	Time 0.034 (0.039)	
Accuracy of Class 0: 0.8390
Accuracy of Class 1: 0.9200
Accuracy of Class 2: 0.7230
Accuracy of Class 3: 0.6380
Accuracy of Class 4: 0.8240
Accuracy of Class 5: 0.7690
Accuracy of Class 6: 0.8770
Accuracy of Class 7: 0.8520
Accuracy of Class 8: 0.8930
Accuracy of Class 9: 0.9000
* Prec @1: 0.8235
Epoch: [24][0/391]	Time 0.113 (0.113)	Loss 0.6159 (0.6159)	Prec @1 0.8125 (0.8125)	
Epoch: [24][10/391]	Time 0.078 (0.089)	Loss 0.5412 (0.5464)	Prec @1 0.8359 (0.8203)	
Epoch: [24][20/391]	Time 0.095 (0.091)	Loss 0.6132 (0.5442)	Prec @1 0.7969 (0.8151)	
Epoch: [24][30/391]	Time 0.113 (0.093)	Loss 0.4571 (0.5398)	Prec @1 0.8047 (0.8125)	
Epoch: [24][40/391]	Time 0.101 (0.096)	Loss 0.5769 (0.5520)	Prec @1 0.8125 (0.8079)	
Epoch: [24][50/391]	Time 0.083 (0.098)	Loss 0.4882 (0.5582)	Prec @1 0.7891 (0.8039)	
Epoch: [24][60/391]	Time 0.099 (0.097)	Loss 0.5342 (0.5566)	Prec @1 0.8047 (0.8052)	
Epoch: [24][70/391]	Time 0.121 (0.099)	Loss 0.6576 (0.5593)	Prec @1 0.7578 (0.8044)	
Epoch: [24][80/391]	Time 0.102 (0.100)	Loss 0.4572 (0.5596)	Prec @1 0.8594 (0.8049)	
Epoch: [24][90/391]	Time 0.110 (0.101)	Loss 0.5395 (0.5596)	Prec @1 0.7812 (0.8057)	
Epoch: [24][100/391]	Time 0.114 (0.102)	Loss 0.4654 (0.5603)	Prec @1 0.8516 (0.8058)	
Epoch: [24][110/391]	Time 0.100 (0.102)	Loss 0.4388 (0.5582)	Prec @1 0.8516 (0.8057)	
Epoch: [24][120/391]	Time 0.093 (0.102)	Loss 0.4302 (0.5609)	Prec @1 0.8672 (0.8041)	
Epoch: [24][130/391]	Time 0.090 (0.102)	Loss 0.5362 (0.5580)	Prec @1 0.8281 (0.8052)	
Epoch: [24][140/391]	Time 0.082 (0.102)	Loss 0.5896 (0.5566)	Prec @1 0.8281 (0.8064)	
Epoch: [24][150/391]	Time 0.089 (0.101)	Loss 0.7221 (0.5572)	Prec @1 0.7266 (0.8066)	
Epoch: [24][160/391]	Time 0.092 (0.100)	Loss 0.7273 (0.5597)	Prec @1 0.8203 (0.8063)	
Epoch: [24][170/391]	Time 0.085 (0.100)	Loss 0.4978 (0.5612)	Prec @1 0.8359 (0.8058)	
Epoch: [24][180/391]	Time 0.102 (0.100)	Loss 0.5290 (0.5605)	Prec @1 0.8281 (0.8060)	
Epoch: [24][190/391]	Time 0.080 (0.099)	Loss 0.6433 (0.5620)	Prec @1 0.7422 (0.8051)	
Epoch: [24][200/391]	Time 0.092 (0.099)	Loss 0.4782 (0.5614)	Prec @1 0.8359 (0.8051)	
Epoch: [24][210/391]	Time 0.094 (0.099)	Loss 0.8107 (0.5620)	Prec @1 0.7266 (0.8052)	
Epoch: [24][220/391]	Time 0.100 (0.100)	Loss 0.4053 (0.5609)	Prec @1 0.8672 (0.8059)	
Epoch: [24][230/391]	Time 0.114 (0.100)	Loss 0.5731 (0.5622)	Prec @1 0.8125 (0.8056)	
Epoch: [24][240/391]	Time 0.091 (0.100)	Loss 0.5139 (0.5618)	Prec @1 0.8203 (0.8055)	
Epoch: [24][250/391]	Time 0.076 (0.100)	Loss 0.5284 (0.5619)	Prec @1 0.8047 (0.8050)	
Epoch: [24][260/391]	Time 0.125 (0.100)	Loss 0.5766 (0.5600)	Prec @1 0.7969 (0.8062)	
Epoch: [24][270/391]	Time 0.081 (0.099)	Loss 0.6253 (0.5603)	Prec @1 0.7891 (0.8066)	
Epoch: [24][280/391]	Time 0.079 (0.099)	Loss 0.4822 (0.5590)	Prec @1 0.8203 (0.8067)	
Epoch: [24][290/391]	Time 0.094 (0.099)	Loss 0.6780 (0.5581)	Prec @1 0.7734 (0.8070)	
Epoch: [24][300/391]	Time 0.139 (0.100)	Loss 0.4549 (0.5588)	Prec @1 0.8516 (0.8070)	
Epoch: [24][310/391]	Time 0.080 (0.100)	Loss 0.6263 (0.5583)	Prec @1 0.7578 (0.8070)	
Epoch: [24][320/391]	Time 0.081 (0.100)	Loss 0.5540 (0.5591)	Prec @1 0.8281 (0.8069)	
Epoch: [24][330/391]	Time 0.126 (0.100)	Loss 0.4697 (0.5575)	Prec @1 0.8359 (0.8074)	
Epoch: [24][340/391]	Time 0.121 (0.101)	Loss 0.6676 (0.5579)	Prec @1 0.7656 (0.8067)	
Epoch: [24][350/391]	Time 0.101 (0.101)	Loss 0.4237 (0.5569)	Prec @1 0.8203 (0.8071)	
Epoch: [24][360/391]	Time 0.113 (0.101)	Loss 0.4897 (0.5576)	Prec @1 0.8438 (0.8070)	
Epoch: [24][370/391]	Time 0.101 (0.101)	Loss 0.5485 (0.5571)	Prec @1 0.8047 (0.8071)	
Epoch: [24][380/391]	Time 0.120 (0.101)	Loss 0.6636 (0.5574)	Prec @1 0.7422 (0.8073)	
Epoch: [24][390/391]	Time 0.072 (0.101)	Loss 0.5867 (0.5572)	Prec @1 0.7875 (0.8077)	
Epoch: [24][0/100]	Time 0.029 (0.029)	
Epoch: [24][10/100]	Time 0.027 (0.028)	
Epoch: [24][20/100]	Time 0.033 (0.029)	
Epoch: [24][30/100]	Time 0.034 (0.030)	
Epoch: [24][40/100]	Time 0.031 (0.031)	
Epoch: [24][50/100]	Time 0.040 (0.032)	
Epoch: [24][60/100]	Time 0.041 (0.033)	
Epoch: [24][70/100]	Time 0.039 (0.034)	
Epoch: [24][80/100]	Time 0.043 (0.034)	
Epoch: [24][90/100]	Time 0.040 (0.035)	
Accuracy of Class 0: 0.8380
Accuracy of Class 1: 0.9190
Accuracy of Class 2: 0.7120
Accuracy of Class 3: 0.6300
Accuracy of Class 4: 0.8280
Accuracy of Class 5: 0.7670
Accuracy of Class 6: 0.8860
Accuracy of Class 7: 0.8470
Accuracy of Class 8: 0.8950
Accuracy of Class 9: 0.9010
* Prec @1: 0.8223
Best Prec @1 Acccuracy: 0.8235
Accuracy of Class 0: 0.8390
Accuracy of Class 1: 0.9200
Accuracy of Class 2: 0.7230
Accuracy of Class 3: 0.6380
Accuracy of Class 4: 0.8240
Accuracy of Class 5: 0.7690
Accuracy of Class 6: 0.8770
Accuracy of Class 7: 0.8520
Accuracy of Class 8: 0.8930
Accuracy of Class 9: 0.9000
